repository,tool,vulnerability_type,severity,location,line,package,version,fixed_version,artifact_type,language,message,severity_weight
TanStack/ai,grype,GHSA-22cc-p3c6-wpvm,High,/pnpm-lock.yaml,,h3,1.15.5,1.15.6,npm,,h3 has a Server-Sent Events Injection via Unsanitized Newlines in Event Stream Fields,3.0
TanStack/ai,grype,GHSA-22jq-vg5j-6vgg,Medium,/pnpm-lock.yaml,,ip-address,10.2.0,10.2.1,npm,,ip-address: misclassification of IPv4-mapped/NAT64 IPv6 addresses can bypass SSRF and trust-boundary checks,2.0
TanStack/ai,grype,GHSA-2328-f5f3-gj25,High,/pnpm-lock.yaml,,node-forge,1.3.3,1.4.0,npm,,Forge has a basicConstraints bypass in its certificate chain verification (RFC 5280 violation),3.0
TanStack/ai,grype,GHSA-23c5-xmqv-rm74,High,/pnpm-lock.yaml,,minimatch,3.0.8,3.1.4,npm,,minimatch ReDoS: nested *() extglobs generate catastrophically backtracking regular expressions,3.0
TanStack/ai,grype,GHSA-23c5-xmqv-rm74,High,/pnpm-lock.yaml,,minimatch,5.1.6,5.1.8,npm,,minimatch ReDoS: nested *() extglobs generate catastrophically backtracking regular expressions,3.0
TanStack/ai,grype,GHSA-23c5-xmqv-rm74,High,/pnpm-lock.yaml,,minimatch,9.0.1,9.0.7,npm,,minimatch ReDoS: nested *() extglobs generate catastrophically backtracking regular expressions,3.0
TanStack/ai,grype,GHSA-23c5-xmqv-rm74,High,/pnpm-lock.yaml,,minimatch,9.0.5,9.0.7,npm,,minimatch ReDoS: nested *() extglobs generate catastrophically backtracking regular expressions,3.0
TanStack/ai,grype,GHSA-23hp-3jrh-7fpw,Critical,/pnpm-lock.yaml,,tar,7.5.16,7.5.19,npm,,node-tar: Decompression/parse DoS via unlimited input,4.0
TanStack/ai,grype,GHSA-253c-mchw-3w2r,Medium,/pnpm-lock.yaml,,markdown-it,14.3.0,14.3.1,npm,,"markdown-it linkify: true has two quadratic paths, so a few hundred KB of markdown blocks the event loop for tens of seconds",2.0
TanStack/ai,grype,GHSA-27p8-2357-5qqv,High,/pnpm-lock.yaml,,@xmldom/xmldom,0.8.13,0.8.15,npm,,xmldom: DocType `name` Injection Bypasses requireWellFormed,3.0
TanStack/ai,grype,GHSA-27p8-2357-5qqv,High,/pnpm-lock.yaml,,@xmldom/xmldom,0.9.10,0.9.12,npm,,xmldom: DocType `name` Injection Bypasses requireWellFormed,3.0
TanStack/ai,grype,GHSA-27v5-c462-wpq7,Medium,/pnpm-lock.yaml,,path-to-regexp,8.3.0,8.4.0,npm,,path-to-regexp vulnerable to Regular Expression Denial of Service via multiple wildcards,2.0
TanStack/ai,grype,GHSA-2883-xcg3-v3hh,High,/pnpm-lock.yaml,,js-yaml,3.14.2,3.15.2,npm,,js-yaml: maxTotalMergeKeys does not limit CPU use for empty merge sources,3.0
TanStack/ai,grype,GHSA-2883-xcg3-v3hh,High,/pnpm-lock.yaml,,js-yaml,4.1.1,4.3.2,npm,,js-yaml: maxTotalMergeKeys does not limit CPU use for empty merge sources,3.0
TanStack/ai,grype,GHSA-2883-xcg3-v3hh,High,/pnpm-lock.yaml,,js-yaml,4.2.0,4.3.2,npm,,js-yaml: maxTotalMergeKeys does not limit CPU use for empty merge sources,3.0
TanStack/ai,grype,GHSA-2g4f-4pwh-qvx6,Medium,/pnpm-lock.yaml,,ajv,8.12.0,8.18.0,npm,,ajv has ReDoS when using `$data` option,2.0
TanStack/ai,grype,GHSA-2g4f-4pwh-qvx6,Medium,/pnpm-lock.yaml,,ajv,8.13.0,8.18.0,npm,,ajv has ReDoS when using `$data` option,2.0
TanStack/ai,grype,GHSA-2gqq-gqf2-x968,Low,/pnpm-lock.yaml,,undici,7.24.8,7.29.1,npm,,undici vulnerable to response truncation via oversized chunked responses in the dump interceptor,1.0
TanStack/ai,grype,GHSA-2gqq-gqf2-x968,Low,/pnpm-lock.yaml,,undici,7.28.0,7.29.1,npm,,undici vulnerable to response truncation via oversized chunked responses in the dump interceptor,1.0
TanStack/ai,grype,GHSA-2gqq-gqf2-x968,Low,/pnpm-lock.yaml,,undici,7.29.0,7.29.1,npm,,undici vulnerable to response truncation via oversized chunked responses in the dump interceptor,1.0
TanStack/ai,grype,GHSA-2jfj-6hjv-fm6j,Medium,/pnpm-lock.yaml,,undici,7.24.8,7.29.1,npm,,undici vulnerable to cross-user cookie disclosure via Set-Cookie caching in shared caches,2.0
TanStack/ai,grype,GHSA-2jfj-6hjv-fm6j,Medium,/pnpm-lock.yaml,,undici,7.28.0,7.29.1,npm,,undici vulnerable to cross-user cookie disclosure via Set-Cookie caching in shared caches,2.0
TanStack/ai,grype,GHSA-2jfj-6hjv-fm6j,Medium,/pnpm-lock.yaml,,undici,7.29.0,7.29.1,npm,,undici vulnerable to cross-user cookie disclosure via Set-Cookie caching in shared caches,2.0
TanStack/ai,grype,GHSA-2mjx-qc3c-rqvc,Medium,/examples/ag-ui/servers/rust/Cargo.lock,,rustls,0.23.42,0.23.45,rust-crate,,Rustls: TLS 1.3 handshake messages incorrectly accepted across encryption level boundaries,2.0
TanStack/ai,grype,GHSA-2pr8-phx7-x9h3,Medium,/pnpm-lock.yaml,,protobufjs,8.0.1,8.0.2,npm,,protobuf.js: Denial of service from crafted field names in generated code,2.0
TanStack/ai,grype,GHSA-2vr4-cq9g-pvrc,Medium,/pnpm-lock.yaml,,ip-address,10.2.0,10.5.1,npm,,"ip-address: no classifier recognizes the NAT64 local-use range 64:ff9b:1::/48, allowing SSRF and trust-boundary bypass",2.0
TanStack/ai,grype,GHSA-35p6-xmwp-9g52,Low,/pnpm-lock.yaml,,undici,7.24.8,7.28.0,npm,,undici vulnerable to HTTP response queue poisoning via keep-alive socket reuse,1.0
TanStack/ai,grype,GHSA-36hm-qxxp-pg3m,High,/pnpm-lock.yaml,,preact,10.28.1,10.28.2,npm,,Preact has JSON VNode Injection issue,3.0
TanStack/ai,grype,GHSA-395f-4hp3-45gv,High,/pnpm-lock.yaml,,shell-quote,1.8.3,1.9.0,npm,,shell-quote: Quadratic-complexity Denial of Service in `parse()` (CWE-407),3.0
TanStack/ai,grype,GHSA-3f6p-5ww8-9rcr,High,/pnpm-lock.yaml,,mysql2,3.15.3,3.22.0,npm,,MySQL2: Auth Plugin Downgrade to mysql_clear_password Leaks Plaintext Credentials,3.0
TanStack/ai,grype,GHSA-3j22-8qj3-26mx,High,/pnpm-lock.yaml,,seroval,1.3.2,1.4.1,npm,,Seroval affected by Denial of Service via Deeply Nested Objects,3.0
TanStack/ai,grype,GHSA-3jxr-9vmj-r5cp,High,/pnpm-lock.yaml,,brace-expansion,2.0.2,2.1.2,npm,,brace-expansion: DoS via exponential-time expansion of consecutive non-expanding {} groups,3.0
TanStack/ai,grype,GHSA-3ppc-4f35-3m26,High,/pnpm-lock.yaml,,minimatch,3.0.8,3.1.3,npm,,minimatch has a ReDoS via repeated wildcards with non-matching literal in pattern,3.0
TanStack/ai,grype,GHSA-3ppc-4f35-3m26,High,/pnpm-lock.yaml,,minimatch,5.1.6,5.1.7,npm,,minimatch has a ReDoS via repeated wildcards with non-matching literal in pattern,3.0
TanStack/ai,grype,GHSA-3ppc-4f35-3m26,High,/pnpm-lock.yaml,,minimatch,9.0.1,9.0.6,npm,,minimatch has a ReDoS via repeated wildcards with non-matching literal in pattern,3.0
TanStack/ai,grype,GHSA-3ppc-4f35-3m26,High,/pnpm-lock.yaml,,minimatch,9.0.5,9.0.6,npm,,minimatch has a ReDoS via repeated wildcards with non-matching literal in pattern,3.0
TanStack/ai,grype,GHSA-3pq3-5fj3-cg6v,High,/pnpm-lock.yaml,,axios,1.18.1,1.20.0,npm,,Axios: HTTP/2 adapter bypasses configured DNS lookup and proxy controls,3.0
TanStack/ai,grype,GHSA-3px3-54cx-rmw9,High,/pnpm-lock.yaml,,@xmldom/xmldom,0.9.10,0.9.12,npm,,"xmldom: Creation-time XML Name/QName validation is bypassable via an embedded line terminator, allowing injection on the default serialization path",3.0
TanStack/ai,grype,GHSA-3rxj-6cgf-8cfw,High,/pnpm-lock.yaml,,seroval,1.3.2,1.4.1,npm,,seroval Affected by Remote Code Execution via JSON Deserialization,3.0
TanStack/ai,grype,GHSA-3v7f-55p6-f55p,Medium,/pnpm-lock.yaml,,picomatch,2.3.1,2.3.2,npm,,Picomatch: Method Injection in POSIX Character Classes causes incorrect Glob Matching,2.0
TanStack/ai,grype,GHSA-3wwx-pv8p-q78v,Medium,/pnpm-lock.yaml,,undici,7.28.0,7.29.1,npm,,undici vulnerable to Denial of Service via unhandled error in WebSocket permessage-deflate decompression,2.0
TanStack/ai,grype,GHSA-3wwx-pv8p-q78v,Medium,/pnpm-lock.yaml,,undici,7.29.0,7.29.1,npm,,undici vulnerable to Denial of Service via unhandled error in WebSocket permessage-deflate decompression,2.0
TanStack/ai,grype,GHSA-3xpg-4rpp-hhhm,Medium,/pnpm-lock.yaml,,undici,7.24.8,7.29.1,npm,,undici vulnerable to Denial of Service via unbounded decompression of compressed responses,2.0
TanStack/ai,grype,GHSA-3xpg-4rpp-hhhm,Medium,/pnpm-lock.yaml,,undici,7.28.0,7.29.1,npm,,undici vulnerable to Denial of Service via unbounded decompression of compressed responses,2.0
TanStack/ai,grype,GHSA-3xpg-4rpp-hhhm,Medium,/pnpm-lock.yaml,,undici,7.29.0,7.29.1,npm,,undici vulnerable to Denial of Service via unbounded decompression of compressed responses,2.0
TanStack/ai,grype,GHSA-44g4-m2mj-wpvx,Medium,/pnpm-lock.yaml,,axios,1.18.1,1.20.0,npm,,"Axios: CIDR-form NO_PROXY entries are ignored, causing proxy exclusion bypass for internal IP ranges",2.0
TanStack/ai,grype,GHSA-45rx-2jwx-cxfr,High,/pnpm-lock.yaml,,@opentelemetry/propagator-jaeger,2.7.1,2.9.0,npm,,OpenTelemetry JavaScript: Denial of service in `JaegerPropagator` via unhandled exception on a malformed header,3.0
TanStack/ai,grype,GHSA-4c8g-83qw-93j6,High,/pnpm-lock.yaml,,fast-uri,3.1.2,3.1.3,npm,,fast-uri vulnerable to host confusion via failed IDN canonicalization,3.0
TanStack/ai,grype,GHSA-4cwx-7wf7-3272,High,/pnpm-lock.yaml,,undici,7.24.8,7.29.0,npm,,undici vulnerable to cross-user information disclosure and parse-time crash via degenerate private cache directives,3.0
TanStack/ai,grype,GHSA-4cwx-7wf7-3272,High,/pnpm-lock.yaml,,undici,7.28.0,7.29.0,npm,,undici vulnerable to cross-user information disclosure and parse-time crash via degenerate private cache directives,3.0
TanStack/ai,grype,GHSA-4hqw-qxg8-jxx2,Medium,/pnpm-lock.yaml,,axios,1.18.1,1.20.0,npm,,Axios: Fetch Adapter Header Injection via Inherited FormData getHeaders,2.0
TanStack/ai,grype,GHSA-4hxc-9384-m385,Medium,/pnpm-lock.yaml,,h3,1.15.5,1.15.9,npm,,h3: SSE Event Injection via Unsanitized Carriage Return (`\r`) in EventStream Data and Comment Fields (Bypass of CVE Fix),2.0
TanStack/ai,grype,GHSA-4mjr-xmp4-gh2g,Medium,/pnpm-lock.yaml,,qs,6.14.0,6.16.0,npm,,qs: Denial of Service via Attacker Controlled isBuffer,2.0
TanStack/ai,grype,GHSA-4q55-j62x-fr9h,Medium,/pnpm-lock.yaml,,devalue,5.9.0,5.9.3,npm,,devalue: Malformed null-prototype object keys bypass __proto__ rejection via property-key coercion,2.0
TanStack/ai,grype,GHSA-4w3w-2rp5-g8jm,High,/pnpm-lock.yaml,,@xmldom/xmldom,0.8.13,0.8.14,npm,,xmldom: Attribute name injection via setAttribute() bypasses requireWellFormed,3.0
TanStack/ai,grype,GHSA-4w3w-2rp5-g8jm,High,/pnpm-lock.yaml,,@xmldom/xmldom,0.9.10,0.9.11,npm,,xmldom: Attribute name injection via setAttribute() bypasses requireWellFormed,3.0
TanStack/ai,grype,GHSA-4x5r-pxfx-6jf8,Low,/pnpm-lock.yaml,,@babel/core,7.28.5,7.29.6,npm,,@babel/core: Arbitrary File Read via sourceMappingURL Comment,1.0
TanStack/ai,grype,GHSA-4x5r-pxfx-6jf8,Low,/pnpm-lock.yaml,,@babel/core,7.29.0,7.29.6,npm,,@babel/core: Arbitrary File Read via sourceMappingURL Comment,1.0
TanStack/ai,grype,GHSA-4xrf-jv44-h6hh,Medium,/pnpm-lock.yaml,,ip-address,10.2.0,10.2.2,npm,,ip-address: a CIDR suffix on the parsed address suppresses special-use classification and can bypass SSRF and trust-boundary checks,2.0
TanStack/ai,grype,GHSA-52cp-r559-cp3m,High,/pnpm-lock.yaml,,js-yaml,3.14.2,3.15.0,npm,,js-yaml: YAML merge-key chains can force quadratic CPU consumption,3.0
TanStack/ai,grype,GHSA-52cp-r559-cp3m,High,/pnpm-lock.yaml,,js-yaml,4.1.1,4.3.0,npm,,js-yaml: YAML merge-key chains can force quadratic CPU consumption,3.0
TanStack/ai,grype,GHSA-52cp-r559-cp3m,High,/pnpm-lock.yaml,,js-yaml,4.2.0,4.3.0,npm,,js-yaml: YAML merge-key chains can force quadratic CPU consumption,3.0
TanStack/ai,grype,GHSA-542g-h47m-68v8,High,/pnpm-lock.yaml,,axios,1.18.1,1.20.0,npm,,Axios: Denial of Service via Unhandled 'error' Event in HTTP/2 ClientHttp2Session Initialization,3.0
TanStack/ai,grype,GHSA-54fx-42gc-7vw4,Medium,/pnpm-lock.yaml,,hono,4.12.23,4.12.34,npm,,Hono: Algorithmic Complexity DoS in Language Middleware,2.0
TanStack/ai,grype,GHSA-58qx-3vcg-4xpx,Medium,/pnpm-lock.yaml,,ws,8.18.3,8.20.1,npm,,ws: Uninitialized memory disclosure,2.0
TanStack/ai,grype,GHSA-5c6j-r48x-rmvq,High,/pnpm-lock.yaml,,serialize-javascript,6.0.2,7.0.3,npm,,Serialize JavaScript is Vulnerable to RCE via RegExp.flags and Date.prototype.toISOString(),3.0
TanStack/ai,grype,GHSA-5gmw-xhrv-c9v3,Critical,/pnpm-lock.yaml,,tinypool,2.1.0,2.1.1,npm,,Tinypool: Prototype Pollution gadget in worker options leads to Remote Code Execution,4.0
TanStack/ai,grype,GHSA-5m6q-g25r-mvwx,High,/pnpm-lock.yaml,,node-forge,1.3.3,1.4.0,npm,,Forge has Denial of Service via Infinite Loop in BigInteger.modInverse() with Zero Input,3.0
TanStack/ai,grype,GHSA-5p2g-fcmc-qvqq,High,/pnpm-lock.yaml,,image-size,1.2.1,2.0.3,npm,,image-size: JXL and HEIF parsers allow denial of service through infinite loops,3.0
TanStack/ai,grype,GHSA-5p4m-2wfm-xmqj,High,/pnpm-lock.yaml,,js-yaml,3.14.2,3.15.1,npm,,JS-YAML: Quadratic CPU consumption in !!omap resolution (3.x and 4.x) — CVE-2026-59870 fix not backported,3.0
TanStack/ai,grype,GHSA-5p4m-2wfm-xmqj,High,/pnpm-lock.yaml,,js-yaml,4.1.1,4.3.1,npm,,JS-YAML: Quadratic CPU consumption in !!omap resolution (3.x and 4.x) — CVE-2026-59870 fix not backported,3.0
TanStack/ai,grype,GHSA-5p4m-2wfm-xmqj,High,/pnpm-lock.yaml,,js-yaml,4.2.0,4.3.1,npm,,JS-YAML: Quadratic CPU consumption in !!omap resolution (3.x and 4.x) — CVE-2026-59870 fix not backported,3.0
TanStack/ai,grype,GHSA-5qjj-4xww-7phc,Medium,/pnpm-lock.yaml,,valibot,1.2.0,1.4.2,npm,,Valibot: record() issue paths can make flatten() throw for inherited Object property names,2.0
TanStack/ai,grype,GHSA-5w89-w975-hf9q,Medium,/pnpm-lock.yaml,,nitropack,2.13.1,2.13.4,npm,,Nitro has a proxy scope bypass via percent-encoded path traversal in `routeRules`,2.0
TanStack/ai,grype,GHSA-66fc-rw6m-c2q6,High,/pnpm-lock.yaml,,seroval,1.3.2,1.4.1,npm,,Seroval affected by Denial of Service via Array serialization,3.0
TanStack/ai,grype,GHSA-66ff-xgx4-vchm,High,/pnpm-lock.yaml,,protobufjs,8.0.1,8.0.2,npm,,protobuf.js: Code injection through bytes field defaults in generated toObject code,3.0
TanStack/ai,grype,GHSA-67c8-pqhq-4rmx,Critical,/pnpm-lock.yaml,,piscina,5.2.0,5.3.2,npm,,piscina: Prototype-pollution gadget in ThreadPool.options allows RCE via execArgv / loadBalancer / env,4.0
TanStack/ai,grype,GHSA-685m-2w69-288q,High,/pnpm-lock.yaml,,protobufjs,8.0.1,8.0.2,npm,,protobuf.js: Denial of service through unbounded protobuf recursion,3.0
TanStack/ai,grype,GHSA-68fv-2mgg-jv7q,High,/pnpm-lock.yaml,,source-map-js,1.2.1,1.2.2,npm,,source-map-js allows event-loop denial of service through indexed source-map section offsets,3.0
TanStack/ai,grype,GHSA-6gmq-8vp8-gcm6,Medium,/pnpm-lock.yaml,,@xmldom/xmldom,0.8.13,0.8.15,npm,,xmldom: XML fragment injection via invalid EntityReference.nodeName during requireWellFormed serialization,2.0
TanStack/ai,grype,GHSA-6gmq-8vp8-gcm6,Medium,/pnpm-lock.yaml,,@xmldom/xmldom,0.9.10,0.9.12,npm,,xmldom: XML fragment injection via invalid EntityReference.nodeName during requireWellFormed serialization,2.0
TanStack/ai,grype,GHSA-6h8r-xr42-gp59,Medium,/pnpm-lock.yaml,,@xmldom/xmldom,0.8.13,0.8.15,npm,,xmldom: Parser silently accepts a not-well-formed end tag whose name is followed by a line break and trailing content,2.0
TanStack/ai,grype,GHSA-6h8r-xr42-gp59,Medium,/pnpm-lock.yaml,,@xmldom/xmldom,0.9.10,0.9.12,npm,,xmldom: Parser silently accepts a not-well-formed end tag whose name is followed by a line break and trailing content,2.0
TanStack/ai,grype,GHSA-6j4f-fj2g-mc7p,High,/pnpm-lock.yaml,,brace-expansion,2.0.2,2.1.5,npm,,brace-expansion: DoS via uncontrolled recursion in parseCommaParts causing stack exhaustion,3.0
TanStack/ai,grype,GHSA-6j4f-fj2g-mc7p,High,/pnpm-lock.yaml,,brace-expansion,5.0.8,5.0.10,npm,,brace-expansion: DoS via uncontrolled recursion in parseCommaParts causing stack exhaustion,3.0
TanStack/ai,grype,GHSA-6mj3-qw4j-hgrw,High,/pnpm-lock.yaml,,@xmldom/xmldom,0.9.10,0.9.12,npm,,xmldom: HTML raw-text closing-tag case mismatch causes output amplification,3.0
TanStack/ai,grype,GHSA-6qxp-vccf-f47h,High,/pnpm-lock.yaml,,@modelcontextprotocol/client,2.1.0,2.2.0,npm,,MCP TypeScript SDK: OAuth client could send credentials to an authorization server chosen by the MCP server,3.0
TanStack/ai,grype,GHSA-6qxp-vccf-f47h,High,/pnpm-lock.yaml,,@modelcontextprotocol/sdk,1.29.0,1.31.0,npm,,MCP TypeScript SDK: OAuth client could send credentials to an authorization server chosen by the MCP server,3.0
TanStack/ai,grype,GHSA-6rw7-vpxm-498p,Medium,/pnpm-lock.yaml,,qs,6.14.0,6.14.1,npm,,qs's arrayLimit bypass in its bracket notation allows DoS via memory exhaustion,2.0
TanStack/ai,grype,GHSA-6v7q-wjvx-w8wg,High,/pnpm-lock.yaml,,basic-ftp,5.2.0,5.2.2,npm,,basic-ftp: Incomplete CRLF Injection Protection Allows Arbitrary FTP Command Execution via Credentials and MKD Commands,3.0
TanStack/ai,grype,GHSA-72gr-qfp7-vwhw,Medium,/pnpm-lock.yaml,,h3,1.15.5,1.15.9,npm,,h3: Double Decoding in `serveStatic` Bypasses `resolveDotSegments` Path Traversal Protection via `%252e%252e`,2.0
TanStack/ai,grype,GHSA-737v-mqg7-c878,High,/pnpm-lock.yaml,,defu,6.1.4,6.1.5,npm,,defu: Prototype pollution via `__proto__` key in defaults argument,3.0
TanStack/ai,grype,GHSA-73wf-gq98-2v4g,High,/pnpm-lock.yaml,,browserslist,4.28.1,4.28.7,npm,,Browserslist: Uncaught crash / prototype write via untrusted browserslist-stats.json custom stats (normalizeStats),3.0
TanStack/ai,grype,GHSA-75px-5xx7-5xc7,High,/pnpm-lock.yaml,,protobufjs,8.0.1,8.0.2,npm,,protobuf.js: Code generation gadget after prototype pollution,3.0
TanStack/ai,grype,GHSA-79qm-7rj5-m7r9,Low,/pnpm-lock.yaml,,hono,4.12.23,4.12.34,npm,,Hono: Proxy Helper does not remove response headers listed in the `Connection` header,1.0
TanStack/ai,grype,GHSA-7p8r-x3mc-p8w7,High,/pnpm-lock.yaml,,fast-uri,3.1.2,3.1.5,npm,,fast-uri vulnerable to host confusion via backslash authority introducer,3.0
TanStack/ai,grype,GHSA-7pqw-9j4j-h8q3,High,/pnpm-lock.yaml,,extract-zip,2.0.1,,npm,,extract-zip allows arbitrary file writes through symlink archive entries,3.0
TanStack/ai,grype,GHSA-7r86-cg39-jmmj,High,/pnpm-lock.yaml,,minimatch,3.0.8,3.1.3,npm,,minimatch has ReDoS: matchOne() combinatorial backtracking via multiple non-adjacent GLOBSTAR segments,3.0
TanStack/ai,grype,GHSA-7r86-cg39-jmmj,High,/pnpm-lock.yaml,,minimatch,5.1.6,5.1.8,npm,,minimatch has ReDoS: matchOne() combinatorial backtracking via multiple non-adjacent GLOBSTAR segments,3.0
TanStack/ai,grype,GHSA-7r86-cg39-jmmj,High,/pnpm-lock.yaml,,minimatch,9.0.1,9.0.7,npm,,minimatch has ReDoS: matchOne() combinatorial backtracking via multiple non-adjacent GLOBSTAR segments,3.0
TanStack/ai,grype,GHSA-7r86-cg39-jmmj,High,/pnpm-lock.yaml,,minimatch,9.0.5,9.0.7,npm,,minimatch has ReDoS: matchOne() combinatorial backtracking via multiple non-adjacent GLOBSTAR segments,3.0
TanStack/ai,grype,GHSA-7w5x-hrqm-74c2,High,/pnpm-lock.yaml,,smol-toml,1.6.1,1.7.1,npm,,smol-toml: Denial of Service via malformed TOML documents,3.0
TanStack/ai,grype,GHSA-82fw-gwwq-j7x9,Medium,/pnpm-lock.yaml,,@vitest/mocker,4.1.10,4.1.11,npm,,Vitest: Path Traversal / Arbitrary File Read via @vitest/mocker Redirect Mock,2.0
TanStack/ai,grype,GHSA-82fw-gwwq-j7x9,Medium,/pnpm-lock.yaml,,vitest,4.1.10,4.1.11,npm,,Vitest: Path Traversal / Arbitrary File Read via @vitest/mocker Redirect Mock,2.0
TanStack/ai,grype,GHSA-82x6-q7mm-w9cf,High,/pnpm-lock.yaml,,toml,3.0.0,4.2.0,npm,,toml-node: Uncontrolled Recursion,3.0
TanStack/ai,grype,GHSA-8344-3jmq-59r6,High,/pnpm-lock.yaml,,@xmldom/xmldom,0.8.13,0.8.15,npm,,xmldom: Quadratic-time attribute deduplication,3.0
TanStack/ai,grype,GHSA-8344-3jmq-59r6,High,/pnpm-lock.yaml,,@xmldom/xmldom,0.9.10,0.9.12,npm,,xmldom: Quadratic-time attribute deduplication,3.0
TanStack/ai,grype,GHSA-8436-99hf-9mmv,Low,/pnpm-lock.yaml,,undici,7.24.8,7.29.1,npm,,undici vulnerable to caching and replay of unsafe HTTP method responses,1.0
TanStack/ai,grype,GHSA-8436-99hf-9mmv,Low,/pnpm-lock.yaml,,undici,7.28.0,7.29.1,npm,,undici vulnerable to caching and replay of unsafe HTTP method responses,1.0
TanStack/ai,grype,GHSA-8436-99hf-9mmv,Low,/pnpm-lock.yaml,,undici,7.29.0,7.29.1,npm,,undici vulnerable to caching and replay of unsafe HTTP method responses,1.0
TanStack/ai,grype,GHSA-85c8-ppgw-ccpr,Critical,/pnpm-lock.yaml,,tinypool,2.1.0,2.1.2,npm,,Tinypool: Prototype Pollution Gadget to RCE in run() options,4.0
TanStack/ai,grype,GHSA-86w9-cpqp-85rv,High,/pnpm-lock.yaml,,node-forge,1.3.3,,npm,,node-forge RSA PKCS#1 v1.5 signature verification accepts extra nested DigestAlgorithm elements,3.0
TanStack/ai,grype,GHSA-88fw-hqm2-52qc,High,/pnpm-lock.yaml,,hono,4.12.23,4.12.25,npm,,hono: CORS Middleware reflects any Origin with credentials when `origin` defaults to the wildcard,3.0
TanStack/ai,grype,GHSA-8988-4f7v-96qf,Medium,/pnpm-lock.yaml,,@opentelemetry/core,2.7.1,2.8.0,npm,,OpenTelemetry Core: Unbounded memory allocation in W3C Baggage propagation,2.0
TanStack/ai,grype,GHSA-8j4g-w8fx-2239,Medium,/pnpm-lock.yaml,,hono,4.12.23,4.12.34,npm,,Hono: ReDoS in CORS middleware via Access-Control-Request-Headers,2.0
TanStack/ai,grype,GHSA-8x88-c5mf-7j5w,High,/pnpm-lock.yaml,,tar,7.5.16,7.5.18,npm,,node-tar: Negative tar entry size causes infinite loop in archive replace,3.0
TanStack/ai,grype,GHSA-8xcm-r25x-g524,Medium,/pnpm-lock.yaml,,undici,7.24.8,7.29.0,npm,,undici vulnerable to downstream response desynchronization via retry interceptor,2.0
TanStack/ai,grype,GHSA-8xcm-r25x-g524,Medium,/pnpm-lock.yaml,,undici,7.28.0,7.29.0,npm,,undici vulnerable to downstream response desynchronization via retry interceptor,2.0
TanStack/ai,grype,GHSA-93r5-fhx6-vmg9,High,/pnpm-lock.yaml,,@xmldom/xmldom,0.8.13,0.8.15,npm,,xmldom: Quadratic-time parsing via the malformed-input recovery path — `parseElementStartPart` re-scan and `normalize()` adjacent-text merge,3.0
TanStack/ai,grype,GHSA-93r5-fhx6-vmg9,High,/pnpm-lock.yaml,,@xmldom/xmldom,0.9.10,0.9.12,npm,,xmldom: Quadratic-time parsing via the malformed-input recovery path — `parseElementStartPart` re-scan and `normalize()` adjacent-text merge,3.0
TanStack/ai,grype,GHSA-965w-775f-mr7g,High,/pnpm-lock.yaml,,@xmldom/xmldom,0.8.13,0.8.15,npm,,xmldom: Quadratic-memory consumption,3.0
TanStack/ai,grype,GHSA-965w-775f-mr7g,High,/pnpm-lock.yaml,,@xmldom/xmldom,0.9.10,0.9.12,npm,,xmldom: Quadratic-memory consumption,3.0
TanStack/ai,grype,GHSA-96hv-2xvq-fx4p,High,/pnpm-lock.yaml,,ws,8.18.3,8.21.0,npm,,ws: Memory exhaustion DoS from tiny fragments and data chunks,3.0
TanStack/ai,grype,GHSA-96hv-2xvq-fx4p,High,/pnpm-lock.yaml,,ws,8.20.1,8.21.0,npm,,ws: Memory exhaustion DoS from tiny fragments and data chunks,3.0
TanStack/ai,grype,GHSA-9fr6-4gfg-395g,Medium,/pnpm-lock.yaml,,axios,1.18.1,1.20.0,npm,,Axios: Prototype-Pollution Gadget in the Default Instance Allows Inherited Object.prototype.method to Override HTTP Method,2.0
TanStack/ai,grype,GHSA-9phm-9p8f-hw5m,Medium,/pnpm-lock.yaml,,nitropack,2.13.1,2.13.4,npm,,Nitro has an Open Redirect via Protocol-Relative URL Bypass in Wildcard Route Rules,2.0
TanStack/ai,grype,GHSA-9rgm-9g3h-6x36,Medium,/pnpm-lock.yaml,,devalue,5.9.0,5.9.2,npm,,Svelte devalue: DoS via malformed input,2.0
TanStack/ai,grype,GHSA-c29m-xwm3-cm6r,High,/pnpm-lock.yaml,,axios,1.18.1,1.20.0,npm,,Axios: ReDoS in fromDataURI data: URL parser freezes the Node event loop (DoS),3.0
TanStack/ai,grype,GHSA-c2c7-rcm5-vvqj,High,/pnpm-lock.yaml,,picomatch,2.3.1,2.3.2,npm,,Picomatch has a ReDoS vulnerability via extglob quantifiers,3.0
TanStack/ai,grype,GHSA-c475-qrg2-pj4r,High,/pnpm-lock.yaml,,basic-ftp,5.2.0,6.2.1,npm,,basic-ftp: Quadratic-time CPU denial of service in Client.list() Unix directory-listing parser (RE_LINE backtracking),3.0
TanStack/ai,grype,GHSA-c7q8-3ch8-vqpv,High,/pnpm-lock.yaml,,@xmldom/xmldom,0.8.13,0.8.15,npm,,xmldom: Processing Instruction Target Injection Bypasses requireWellFormed,3.0
TanStack/ai,grype,GHSA-c7q8-3ch8-vqpv,High,/pnpm-lock.yaml,,@xmldom/xmldom,0.9.10,0.9.12,npm,,xmldom: Processing Instruction Target Injection Bypasses requireWellFormed,3.0
TanStack/ai,grype,GHSA-c83g-rgw3-j3cx,High,/pnpm-lock.yaml,,browserslist,4.28.1,4.28.7,npm,,"Browserslist: Unbounded memory growth (no cache eviction) via distinct query results, leading to eventual OOM",3.0
TanStack/ai,grype,GHSA-c96f-x56v-gq3h,High,/pnpm-lock.yaml,,find-my-way,9.6.0,9.7.0,npm,,find-my-way: DDoS with HTTP2,3.0
TanStack/ai,grype,GHSA-chqc-8p9q-pq6q,High,/pnpm-lock.yaml,,basic-ftp,5.2.0,5.2.1,npm,,basic-ftp has FTP Command Injection via CRLF,3.0
TanStack/ai,grype,GHSA-crvj-82cr-hjcx,Medium,/pnpm-lock.yaml,,hono,4.12.23,4.13.5,npm,,"Hono: Query parser reads parameters after the URL fragment, causing cache-key and proxy interpretation differentials",2.0
TanStack/ai,grype,GHSA-f23m-r3pf-42rh,Medium,/pnpm-lock.yaml,,lodash,4.17.21,4.18.0,npm,,lodash vulnerable to Prototype Pollution via array path bypass in `_.unset` and `_.omit`,2.0
TanStack/ai,grype,GHSA-f23m-r3pf-42rh,Medium,/pnpm-lock.yaml,,lodash,4.17.23,4.18.0,npm,,lodash vulnerable to Prototype Pollution via array path bypass in `_.unset` and `_.omit`,2.0
TanStack/ai,grype,GHSA-f23p-vx2j-j53r,Medium,/pnpm-lock.yaml,,hono,4.12.23,4.12.34,npm,,"Hono: `memo()` retains SSR output across requests, leading to cross-user data disclosure",2.0
TanStack/ai,grype,GHSA-f38q-mgvj-vph7,Medium,/pnpm-lock.yaml,,protobufjs,8.0.1,8.6.0,npm,,protobufjs : Schema-derived names can shadow runtime-significant properties,2.0
TanStack/ai,grype,GHSA-f596-whhp-79r4,Low,/pnpm-lock.yaml,,@grpc/grpc-js,1.14.4,1.14.5,npm,,@grpc/grpc-js: The server transmits some error messages thrown by method handlers to the client in status messages,1.0
TanStack/ai,grype,GHSA-f65p-4m7j-42xc,High,/pnpm-lock.yaml,,fast-uri,3.1.2,3.1.6,npm,,fast-uri vulnerable to server-side request forgery via malformed IPv6 normalization,3.0
TanStack/ai,grype,GHSA-f886-m6hf-6m8v,Medium,/pnpm-lock.yaml,,brace-expansion,2.0.2,2.0.3,npm,,brace-expansion: Zero-step sequence causes process hang and memory exhaustion,2.0
TanStack/ai,grype,GHSA-f88m-g3jw-g9cj,High,/pnpm-lock.yaml,,sharp,0.34.5,0.35.0,npm,,"sharp inherited vulnerabilities in libvips: CVE-2026-33327, CVE-2026-33328, CVE-2026-35590, CVE-2026-35591",3.0
TanStack/ai,grype,GHSA-fph4-wmhf-6fwf,High,/pnpm-lock.yaml,,fast-uri,3.1.2,3.1.6,npm,,fast-uri vulnerable to server-side request forgery via repeated hostname percent-decoding,3.0
TanStack/ai,grype,GHSA-frvp-7c67-39w9,Medium,/pnpm-lock.yaml,,@hono/node-server,1.19.14,1.19.15,npm,,Node.js Adapter for Hono: Path traversal in `serve-static` on Windows via encoded backslash (`%5C`),2.0
TanStack/ai,grype,GHSA-fx83-v9x8-x52w,Medium,/pnpm-lock.yaml,,protobufjs,8.0.1,8.0.2,npm,,protobuf.js: Prototype injection in generated message constructors,2.0
TanStack/ai,grype,GHSA-g2v6-rqmx-r4w6,High,/pnpm-lock.yaml,,@vue/server-renderer,3.5.25,3.5.42,npm,,@vue/server-renderer: XSS via missing CR in attribute-name blacklist,3.0
TanStack/ai,grype,GHSA-g53g-w8rj-fmg7,High,/pnpm-lock.yaml,,@xmldom/xmldom,0.9.10,0.9.11,npm,,xmldom PI grammar regex ReDoS: quadratic backtracking on unterminated processing instructions,3.0
TanStack/ai,grype,GHSA-g6gw-c38x-mqfc,Medium,/pnpm-lock.yaml,,hono,4.12.23,4.13.5,npm,,Hono: Unbounded dot-notation nesting in `parseBody()` can cause memory exhaustion,2.0
TanStack/ai,grype,GHSA-g7r4-m6w7-qqqr,Low,/pnpm-lock.yaml,,esbuild,0.27.7,0.28.1,npm,,esbuild allows arbitrary file read when running the development server on Windows,1.0
TanStack/ai,grype,GHSA-g8m3-5g58-fq7m,Low,/pnpm-lock.yaml,,undici,7.24.8,7.28.0,npm,,undici vulnerable to Set-Cookie SameSite attribute downgrade via permissive substring matching,1.0
TanStack/ai,grype,GHSA-ggr8-5vv4-36mx,High,/pnpm-lock.yaml,,deepmerge-ts,7.1.5,8.0.0,npm,,DeepmergeTS has stack exhaustion when merging recursive object graphs,3.0
TanStack/ai,grype,GHSA-gqvv-2mrq-wpjv,Medium,/pnpm-lock.yaml,,hono,4.12.23,4.13.5,npm,,Hono: Incomplete fix for CVE-2026-39408: `toSSG()` still writes files outside the output directory,2.0
TanStack/ai,grype,GHSA-gvwx-54wh-qm9j,Medium,/pnpm-lock.yaml,,tar,7.5.16,7.5.17,npm,,node-tar: Uncaught Exception DoS via NUL byte in PAX path/linkpath records,2.0
TanStack/ai,grype,GHSA-h3mg-xc3c-68pw,Medium,/pnpm-lock.yaml,,ip-address,10.2.0,10.7.1,npm,,"ip-address: Address6 builds a parse diagnostic proportional to the input with no length bound, allowing a single long string to stall or crash the process",2.0
TanStack/ai,grype,GHSA-h67p-54hq-rp68,Medium,/pnpm-lock.yaml,,js-yaml,3.14.2,3.15.0,npm,,JS-YAML: Quadratic-complexity DoS in merge key handling via repeated aliases,2.0
TanStack/ai,grype,GHSA-h67p-54hq-rp68,Medium,/pnpm-lock.yaml,,js-yaml,4.1.1,4.2.0,npm,,JS-YAML: Quadratic-complexity DoS in merge key handling via repeated aliases,2.0
TanStack/ai,grype,GHSA-hj76-42vx-jwp4,High,/pnpm-lock.yaml,,seroval,1.3.2,1.4.1,npm,,seroval Affected by Prototype Pollution via JSON Deserialization,3.0
TanStack/ai,grype,GHSA-hm92-r4w5-c3mj,High,/pnpm-lock.yaml,,undici,7.24.8,7.28.0,npm,,undici vulnerable to cross-origin request routing via SOCKS5 proxy pool reuse,3.0
TanStack/ai,grype,GHSA-hp3w-g68c-fv3c,Medium,/pnpm-lock.yaml,,sprintf-js,1.0.3,,npm,,sprintf-js vulnerable to denial of service through unbounded precision specifiers,2.0
TanStack/ai,grype,GHSA-hp3w-g68c-fv3c,Medium,/pnpm-lock.yaml,,sprintf-js,1.1.3,,npm,,sprintf-js vulnerable to denial of service through unbounded precision specifiers,2.0
TanStack/ai,grype,GHSA-hrr3-gc8f-f4qj,Medium,/pnpm-lock.yaml,,fast-uri,3.1.2,3.1.8,npm,,fast-uri vulnerable to inconsistent host case normalization via percent-encoded octets,2.0
TanStack/ai,grype,GHSA-hrvq-x7jp-36xv,Medium,/pnpm-lock.yaml,,nx,23.1.1,23.2.1,npm,,Nx: Path traversal in nx migrate package-migrations extraction,2.0
TanStack/ai,grype,GHSA-hvrm-45r6-mjfj,Medium,/pnpm-lock.yaml,,hono,4.12.23,4.12.27,npm,,"hono/jsx does not isolate context per request, leading to cross-request data disclosure",2.0
TanStack/ai,grype,GHSA-hx4r-w6wj-j8fg,Medium,/pnpm-lock.yaml,,devalue,5.9.0,5.9.3,npm,,devalue: Residual sparse-array CPU amplification in uneval,2.0
TanStack/ai,grype,GHSA-hx9m-jf43-8ffr,High,/pnpm-lock.yaml,,seroval,1.3.2,1.4.1,npm,,seroval affected by Denial of Service via RegExp serialization,3.0
TanStack/ai,grype,GHSA-hxh3-vqpv-xpqv,Medium,/pnpm-lock.yaml,,hono,4.12.23,4.13.7,npm,,"hono/jsx renders plain strings unescaped in boundary components, leading to XSS",2.0
TanStack/ai,grype,GHSA-j22f-vq7h-c4qm,High,/pnpm-lock.yaml,,devalue,5.9.0,5.9.3,npm,,devalue: `stringify`/`uneval` serialize shared memory,3.0
TanStack/ai,grype,GHSA-j3f2-48v5-ccww,Medium,/pnpm-lock.yaml,,protobufjs,7.6.4,7.6.5,npm,,protobufjs: Denial of Service via infinite loop in .proto option parsing,2.0
TanStack/ai,grype,GHSA-j3f2-48v5-ccww,Medium,/pnpm-lock.yaml,,protobufjs,8.0.1,8.6.6,npm,,protobufjs: Denial of Service via infinite loop in .proto option parsing,2.0
TanStack/ai,grype,GHSA-j3q9-mxjg-w52f,High,/pnpm-lock.yaml,,path-to-regexp,8.3.0,8.4.0,npm,,path-to-regexp vulnerable to Denial of Service via sequential optional groups,3.0
TanStack/ai,grype,GHSA-j6c9-x7qj-28xf,Medium,/pnpm-lock.yaml,,hono,4.12.23,4.12.25,npm,,"hono: AWS Lambda adapter merges multiple `Set-Cookie` headers into one value, dropping cookies on ALB single-header and Lattice",2.0
TanStack/ai,grype,GHSA-j6r3-76f7-8jcv,Medium,/pnpm-lock.yaml,,ip-address,10.2.0,10.7.1,npm,,"ip-address: isInSubnet() and isHostInSubnet() compare addresses of different families as if they shared an address space, allowing an allowlist check to admit an address outside its range",2.0
TanStack/ai,grype,GHSA-j8rh-479h-cp32,Medium,/pnpm-lock.yaml,,axios,1.18.1,1.20.0,npm,,Axios: Header Injection via Inherited headers After Minimal Interceptor,2.0
TanStack/ai,grype,GHSA-jggg-4jg4-v7c6,Medium,/pnpm-lock.yaml,,protobufjs,8.0.1,8.2.0,npm,,protobufjs: Denial of Service via unbounded recursive JSON descriptor expansion,2.0
TanStack/ai,grype,GHSA-jmr9-qjv8-65gv,High,/pnpm-lock.yaml,,extract-zip,2.0.1,,npm,,extract-zip unvalidated symlink path traversal,3.0
TanStack/ai,grype,GHSA-jp82-f5mq-hwhp,High,/pnpm-lock.yaml,,seroval,1.3.2,1.6.3,npm,,Seroval: Memory exhaustion via unchecked TypedArray length in JSON deserialization,3.0
TanStack/ai,grype,GHSA-jqcg-44mw-7w3h,Critical,/pnpm-lock.yaml,,proxy-addr,2.0.7,2.0.8,npm,,proxy-addr vulnerable to IP spoofing via IPv4-mapped IPv6 trust subnet,4.0
TanStack/ai,grype,GHSA-jqff-g426-hqxp,High,/pnpm-lock.yaml,,fast-uri,3.1.2,3.1.6,npm,,fast-uri vulnerable to host confusion via percent-encoded scheme normalization,3.0
TanStack/ai,grype,GHSA-jr45-8vmc-qm54,Medium,/pnpm-lock.yaml,,undici,7.24.8,7.29.0,npm,,undici vulnerable to cross-user information disclosure via whitespace around equals in Cache-Control directives,2.0
TanStack/ai,grype,GHSA-jr45-8vmc-qm54,Medium,/pnpm-lock.yaml,,undici,7.28.0,7.29.0,npm,,undici vulnerable to cross-user information disclosure via whitespace around equals in Cache-Control directives,2.0
TanStack/ai,grype,GHSA-jvwf-75h9-cwgg,High,/pnpm-lock.yaml,,protobufjs,8.0.1,8.0.2,npm,,protobuf.js: Process-wide denial of service through unsafe option paths,3.0
TanStack/ai,grype,GHSA-m8m8-qj5v-23w3,High,/pnpm-lock.yaml,,axios,1.18.1,1.20.0,npm,,Axios: Node HTTP adapter prototype-pollution gadget allows request socket hijack via inherited createConnection,3.0
TanStack/ai,grype,GHSA-m8rv-5g2x-5cg5,Medium,/pnpm-lock.yaml,,undici,7.24.8,7.29.0,npm,,undici vulnerable to CRLF Injection via blob-like body 'type' property,2.0
TanStack/ai,grype,GHSA-m8rv-5g2x-5cg5,Medium,/pnpm-lock.yaml,,undici,7.28.0,7.29.0,npm,,undici vulnerable to CRLF Injection via blob-like body 'type' property,2.0
TanStack/ai,grype,GHSA-m9gg-hp2v-232j,High,/pnpm-lock.yaml,,@grpc/grpc-js,1.14.4,1.14.5,npm,,"@grpc/grpc-js: In certain configurations, getAuthContext can return unauthorized certificates as though they were authorized",3.0
TanStack/ai,grype,GHSA-mcm9-63f2-9j32,High,/pnpm-lock.yaml,,devalue,5.9.0,5.9.3,npm,,devalue: Repeated primitive strings cause quadratic expansion in uneval,3.0
TanStack/ai,grype,GHSA-mghh-pgcx-3jjj,High,/pnpm-lock.yaml,,axios,1.18.1,1.20.0,npm,,"Axios: ReDoS (O(N²)) in shouldBypassProxy host normalization, reachable via untrusted redirect Location",3.0
TanStack/ai,grype,GHSA-mh99-v99m-4gvg,High,/pnpm-lock.yaml,,brace-expansion,2.0.2,2.1.3,npm,,brace-expansion: DoS via unbounded expansion length causing an out-of-memory process crash,3.0
TanStack/ai,grype,GHSA-mv8w-475r-vwqw,Critical,/pnpm-lock.yaml,,seroval,1.3.2,1.5.3,npm,,seroval: `seroval.fromJSON()` Promise resolver type confusion invokes attacker-controlled methods during deserialization,4.0
TanStack/ai,grype,GHSA-mw96-cpmx-2vgc,High,/pnpm-lock.yaml,,rollup,4.57.1,4.59.0,npm,,Rollup 4 has Arbitrary File Write via Path Traversal,3.0
TanStack/ai,grype,GHSA-mwp4-54f8-5fhr,High,/pnpm-lock.yaml,,ip-address,10.2.0,10.3.1,npm,,"ip-address: Address4 decodes leading-zero octets as decimal while resolvers decode them as octal, allowing SSRF and trust-boundary bypass",3.0
TanStack/ai,grype,GHSA-p6vx-979v-rg4c,Critical,/pnpm-lock.yaml,,seroval,1.3.2,1.6.2,npm,,Seroval: `fromJSON()` Promise thenable assimilation invokes plugin-produced callables (bypass of GHSA-mv8w-475r-vwqw),4.0
TanStack/ai,grype,GHSA-p88m-4jfj-68fv,Medium,/pnpm-lock.yaml,,undici,7.24.8,7.28.0,npm,,undici vulnerable to HTTP header injection via Set-Cookie percent-decoding,2.0
TanStack/ai,grype,GHSA-ph9p-34f9-6g65,High,/pnpm-lock.yaml,,tmp,0.2.5,0.2.6,npm,,tmp has Path Traversal via unsanitized prefix/postfix that enables directory escape,3.0
TanStack/ai,grype,GHSA-pmjh-fq2x-6v4x,Medium,/pnpm-lock.yaml,,undici,7.24.8,7.29.1,npm,,undici vulnerable to Denial of Service via orphaned RetryHandler response body,2.0
TanStack/ai,grype,GHSA-pmjh-fq2x-6v4x,Medium,/pnpm-lock.yaml,,undici,7.28.0,7.29.1,npm,,undici vulnerable to Denial of Service via orphaned RetryHandler response body,2.0
TanStack/ai,grype,GHSA-pmjh-fq2x-6v4x,Medium,/pnpm-lock.yaml,,undici,7.29.0,7.29.1,npm,,undici vulnerable to Denial of Service via orphaned RetryHandler response body,2.0
TanStack/ai,grype,GHSA-ppp5-5v6c-4jwp,High,/pnpm-lock.yaml,,node-forge,1.3.3,1.4.0,npm,,Forge has signature forgery in RSA-PKCS due to ASN.1 extra field,3.0
TanStack/ai,grype,GHSA-pr7r-676h-xcf6,Medium,/pnpm-lock.yaml,,undici,7.24.8,7.28.0,npm,,undici vulnerable to cross-user information disclosure via shared cache whitespace bypass,2.0
TanStack/ai,grype,GHSA-pxg6-pf52-xh8x,Low,/pnpm-lock.yaml,,cookie,0.6.0,0.7.0,npm,,"cookie accepts cookie name, path, and domain with out of bounds characters",1.0
TanStack/ai,grype,GHSA-q2hr-2g5m-vwhr,Medium,/pnpm-lock.yaml,,brace-expansion,2.0.2,2.1.7,npm,,"brace-expansion: Quadratic-time expansion of the `{a},b}` rewrite causes CPU denial of service",2.0
TanStack/ai,grype,GHSA-q2hr-2g5m-vwhr,Medium,/pnpm-lock.yaml,,brace-expansion,5.0.8,5.0.12,npm,,"brace-expansion: Quadratic-time expansion of the `{a},b}` rewrite causes CPU denial of service",2.0
TanStack/ai,grype,GHSA-q67f-28xg-22rw,High,/pnpm-lock.yaml,,node-forge,1.3.3,1.4.0,npm,,Forge has signature forgery in Ed25519 due to missing S > L check,3.0
TanStack/ai,grype,GHSA-q6x5-8v7m-xcrf,Medium,/pnpm-lock.yaml,,protobufjs,8.0.1,8.0.2,npm,,protobufjs has overlong UTF-8 decoding,2.0
TanStack/ai,grype,GHSA-q8mj-m7cp-5q26,Medium,/pnpm-lock.yaml,,qs,6.14.0,6.15.2,npm,,qs has a remotely triggerable DoS: qs.stringify crashes with TypeError on null/undefined entries in comma-format arrays when encodeValuesOnly is set,2.0
TanStack/ai,grype,GHSA-qhr7-859c-m2p7,High,/pnpm-lock.yaml,,brace-expansion,2.0.2,2.1.6,npm,,brace-expansion: DoS via uncontrolled recursion on nested brace groups causing stack exhaustion,3.0
TanStack/ai,grype,GHSA-qhr7-859c-m2p7,High,/pnpm-lock.yaml,,brace-expansion,5.0.8,5.0.11,npm,,brace-expansion: DoS via uncontrolled recursion on nested brace groups causing stack exhaustion,3.0
TanStack/ai,grype,GHSA-qj8w-gfj5-8c6v,Medium,/pnpm-lock.yaml,,serialize-javascript,6.0.2,7.0.5,npm,,Serialize JavaScript has CPU Exhaustion Denial of Service via crafted array-like objects,2.0
TanStack/ai,grype,GHSA-qjx8-664m-686j,High,/pnpm-lock.yaml,,js-cookie,3.0.5,3.0.7,npm,,JavaScript Cookie: Per-instance prototype hijack in assign() enables cookie-attribute injection,3.0
TanStack/ai,grype,GHSA-qw65-cvwx-89v3,High,/pnpm-lock.yaml,,fast-uri,3.1.2,3.1.7,npm,,fast-uri vulnerable to authority injection via an unvalidated port in serialize,3.0
TanStack/ai,grype,GHSA-qxc2-j82w-r537,High,/pnpm-lock.yaml,,@faker-js/faker,10.1.0,10.5.0,npm,,Faker: helpers.fake exploitable into arbritary code execution,3.0
TanStack/ai,grype,GHSA-r292-9mhp-454m,High,/pnpm-lock.yaml,,tar,7.5.16,7.5.21,npm,,node-tar: Uncontrolled recursion in mapHas/filesFilter allows uncatchable stack-overflow DoS via crafted long-path tar with member selection,3.0
TanStack/ai,grype,GHSA-r4gj-5m52-g5wh,High,/pnpm-lock.yaml,,axios,1.18.1,1.20.0,npm,,"Axios: maxRedirects: 0 is not enforced by the fetch adapter, allowing redirect-based SSRF",3.0
TanStack/ai,grype,GHSA-r4xh-jqrq-34v2,Medium,/pnpm-lock.yaml,,smol-toml,1.6.1,1.9.0,npm,,smol-toml: Quadratic-time parse() from parseKey rescanning to end of document on each key line,2.0
TanStack/ai,grype,GHSA-r53p-7pc4-xj5r,Low,/pnpm-lock.yaml,,undici,7.24.8,7.29.1,npm,,undici vulnerable to downstream response splitting via retry interceptor,1.0
TanStack/ai,grype,GHSA-r53p-7pc4-xj5r,Low,/pnpm-lock.yaml,,undici,7.28.0,7.29.1,npm,,undici vulnerable to downstream response splitting via retry interceptor,1.0
TanStack/ai,grype,GHSA-r53p-7pc4-xj5r,Low,/pnpm-lock.yaml,,undici,7.29.0,7.29.1,npm,,undici vulnerable to downstream response splitting via retry interceptor,1.0
TanStack/ai,grype,GHSA-r5fr-rjxr-66jc,High,/pnpm-lock.yaml,,lodash,4.17.21,4.18.0,npm,,lodash vulnerable to Code Injection via `_.template` imports key names,3.0
TanStack/ai,grype,GHSA-r5fr-rjxr-66jc,High,/pnpm-lock.yaml,,lodash,4.17.23,4.18.0,npm,,lodash vulnerable to Code Injection via `_.template` imports key names,3.0
TanStack/ai,grype,GHSA-rfgv-xxqx-mfg5,High,/pnpm-lock.yaml,,undici,7.24.8,7.29.1,npm,,undici vulnerable to Denial of Service via unrequested WebSocket subprotocol,3.0
TanStack/ai,grype,GHSA-rfgv-xxqx-mfg5,High,/pnpm-lock.yaml,,undici,7.28.0,7.29.1,npm,,undici vulnerable to Denial of Service via unrequested WebSocket subprotocol,3.0
TanStack/ai,grype,GHSA-rfgv-xxqx-mfg5,High,/pnpm-lock.yaml,,undici,7.29.0,7.29.1,npm,,undici vulnerable to Denial of Service via unrequested WebSocket subprotocol,3.0
TanStack/ai,grype,GHSA-rgj7-g3m4-5g8c,High,/pnpm-lock.yaml,,sharp,0.34.5,0.35.4,npm,,sharp: Vulnerabilities in libheif: GHSA-g89c-p67h-r497 and GHSA-2jg2-4ch7-h545,3.0
TanStack/ai,grype,GHSA-rgw5-rvv9-x895,High,/pnpm-lock.yaml,,brace-expansion,2.0.2,2.1.4,npm,,"brace-expansion: DoS via unbounded intermediate arrays, bypassing the CVE-2026-14257 mitigation",3.0
TanStack/ai,grype,GHSA-rgw5-rvv9-x895,High,/pnpm-lock.yaml,,brace-expansion,5.0.8,5.0.9,npm,,"brace-expansion: DoS via unbounded intermediate arrays, bypassing the CVE-2026-14257 mitigation",3.0
TanStack/ai,grype,GHSA-rgwj-5xj2-c3m3,Medium,/pnpm-lock.yaml,,mysql2,3.15.3,3.23.1,npm,,MySQL2: Unbounded zlib inflate in compressed MySQL protocol handler allows decompression-bomb DoS,2.0
TanStack/ai,grype,GHSA-rp42-5vxx-qpwr,High,/pnpm-lock.yaml,,basic-ftp,5.2.0,5.3.0,npm,,basic-ftp vulnerable to denial of service via unbounded memory consumption in Client.list(),3.0
TanStack/ai,grype,GHSA-rpmf-866q-6p89,High,/pnpm-lock.yaml,,basic-ftp,5.2.0,5.3.1,npm,,basic-ftp allows a malicious FTP server to cause client-side denial of service via unbounded multiline control response buffering,3.0
TanStack/ai,grype,GHSA-rpw4-54j3-4h4q,Medium,/pnpm-lock.yaml,,ip-address,10.2.0,10.5.1,npm,,"ip-address: Address6.isLinkLocal() recognizes fe80::/64 rather than fe80::/10, allowing SSRF and trust-boundary bypass to on-link hosts",2.0
TanStack/ai,grype,GHSA-rv63-4mwf-qqc2,Medium,/pnpm-lock.yaml,,hono,4.12.23,4.12.25,npm,,hono: Body Limit Middleware can be bypassed on AWS Lambda by understating `Content-Length`,2.0
TanStack/ai,grype,GHSA-rx4f-c7p8-82vq,Medium,/pnpm-lock.yaml,,undici,7.24.8,7.29.1,npm,,undici vulnerable to Denial of Service via WebSocketStream unclean close,2.0
TanStack/ai,grype,GHSA-rx4f-c7p8-82vq,Medium,/pnpm-lock.yaml,,undici,7.28.0,7.29.1,npm,,undici vulnerable to Denial of Service via WebSocketStream unclean close,2.0
TanStack/ai,grype,GHSA-rx4f-c7p8-82vq,Medium,/pnpm-lock.yaml,,undici,7.29.0,7.29.1,npm,,undici vulnerable to Denial of Service via WebSocketStream unclean close,2.0
TanStack/ai,grype,GHSA-v2hh-gcrm-f6hx,High,/pnpm-lock.yaml,,fast-uri,3.1.2,3.1.4,npm,,fast-uri vulnerable to host confusion via literal backslash authority delimiter,3.0
TanStack/ai,grype,GHSA-v3r7-h72x-cjcm,Medium,/pnpm-lock.yaml,,undici,7.24.8,7.29.0,npm,,undici vulnerable to cookie attribute injection via unsanitized domain and unparsed setCookie fields,2.0
TanStack/ai,grype,GHSA-v3r7-h72x-cjcm,Medium,/pnpm-lock.yaml,,undici,7.28.0,7.29.0,npm,,undici vulnerable to cookie attribute injection via unsanitized domain and unparsed setCookie fields,2.0
TanStack/ai,grype,GHSA-v422-hmwv-36x6,Low,/pnpm-lock.yaml,,body-parser,2.2.1,2.3.0,npm,,body-parser vulnerable to denial of service when invalid limit value silently disables size enforcement,1.0
TanStack/ai,grype,GHSA-v56q-mh7h-f735,High,/pnpm-lock.yaml,,immutable,5.1.6,5.1.8,npm,,Immutable.js `List` 32-bit trie overflow → unrecoverable DoS,3.0
TanStack/ai,grype,GHSA-v5mp-jgw5-2x6j,High,/pnpm-lock.yaml,,toml,3.0.0,4.1.2,npm,,toml-node: Prototype Pollution Leads to `Object.prototype` Corruption via `__proto__` Key-Path Desynchronization,3.0
TanStack/ai,grype,GHSA-v6wh-96g9-6wx3,Medium,/pnpm-lock.yaml,,launch-editor,2.12.0,2.14.1,npm,,launch-editor: NTLMv2 hash disclosure via UNC path handling on Windows,2.0
TanStack/ai,grype,GHSA-vc2v-76pw-4v95,High,/pnpm-lock.yaml,,compression,1.8.1,1.8.2,npm,,compression vulnerable to Denial of Service via memory leak on premature response close,3.0
TanStack/ai,grype,GHSA-vfj7-8cjw-p6xm,High,/pnpm-lock.yaml,,braces,3.0.3,,npm,,braces vulnerable to stack-exhaustion denial of service through deeply nested patterns,3.0
TanStack/ai,grype,GHSA-vh66-26gq-q6x8,Medium,/pnpm-lock.yaml,,axios,1.18.1,1.20.0,npm,,Axios: Prototype pollution gadget in fetch adapter can alter outbound requests,2.0
TanStack/ai,grype,GHSA-vmh5-mc38-953g,High,/pnpm-lock.yaml,,undici,7.24.8,7.28.0,npm,,undici vulnerable to TLS certificate validation bypass via dropped requestTls in SOCKS5 ProxyAgent,3.0
TanStack/ai,grype,GHSA-vr34-hp96-76pp,High,/pnpm-lock.yaml,,@xmldom/xmldom,0.9.10,0.9.12,npm,,xmldom: requireWellFormed DocType publicId/systemId validation is bypassable via an embedded line terminator,3.0
TanStack/ai,grype,GHSA-vxpw-j846-p89q,High,/pnpm-lock.yaml,,undici,7.24.8,7.28.0,npm,,undici WebSocket client vulnerable to denial of service via fragment count bypass,3.0
TanStack/ai,grype,GHSA-w293-vg96-wgc3,High,/pnpm-lock.yaml,,undici,7.24.8,7.29.1,npm,,undici vulnerable to TLS certificate validation bypass via dropped connect options in BalancedPool,3.0
TanStack/ai,grype,GHSA-w293-vg96-wgc3,High,/pnpm-lock.yaml,,undici,7.28.0,7.29.1,npm,,undici vulnerable to TLS certificate validation bypass via dropped connect options in BalancedPool,3.0
TanStack/ai,grype,GHSA-w293-vg96-wgc3,High,/pnpm-lock.yaml,,undici,7.29.0,7.29.1,npm,,undici vulnerable to TLS certificate validation bypass via dropped connect options in BalancedPool,3.0
TanStack/ai,grype,GHSA-w2rr-34g9-rvrj,High,/pnpm-lock.yaml,,@xmldom/xmldom,0.8.13,0.8.14,npm,,xmldom: Element name injection via createElement() bypasses requireWellFormed,3.0
TanStack/ai,grype,GHSA-w2rr-34g9-rvrj,High,/pnpm-lock.yaml,,@xmldom/xmldom,0.9.10,0.9.11,npm,,xmldom: Element name injection via createElement() bypasses requireWellFormed,3.0
TanStack/ai,grype,GHSA-w3rx-r6r6-pgpr,High,/pnpm-lock.yaml,,image-size,1.2.1,2.0.3,npm,,image-size: ICNS parser allows denial of service through an infinite loop,3.0
TanStack/ai,grype,GHSA-w3vv-58gj-gw77,High,/pnpm-lock.yaml,,nx,23.1.1,23.1.2,npm,,Nx daemon and plugin worker sockets are accessible to other local users,3.0
TanStack/ai,grype,GHSA-w5hq-g745-h8pq,Medium,/pnpm-lock.yaml,,uuid,10.0.0,11.1.1,npm,,uuid: Missing buffer bounds check in v3/v5/v6 when buf is provided,2.0
TanStack/ai,grype,GHSA-w5hq-g745-h8pq,Medium,/pnpm-lock.yaml,,uuid,7.0.3,11.1.1,npm,,uuid: Missing buffer bounds check in v3/v5/v6 when buf is provided,2.0
TanStack/ai,grype,GHSA-w62v-xxxg-mg59,Medium,/pnpm-lock.yaml,,hono,4.12.23,4.12.27,npm,,Hono: Server-Side XSS via JSX Escaping Bypass in cx() Utility,2.0
TanStack/ai,grype,GHSA-w7fw-mjwx-w883,Low,/pnpm-lock.yaml,,qs,6.14.0,6.14.2,npm,,qs's arrayLimit bypass in comma parsing allows denial of service,1.0
TanStack/ai,grype,GHSA-w7jw-789q-3m8p,Critical,/pnpm-lock.yaml,,shell-quote,1.8.3,1.8.4,npm,,shell-quote quote() does not escape newlines in object .op values,4.0
TanStack/ai,grype,GHSA-w8wr-v893-vjvp,Medium,/pnpm-lock.yaml,,tar,7.5.16,7.5.18,npm,,node-tar: Process crash via PAX numeric path type confusion,2.0
TanStack/ai,grype,GHSA-wcpc-wj8m-hjx6,High,/pnpm-lock.yaml,,protobufjs,8.0.1,8.4.1,npm,,protobufjs: Denial of service through unbounded Any expansion during JSON conversion,3.0
TanStack/ai,grype,GHSA-wf3x-273g-mvxv,Low,/pnpm-lock.yaml,,devalue,5.9.0,5.9.3,npm,,devalue: Sparse arrays emitted by uneval cause eager allocation when evaluated,1.0
TanStack/ai,grype,GHSA-wgpf-jwqj-8h8p,Medium,/pnpm-lock.yaml,,hono,4.12.23,4.12.25,npm,,"hono: Lambda@Edge adapter keeps only the last value of a repeated request header, dropping the rest",2.0
TanStack/ai,grype,GHSA-wq5f-xc86-pv6w,High,/pnpm-lock.yaml,,sharp,0.34.5,0.35.5,npm,,sharp : Vulnerability in librsvg dependency CVE-2026-96889,3.0
TanStack/ai,grype,GHSA-wr4h-v87w-p3r7,Medium,/pnpm-lock.yaml,,h3,1.15.5,1.15.6,npm,,h3 has a Path Traversal via Percent-Encoded Dot Segments in serveStatic Allows Arbitrary File Read,2.0
TanStack/ai,grype,GHSA-wwfh-h76j-fc44,Medium,/pnpm-lock.yaml,,hono,4.12.23,4.12.25,npm,,hono: Path traversal in `serve-static` on Windows via encoded backslash (`%5C`),2.0
TanStack/ai,grype,GHSA-x4fp-j954-r2f4,High,/pnpm-lock.yaml,,@xmldom/xmldom,0.8.13,0.8.15,npm,,xmldom: End-tag Whitespace-Trim Regex ReDoS — quadratic backtracking in the 0.8.x end-tag parser,3.0
TanStack/ai,grype,GHSA-x5rw-q4pp-hg5g,High,/pnpm-lock.yaml,,devalue,5.9.0,5.9.3,npm,,devalue: stringifyAsync can cause an unhandled rejection despite a caught returned promise,3.0
TanStack/ai,grype,GHSA-x97p-jq2g-jp4f,High,/pnpm-lock.yaml,,axios,1.18.1,1.20.0,npm,,Axios: Prototype Pollution Gadget in axios toFormData Options,3.0
TanStack/ai,grype,GHSA-xgm2-5f3f-mvvc,Medium,/pnpm-lock.yaml,,hono,4.12.23,4.12.27,npm,,Hono: API Gateway v1 adapter can drop a distinct repeated request header value during de-duplication,2.0
TanStack/ai,grype,GHSA-xvcm-6775-5m9r,High,/pnpm-lock.yaml,,immutable,5.1.6,5.1.8,npm,,Immutable: Hash-collision algorithmic complexity denial of service in Immutable.Map/Set,3.0
TanStack/ai,grype,GHSA-xxjr-mmjv-4gpg,Medium,/pnpm-lock.yaml,,lodash,4.17.21,4.17.23,npm,,Lodash has Prototype Pollution Vulnerability in `_.unset` and `_.omit` functions,2.0
TanStack/alt-cli,grype,GHSA-23c5-xmqv-rm74,High,/pnpm-lock.yaml,,minimatch,10.1.1,10.2.3,npm,,minimatch ReDoS: nested *() extglobs generate catastrophically backtracking regular expressions,3.0
TanStack/alt-cli,grype,GHSA-23c5-xmqv-rm74,High,/pnpm-lock.yaml,,minimatch,3.1.2,3.1.4,npm,,minimatch ReDoS: nested *() extglobs generate catastrophically backtracking regular expressions,3.0
TanStack/alt-cli,grype,GHSA-23c5-xmqv-rm74,High,/pnpm-lock.yaml,,minimatch,5.1.6,5.1.8,npm,,minimatch ReDoS: nested *() extglobs generate catastrophically backtracking regular expressions,3.0
TanStack/alt-cli,grype,GHSA-23c5-xmqv-rm74,High,/pnpm-lock.yaml,,minimatch,9.0.3,9.0.7,npm,,minimatch ReDoS: nested *() extglobs generate catastrophically backtracking regular expressions,3.0
TanStack/alt-cli,grype,GHSA-23c5-xmqv-rm74,High,/pnpm-lock.yaml,,minimatch,9.0.5,9.0.7,npm,,minimatch ReDoS: nested *() extglobs generate catastrophically backtracking regular expressions,3.0
TanStack/alt-cli,grype,GHSA-25h7-pfq9-p65f,High,/pnpm-lock.yaml,,flatted,3.3.3,3.4.0,npm,,flatted vulnerable to unbounded recursion DoS in parse() revive phase,3.0
TanStack/alt-cli,grype,GHSA-26pp-8wgv-hjvm,Medium,/pnpm-lock.yaml,,hono,4.11.4,4.12.12,npm,,Hono missing validation of cookie name on write path in setCookie(),2.0
TanStack/alt-cli,grype,GHSA-27v5-c462-wpq7,Medium,/pnpm-lock.yaml,,path-to-regexp,8.3.0,8.4.0,npm,,path-to-regexp vulnerable to Regular Expression Denial of Service via multiple wildcards,2.0
TanStack/alt-cli,grype,GHSA-2883-xcg3-v3hh,High,/pnpm-lock.yaml,,js-yaml,3.14.2,3.15.2,npm,,js-yaml: maxTotalMergeKeys does not limit CPU use for empty merge sources,3.0
TanStack/alt-cli,grype,GHSA-2883-xcg3-v3hh,High,/pnpm-lock.yaml,,js-yaml,4.1.1,4.3.2,npm,,js-yaml: maxTotalMergeKeys does not limit CPU use for empty merge sources,3.0
TanStack/alt-cli,grype,GHSA-28wg-ghj8-5hjv,High,/pnpm-lock.yaml,,nanoid,3.3.11,3.3.16,npm,,nanoid: non-secure generators can loop indefinitely with negative size,3.0
TanStack/alt-cli,grype,GHSA-2g4f-4pwh-qvx6,Medium,/pnpm-lock.yaml,,ajv,6.12.6,6.14.0,npm,,ajv has ReDoS when using `$data` option,2.0
TanStack/alt-cli,grype,GHSA-2g4f-4pwh-qvx6,Medium,/pnpm-lock.yaml,,ajv,8.17.1,8.18.0,npm,,ajv has ReDoS when using `$data` option,2.0
TanStack/alt-cli,grype,GHSA-2gcr-mfcq-wcc3,Medium,/pnpm-lock.yaml,,hono,4.11.4,4.12.21,npm,,"Hono: app.mount() strips mount prefix using undecoded path, causing incorrect routing for percent-encoded paths",2.0
TanStack/alt-cli,grype,GHSA-2v37-7h3g-55p8,High,/pnpm-lock.yaml,,nanoid,3.3.11,3.3.18,npm,,nanoid: custom generators can loop indefinitely when size is zero,3.0
TanStack/alt-cli,grype,GHSA-345p-7cg4-v4c7,High,/pnpm-lock.yaml,,@modelcontextprotocol/sdk,1.25.2,1.26.0,npm,,@modelcontextprotocol/sdk has cross-client data leak via shared server/transport instance reuse,3.0
TanStack/alt-cli,grype,GHSA-35jp-ww65-95wh,High,/pnpm-lock.yaml,,axios,1.13.2,1.16.0,npm,,axios Vulnerable to Full Man-in-the-Middle via Prototype Pollution Gadget in `config.proxy`,3.0
TanStack/alt-cli,grype,GHSA-37ch-88jc-xwx2,High,/pnpm-lock.yaml,,path-to-regexp,0.1.12,0.1.13,npm,,path-to-regexp vulnerable to Regular Expression Denial of Service via multiple route parameters,3.0
TanStack/alt-cli,grype,GHSA-3g43-6gmg-66jw,High,/pnpm-lock.yaml,,axios,1.13.2,1.15.2,npm,,axios Vulnerable to Credential Theft and Response Hijacking via Prototype Pollution Gadget in Config Merge,3.0
TanStack/alt-cli,grype,GHSA-3hrh-pfw6-9m5x,Medium,/pnpm-lock.yaml,,hono,4.11.4,4.12.21,npm,,"Hono: Cookie helper does not sanitize sameSite and priority, allowing Set-Cookie injection",2.0
TanStack/alt-cli,grype,GHSA-3jxr-9vmj-r5cp,High,/pnpm-lock.yaml,,brace-expansion,1.1.12,1.1.16,npm,,brace-expansion: DoS via exponential-time expansion of consecutive non-expanding {} groups,3.0
TanStack/alt-cli,grype,GHSA-3jxr-9vmj-r5cp,High,/pnpm-lock.yaml,,brace-expansion,2.0.2,2.1.2,npm,,brace-expansion: DoS via exponential-time expansion of consecutive non-expanding {} groups,3.0
TanStack/alt-cli,grype,GHSA-3p68-rc4w-qgx5,Medium,/pnpm-lock.yaml,,axios,1.13.2,1.15.0,npm,,Axios has a NO_PROXY Hostname Normalization Bypass that Leads to SSRF,2.0
TanStack/alt-cli,grype,GHSA-3ppc-4f35-3m26,High,/pnpm-lock.yaml,,minimatch,10.1.1,10.2.1,npm,,minimatch has a ReDoS via repeated wildcards with non-matching literal in pattern,3.0
TanStack/alt-cli,grype,GHSA-3ppc-4f35-3m26,High,/pnpm-lock.yaml,,minimatch,3.1.2,3.1.3,npm,,minimatch has a ReDoS via repeated wildcards with non-matching literal in pattern,3.0
TanStack/alt-cli,grype,GHSA-3ppc-4f35-3m26,High,/pnpm-lock.yaml,,minimatch,5.1.6,5.1.7,npm,,minimatch has a ReDoS via repeated wildcards with non-matching literal in pattern,3.0
TanStack/alt-cli,grype,GHSA-3ppc-4f35-3m26,High,/pnpm-lock.yaml,,minimatch,9.0.3,9.0.6,npm,,minimatch has a ReDoS via repeated wildcards with non-matching literal in pattern,3.0
TanStack/alt-cli,grype,GHSA-3ppc-4f35-3m26,High,/pnpm-lock.yaml,,minimatch,9.0.5,9.0.6,npm,,minimatch has a ReDoS via repeated wildcards with non-matching literal in pattern,3.0
TanStack/alt-cli,grype,GHSA-3pq3-5fj3-cg6v,High,/pnpm-lock.yaml,,axios,1.13.2,1.20.0,npm,,Axios: HTTP/2 adapter bypasses configured DNS lookup and proxy controls,3.0
TanStack/alt-cli,grype,GHSA-3v7f-55p6-f55p,Medium,/pnpm-lock.yaml,,picomatch,2.3.1,2.3.2,npm,,Picomatch: Method Injection in POSIX Character Classes causes incorrect Glob Matching,2.0
TanStack/alt-cli,grype,GHSA-3v7f-55p6-f55p,Medium,/pnpm-lock.yaml,,picomatch,4.0.3,4.0.4,npm,,Picomatch: Method Injection in POSIX Character Classes causes incorrect Glob Matching,2.0
TanStack/alt-cli,grype,GHSA-3w6x-2g7m-8v23,Medium,/pnpm-lock.yaml,,axios,1.13.2,1.15.2,npm,,Axios: Invisible JSON Response Tampering via Prototype Pollution Gadget in `parseReviver`,2.0
TanStack/alt-cli,grype,GHSA-42h9-826w-cgv3,Medium,/pnpm-lock.yaml,,axios,1.13.2,1.18.0,npm,,Axios: Excessive recursion in formDataToJSON can cause denial of service,2.0
TanStack/alt-cli,grype,GHSA-43fc-jf86-j433,High,/pnpm-lock.yaml,,axios,1.13.2,1.13.5,npm,,Axios is Vulnerable to Denial of Service via __proto__ Key in mergeConfig,3.0
TanStack/alt-cli,grype,GHSA-445q-vr5w-6q77,Medium,/pnpm-lock.yaml,,axios,1.13.2,1.15.1,npm,,Axios: CRLF Injection in multipart/form-data body via unsanitized blob.type in formDataToStream,2.0
TanStack/alt-cli,grype,GHSA-458j-xx4x-4375,Medium,/pnpm-lock.yaml,,hono,4.11.4,4.12.14,npm,,hono Improperly Handles JSX Attribute Names Allows HTML Injection in hono/jsx SSR,2.0
TanStack/alt-cli,grype,GHSA-48c2-rrv3-qjmp,Medium,/pnpm-lock.yaml,,yaml,2.8.2,2.8.3,npm,,yaml is vulnerable to Stack Overflow via deeply nested YAML collections,2.0
TanStack/alt-cli,grype,GHSA-4c8g-83qw-93j6,High,/pnpm-lock.yaml,,fast-uri,3.1.0,3.1.3,npm,,fast-uri vulnerable to host confusion via failed IDN canonicalization,3.0
TanStack/alt-cli,grype,GHSA-4hqw-qxg8-jxx2,Medium,/pnpm-lock.yaml,,axios,1.13.2,1.20.0,npm,,Axios: Fetch Adapter Header Injection via Inherited FormData getHeaders,2.0
TanStack/alt-cli,grype,GHSA-4mjr-xmp4-gh2g,Medium,/pnpm-lock.yaml,,qs,6.14.1,6.16.0,npm,,qs: Denial of Service via Attacker Controlled isBuffer,2.0
TanStack/alt-cli,grype,GHSA-4w7w-66w2-5vf9,Medium,/pnpm-lock.yaml,,vite,7.3.1,7.3.2,npm,,Vite Vulnerable to Path Traversal in Optimized Deps `.map` Handling,2.0
TanStack/alt-cli,grype,GHSA-52cp-r559-cp3m,High,/pnpm-lock.yaml,,js-yaml,3.14.2,3.15.0,npm,,js-yaml: YAML merge-key chains can force quadratic CPU consumption,3.0
TanStack/alt-cli,grype,GHSA-52cp-r559-cp3m,High,/pnpm-lock.yaml,,js-yaml,4.1.1,4.3.0,npm,,js-yaml: YAML merge-key chains can force quadratic CPU consumption,3.0
TanStack/alt-cli,grype,GHSA-542g-h47m-68v8,High,/pnpm-lock.yaml,,axios,1.13.2,1.20.0,npm,,Axios: Denial of Service via Unhandled 'error' Event in HTTP/2 ClientHttp2Session Initialization,3.0
TanStack/alt-cli,grype,GHSA-58qx-3vcg-4xpx,Medium,/pnpm-lock.yaml,,ws,8.19.0,8.20.1,npm,,ws: Uninitialized memory disclosure,2.0
TanStack/alt-cli,grype,GHSA-5c9x-8gcm-mpgx,Medium,/pnpm-lock.yaml,,axios,1.13.2,1.15.1,npm,,Axios' HTTP adapter-streamed uploads bypass maxBodyLength when maxRedirects: 0,2.0
TanStack/alt-cli,grype,GHSA-5p4m-2wfm-xmqj,High,/pnpm-lock.yaml,,js-yaml,3.14.2,3.15.1,npm,,JS-YAML: Quadratic CPU consumption in !!omap resolution (3.x and 4.x) — CVE-2026-59870 fix not backported,3.0
TanStack/alt-cli,grype,GHSA-5p4m-2wfm-xmqj,High,/pnpm-lock.yaml,,js-yaml,4.1.1,4.3.1,npm,,JS-YAML: Quadratic CPU consumption in !!omap resolution (3.x and 4.x) — CVE-2026-59870 fix not backported,3.0
TanStack/alt-cli,grype,GHSA-5pq2-9x2x-5p6w,Medium,/pnpm-lock.yaml,,hono,4.11.4,4.12.4,npm,,Hono Vulnerable to Cookie Attribute Injection via Unsanitized domain and path in setCookie(),2.0
TanStack/alt-cli,grype,GHSA-5xrq-8626-4rwp,Critical,/pnpm-lock.yaml,,vitest,4.0.17,4.1.0,npm,,"When Vitest UI server is listening, arbitrary file can be read and executed",4.0
TanStack/alt-cli,grype,GHSA-62hf-57xw-28j9,Medium,/pnpm-lock.yaml,,axios,1.13.2,1.15.1,npm,,Axios: unbounded recursion in toFormData causes DoS via deeply nested request data,2.0
TanStack/alt-cli,grype,GHSA-68fv-2mgg-jv7q,High,/pnpm-lock.yaml,,source-map-js,1.2.1,1.2.2,npm,,source-map-js allows event-loop denial of service through indexed source-map section offsets,3.0
TanStack/alt-cli,grype,GHSA-69xw-7hcm-h432,Medium,/pnpm-lock.yaml,,hono,4.11.4,4.12.16,npm,,hono/jsx has Unvalidated JSX Tag Names that May Allow HTML Injection,2.0
TanStack/alt-cli,grype,GHSA-6chq-wfr3-2hj9,High,/pnpm-lock.yaml,,axios,1.13.2,1.15.1,npm,,Axios: Header Injection via Prototype Pollution,3.0
TanStack/alt-cli,grype,GHSA-6g55-p6wh-862q,High,/pnpm-lock.yaml,,postcss,8.5.6,8.5.12,npm,,PostCSS: Arbitrary file read and information disclosure via attacker-controlled sourceMappingURL in CSS comments,3.0
TanStack/alt-cli,grype,GHSA-6j4f-fj2g-mc7p,High,/pnpm-lock.yaml,,brace-expansion,1.1.12,1.1.19,npm,,brace-expansion: DoS via uncontrolled recursion in parseCommaParts causing stack exhaustion,3.0
TanStack/alt-cli,grype,GHSA-6j4f-fj2g-mc7p,High,/pnpm-lock.yaml,,brace-expansion,2.0.2,2.1.5,npm,,brace-expansion: DoS via uncontrolled recursion in parseCommaParts causing stack exhaustion,3.0
TanStack/alt-cli,grype,GHSA-6q6h-j7hj-3r64,High,/pnpm-lock.yaml,,happy-dom,20.3.1,20.8.8,npm,,Happy DOM ECMAScriptModuleCompiler: unsanitized export names are interpolated as executable code,3.0
TanStack/alt-cli,grype,GHSA-6qxp-vccf-f47h,High,/pnpm-lock.yaml,,@modelcontextprotocol/sdk,1.25.2,1.31.0,npm,,MCP TypeScript SDK: OAuth client could send credentials to an authorization server chosen by the MCP server,3.0
TanStack/alt-cli,grype,GHSA-6wqw-2p9w-4vw4,Medium,/pnpm-lock.yaml,,hono,4.11.4,4.11.7,npm,,"Hono cache middleware ignores ""Cache-Control: private"" leading to Web Cache Deception",2.0
TanStack/alt-cli,grype,GHSA-737v-mqg7-c878,High,/pnpm-lock.yaml,,defu,6.1.4,6.1.5,npm,,defu: Prototype pollution via `__proto__` key in defaults argument,3.0
TanStack/alt-cli,grype,GHSA-777c-7fjr-54vf,High,/pnpm-lock.yaml,,axios,1.13.2,1.16.0,npm,,Allocation of Resources Without Limits or Throttling in Axios,3.0
TanStack/alt-cli,grype,GHSA-79qm-7rj5-m7r9,Low,/pnpm-lock.yaml,,hono,4.11.4,4.12.34,npm,,Hono: Proxy Helper does not remove response headers listed in the `Connection` header,1.0
TanStack/alt-cli,grype,GHSA-7h2j-956f-4vf2,High,/pnpm-lock.yaml,,@isaacs/brace-expansion,5.0.0,5.0.1,npm,,@isaacs/brace-expansion has Uncontrolled Resource Consumption,3.0
TanStack/alt-cli,grype,GHSA-7p8r-x3mc-p8w7,High,/pnpm-lock.yaml,,fast-uri,3.1.0,3.1.5,npm,,fast-uri vulnerable to host confusion via backslash authority introducer,3.0
TanStack/alt-cli,grype,GHSA-7q8q-rj6j-mhjq,Medium,/pnpm-lock.yaml,,axios,1.13.2,1.18.0,npm,,Axios: Nested axios option objects can consume polluted prototype values,2.0
TanStack/alt-cli,grype,GHSA-7r86-cg39-jmmj,High,/pnpm-lock.yaml,,minimatch,10.1.1,10.2.3,npm,,minimatch has ReDoS: matchOne() combinatorial backtracking via multiple non-adjacent GLOBSTAR segments,3.0
TanStack/alt-cli,grype,GHSA-7r86-cg39-jmmj,High,/pnpm-lock.yaml,,minimatch,3.1.2,3.1.3,npm,,minimatch has ReDoS: matchOne() combinatorial backtracking via multiple non-adjacent GLOBSTAR segments,3.0
TanStack/alt-cli,grype,GHSA-7r86-cg39-jmmj,High,/pnpm-lock.yaml,,minimatch,5.1.6,5.1.8,npm,,minimatch has ReDoS: matchOne() combinatorial backtracking via multiple non-adjacent GLOBSTAR segments,3.0
TanStack/alt-cli,grype,GHSA-7r86-cg39-jmmj,High,/pnpm-lock.yaml,,minimatch,9.0.3,9.0.7,npm,,minimatch has ReDoS: matchOne() combinatorial backtracking via multiple non-adjacent GLOBSTAR segments,3.0
TanStack/alt-cli,grype,GHSA-7r86-cg39-jmmj,High,/pnpm-lock.yaml,,minimatch,9.0.5,9.0.7,npm,,minimatch has ReDoS: matchOne() combinatorial backtracking via multiple non-adjacent GLOBSTAR segments,3.0
TanStack/alt-cli,grype,GHSA-7w5x-hrqm-74c2,High,/pnpm-lock.yaml,,smol-toml,1.6.0,1.7.1,npm,,smol-toml: Denial of Service via malformed TOML documents,3.0
TanStack/alt-cli,grype,GHSA-82fw-gwwq-j7x9,Medium,/pnpm-lock.yaml,,@vitest/mocker,4.0.17,4.1.11,npm,,Vitest: Path Traversal / Arbitrary File Read via @vitest/mocker Redirect Mock,2.0
TanStack/alt-cli,grype,GHSA-82fw-gwwq-j7x9,Medium,/pnpm-lock.yaml,,vitest,4.0.17,4.1.11,npm,,Vitest: Path Traversal / Arbitrary File Read via @vitest/mocker Redirect Mock,2.0
TanStack/alt-cli,grype,GHSA-88fw-hqm2-52qc,High,/pnpm-lock.yaml,,hono,4.11.4,4.12.25,npm,,hono: CORS Middleware reflects any Origin with credentials when `origin` defaults to the wildcard,3.0
TanStack/alt-cli,grype,GHSA-898c-q2cr-xwhg,Medium,/pnpm-lock.yaml,,axios,1.13.2,1.16.0,npm,,axios has DoS & Header Injection via Prototype Pollution Read-Side Gadgets in axios merge functions,2.0
TanStack/alt-cli,grype,GHSA-8j4g-w8fx-2239,Medium,/pnpm-lock.yaml,,hono,4.11.4,4.12.34,npm,,Hono: ReDoS in CORS middleware via Access-Control-Request-Headers,2.0
TanStack/alt-cli,grype,GHSA-92pp-h63x-v22m,Medium,/pnpm-lock.yaml,,@hono/node-server,1.19.9,1.19.13,npm,,@hono/node-server: Middleware bypass via repeated slashes in serveStatic,2.0
TanStack/alt-cli,grype,GHSA-96hv-2xvq-fx4p,High,/pnpm-lock.yaml,,ws,8.19.0,8.21.0,npm,,ws: Memory exhaustion DoS from tiny fragments and data chunks,3.0
TanStack/alt-cli,grype,GHSA-9fr6-4gfg-395g,Medium,/pnpm-lock.yaml,,axios,1.13.2,1.20.0,npm,,Axios: Prototype-Pollution Gadget in the Default Instance Allows Inherited Object.prototype.method to Override HTTP Method,2.0
TanStack/alt-cli,grype,GHSA-9r54-q6cx-xmh5,Medium,/pnpm-lock.yaml,,hono,4.11.4,4.11.7,npm,,Hono vulnerable to XSS through ErrorBoundary component,2.0
TanStack/alt-cli,grype,GHSA-9vqf-7f2p-gf9v,Medium,/pnpm-lock.yaml,,hono,4.11.4,4.12.16,npm,,Hono: bodyLimit() can be bypassed for chunked / unknown-length requests,2.0
TanStack/alt-cli,grype,GHSA-c2c7-rcm5-vvqj,High,/pnpm-lock.yaml,,picomatch,2.3.1,2.3.2,npm,,Picomatch has a ReDoS vulnerability via extglob quantifiers,3.0
TanStack/alt-cli,grype,GHSA-c2c7-rcm5-vvqj,High,/pnpm-lock.yaml,,picomatch,4.0.3,4.0.4,npm,,Picomatch has a ReDoS vulnerability via extglob quantifiers,3.0
TanStack/alt-cli,grype,GHSA-crvj-82cr-hjcx,Medium,/pnpm-lock.yaml,,hono,4.11.4,4.13.5,npm,,"Hono: Query parser reads parameters after the URL fragment, causing cache-key and proxy interpretation differentials",2.0
TanStack/alt-cli,grype,GHSA-f23p-vx2j-j53r,Medium,/pnpm-lock.yaml,,hono,4.11.4,4.12.34,npm,,"Hono: `memo()` retains SSR output across requests, leading to cross-user data disclosure",2.0
TanStack/alt-cli,grype,GHSA-f577-qrjj-4474,Medium,/pnpm-lock.yaml,,hono,4.11.4,4.12.21,npm,,"Hono: JWT middleware accepts any Authorization scheme, not only Bearer",2.0
TanStack/alt-cli,grype,GHSA-f65p-4m7j-42xc,High,/pnpm-lock.yaml,,fast-uri,3.1.0,3.1.6,npm,,fast-uri vulnerable to server-side request forgery via malformed IPv6 normalization,3.0
TanStack/alt-cli,grype,GHSA-f886-m6hf-6m8v,Medium,/pnpm-lock.yaml,,brace-expansion,1.1.12,1.1.13,npm,,brace-expansion: Zero-step sequence causes process hang and memory exhaustion,2.0
TanStack/alt-cli,grype,GHSA-f886-m6hf-6m8v,Medium,/pnpm-lock.yaml,,brace-expansion,2.0.2,2.0.3,npm,,brace-expansion: Zero-step sequence causes process hang and memory exhaustion,2.0
TanStack/alt-cli,grype,GHSA-frvp-7c67-39w9,Medium,/pnpm-lock.yaml,,@hono/node-server,1.19.9,1.19.15,npm,,Node.js Adapter for Hono: Path traversal in `serve-static` on Windows via encoded backslash (`%5C`),2.0
TanStack/alt-cli,grype,GHSA-fvcv-3m26-pcqx,Medium,/pnpm-lock.yaml,,axios,1.13.2,1.15.0,npm,,Axios has Unrestricted Cloud Metadata Exfiltration via Header Injection Chain,2.0
TanStack/alt-cli,grype,GHSA-fx2h-pf6j-xcff,High,/pnpm-lock.yaml,,vite,7.3.1,7.3.5,npm,,vite: `server.fs.deny` bypass on Windows alternate paths,3.0
TanStack/alt-cli,grype,GHSA-fxqj-rqcc-2cmp,Medium,/pnpm-lock.yaml,,postcss,8.5.6,8.5.23,npm,,PostCSS: incomplete fix of GHSA-6g55-p6wh-862q — attacker-controlled sourceMappingURL reads arbitrary .map files when `from` is unset,2.0
TanStack/alt-cli,grype,GHSA-g2r8-wvmj-jf5w,Medium,/pnpm-lock.yaml,,nx,22.3.3,22.7.2,npm,,`nx graph` dev server permissive CORS policy,2.0
TanStack/alt-cli,grype,GHSA-g6gw-c38x-mqfc,Medium,/pnpm-lock.yaml,,hono,4.11.4,4.13.5,npm,,Hono: Unbounded dot-notation nesting in `parseBody()` can cause memory exhaustion,2.0
TanStack/alt-cli,grype,GHSA-gq3j-xvxp-8hrf,Low,/pnpm-lock.yaml,,hono,4.11.4,4.11.10,npm,,Hono added timing comparison hardening in basicAuth and bearerAuth,1.0
TanStack/alt-cli,grype,GHSA-gqvv-2mrq-wpjv,Medium,/pnpm-lock.yaml,,hono,4.11.4,4.13.5,npm,,Hono: Incomplete fix for CVE-2026-39408: `toSSG()` still writes files outside the output directory,2.0
TanStack/alt-cli,grype,GHSA-h67p-54hq-rp68,Medium,/pnpm-lock.yaml,,js-yaml,3.14.2,3.15.0,npm,,JS-YAML: Quadratic-complexity DoS in merge key handling via repeated aliases,2.0
TanStack/alt-cli,grype,GHSA-h67p-54hq-rp68,Medium,/pnpm-lock.yaml,,js-yaml,4.1.1,4.2.0,npm,,JS-YAML: Quadratic-complexity DoS in merge key handling via repeated aliases,2.0
TanStack/alt-cli,grype,GHSA-hfxv-24rg-xrqf,High,/pnpm-lock.yaml,,axios,1.13.2,1.16.0,npm,,Axios: Regular Expression Denial of Service (ReDoS) via Cookie Name Injection,3.0
TanStack/alt-cli,grype,GHSA-hm8q-7f3q-5f36,Low,/pnpm-lock.yaml,,hono,4.11.4,4.12.18,npm,,"Hono has improper validation of NumericDate claims (exp, nbf, iat) in JWT verify()",1.0
TanStack/alt-cli,grype,GHSA-hmw2-7cc7-3qxx,High,/pnpm-lock.yaml,,form-data,4.0.5,4.0.6,npm,,form-data: CRLF injection in form-data via unescaped multipart field names and filenames,3.0
TanStack/alt-cli,grype,GHSA-hp3w-g68c-fv3c,Medium,/pnpm-lock.yaml,,sprintf-js,1.0.3,,npm,,sprintf-js vulnerable to denial of service through unbounded precision specifiers,2.0
TanStack/alt-cli,grype,GHSA-hrr3-gc8f-f4qj,Medium,/pnpm-lock.yaml,,fast-uri,3.1.0,3.1.8,npm,,fast-uri vulnerable to inconsistent host case normalization via percent-encoded octets,2.0
TanStack/alt-cli,grype,GHSA-hrvq-x7jp-36xv,Medium,/pnpm-lock.yaml,,nx,22.3.3,22.7.10,npm,,Nx: Path traversal in nx migrate package-migrations extraction,2.0
TanStack/alt-cli,grype,GHSA-hxh3-vqpv-xpqv,Medium,/pnpm-lock.yaml,,hono,4.11.4,4.13.7,npm,,"hono/jsx renders plain strings unescaped in boundary components, leading to XSS",2.0
TanStack/alt-cli,grype,GHSA-j3q9-mxjg-w52f,High,/pnpm-lock.yaml,,path-to-regexp,8.3.0,8.4.0,npm,,path-to-regexp vulnerable to Denial of Service via sequential optional groups,3.0
TanStack/alt-cli,grype,GHSA-j5f8-grm9-p9fc,High,/pnpm-lock.yaml,,axios,1.13.2,1.16.0,npm,,Axios: Proxy-Authorization header leaks to redirect target when proxy is re-evaluated to direct connection,3.0
TanStack/alt-cli,grype,GHSA-j6c9-x7qj-28xf,Medium,/pnpm-lock.yaml,,hono,4.11.4,4.12.25,npm,,"hono: AWS Lambda adapter merges multiple `Set-Cookie` headers into one value, dropping cookies on ALB single-header and Lattice",2.0
TanStack/alt-cli,grype,GHSA-j8rh-479h-cp32,Medium,/pnpm-lock.yaml,,axios,1.13.2,1.20.0,npm,,Axios: Header Injection via Inherited headers After Minimal Interceptor,2.0
TanStack/alt-cli,grype,GHSA-jqcg-44mw-7w3h,Critical,/pnpm-lock.yaml,,proxy-addr,2.0.7,2.0.8,npm,,proxy-addr vulnerable to IP spoofing via IPv4-mapped IPv6 trust subnet,4.0
TanStack/alt-cli,grype,GHSA-jqff-g426-hqxp,High,/pnpm-lock.yaml,,fast-uri,3.1.0,3.1.6,npm,,fast-uri vulnerable to host confusion via percent-encoded scheme normalization,3.0
TanStack/alt-cli,grype,GHSA-jqh4-m9w3-8hp9,Medium,/pnpm-lock.yaml,,axios,1.13.2,1.18.0,npm,,Axios: Fetch adapter `ReadableStream` uploads bypass `maxBodyLength`,2.0
TanStack/alt-cli,grype,GHSA-m7pr-hjqh-92cm,Medium,/pnpm-lock.yaml,,axios,1.13.2,1.15.1,npm,,Axios: no_proxy bypass via IP alias allows SSRF,2.0
TanStack/alt-cli,grype,GHSA-mh99-v99m-4gvg,High,/pnpm-lock.yaml,,brace-expansion,1.1.12,1.1.17,npm,,brace-expansion: DoS via unbounded expansion length causing an out-of-memory process crash,3.0
TanStack/alt-cli,grype,GHSA-mh99-v99m-4gvg,High,/pnpm-lock.yaml,,brace-expansion,2.0.2,2.1.3,npm,,brace-expansion: DoS via unbounded expansion length causing an out-of-memory process crash,3.0
TanStack/alt-cli,grype,GHSA-mmx7-hfxf-jppx,Medium,/pnpm-lock.yaml,,axios,1.13.2,1.18.0,npm,,Axios: Prototype pollution gadgets can alter axios request construction,2.0
TanStack/alt-cli,grype,GHSA-mw96-cpmx-2vgc,High,/pnpm-lock.yaml,,rollup,4.55.1,4.59.0,npm,,Rollup 4 has Arbitrary File Write via Path Traversal,3.0
TanStack/alt-cli,grype,GHSA-mwf2-3pr3-8698,Medium,/pnpm-lock.yaml,,axios,1.13.2,1.18.0,npm,,Axios: HTTP/2 streamed uploads bypass `maxBodyLength`,2.0
TanStack/alt-cli,grype,GHSA-p498-v437-472g,Medium,/pnpm-lock.yaml,,@humanfs/node,0.16.7,0.16.8,npm,,humanfs: Recursive copy follows symlinked files and copies data from outside the source tree,2.0
TanStack/alt-cli,grype,GHSA-p6xx-57qc-3wxr,Medium,/pnpm-lock.yaml,,hono,4.11.4,4.12.4,npm,,Hono Vulnerable to SSE Control Field Injection via CR/LF in writeSSE(),2.0
TanStack/alt-cli,grype,GHSA-p77w-8qqv-26rm,Medium,/pnpm-lock.yaml,,hono,4.11.4,4.12.18,npm,,Hono's Cache Middleware ignores Vary: Authorization / Vary: Cookie leading to cross-user cache leakage,2.0
TanStack/alt-cli,grype,GHSA-p92q-9vqr-4j8v,High,/pnpm-lock.yaml,,axios,1.13.2,1.16.0,npm,,Axios: Proxy-Authorization Credential Leak to Origin Server Across HTTP-to-HTTPS Redirect in Axios Node.js HTTP Adapter,3.0
TanStack/alt-cli,grype,GHSA-p9ff-h696-f583,High,/pnpm-lock.yaml,,vite,7.3.1,7.3.2,npm,,Vite Vulnerable to Arbitrary File Read via Vite Dev Server WebSocket,3.0
TanStack/alt-cli,grype,GHSA-pf86-5x62-jrwf,High,/pnpm-lock.yaml,,axios,1.13.2,1.15.1,npm,,"Axios: Prototype Pollution Gadgets - Response Tampering, Data Exfiltration, and Request Hijacking",3.0
TanStack/alt-cli,grype,GHSA-ph9p-34f9-6g65,High,/pnpm-lock.yaml,,tmp,0.2.5,0.2.6,npm,,tmp has Path Traversal via unsanitized prefix/postfix that enables directory escape,3.0
TanStack/alt-cli,grype,GHSA-pmv8-rq9r-6j72,Medium,/pnpm-lock.yaml,,axios,1.13.2,1.18.0,npm,,Axios: Deep formToJSON Key Recursion Can Cause Denial of Service,2.0
TanStack/alt-cli,grype,GHSA-pmwg-cvhr-8vh7,High,/pnpm-lock.yaml,,axios,1.13.2,1.15.1,npm,,Axios: Incomplete Fix for CVE-2025-62718 — NO_PROXY Protection Bypassed via RFC 1122 Loopback Subnet (127.0.0.0/8) in Axios 1.15.0,3.0
TanStack/alt-cli,grype,GHSA-q2hr-2g5m-vwhr,Medium,/pnpm-lock.yaml,,brace-expansion,1.1.12,1.1.21,npm,,"brace-expansion: Quadratic-time expansion of the `{a},b}` rewrite causes CPU denial of service",2.0
TanStack/alt-cli,grype,GHSA-q2hr-2g5m-vwhr,Medium,/pnpm-lock.yaml,,brace-expansion,2.0.2,2.1.7,npm,,"brace-expansion: Quadratic-time expansion of the `{a},b}` rewrite causes CPU denial of service",2.0
TanStack/alt-cli,grype,GHSA-q3j6-qgpj-74h6,High,/pnpm-lock.yaml,,fast-uri,3.1.0,3.1.1,npm,,fast-uri vulnerable to path traversal via percent-encoded dot segments,3.0
TanStack/alt-cli,grype,GHSA-q5qw-h33p-qvwr,High,/pnpm-lock.yaml,,hono,4.11.4,4.12.4,npm,,Hono vulnerable to arbitrary file access via serveStatic vulnerability,3.0
TanStack/alt-cli,grype,GHSA-q8mj-m7cp-5q26,Medium,/pnpm-lock.yaml,,qs,6.14.1,6.15.2,npm,,qs has a remotely triggerable DoS: qs.stringify crashes with TypeError on null/undefined entries in comma-format arrays when encodeValuesOnly is set,2.0
TanStack/alt-cli,grype,GHSA-q8qp-cvcw-x6jj,High,/pnpm-lock.yaml,,axios,1.13.2,1.15.2,npm,,Axios has prototype pollution read-side gadgets in HTTP adapter that allow credential injection and request hijacking,3.0
TanStack/alt-cli,grype,GHSA-qhr7-859c-m2p7,High,/pnpm-lock.yaml,,brace-expansion,1.1.12,1.1.20,npm,,brace-expansion: DoS via uncontrolled recursion on nested brace groups causing stack exhaustion,3.0
TanStack/alt-cli,grype,GHSA-qhr7-859c-m2p7,High,/pnpm-lock.yaml,,brace-expansion,2.0.2,2.1.6,npm,,brace-expansion: DoS via uncontrolled recursion on nested brace groups causing stack exhaustion,3.0
TanStack/alt-cli,grype,GHSA-qp7p-654g-cw7p,Medium,/pnpm-lock.yaml,,hono,4.11.4,4.12.18,npm,,Hono has CSS Declaration Injection via Style Object Values in JSX SSR,2.0
TanStack/alt-cli,grype,GHSA-qw65-cvwx-89v3,High,/pnpm-lock.yaml,,fast-uri,3.1.0,3.1.7,npm,,fast-uri vulnerable to authority injection via an unvalidated port in serialize,3.0
TanStack/alt-cli,grype,GHSA-qx2v-qp2m-jg93,Medium,/pnpm-lock.yaml,,postcss,8.5.6,8.5.10,npm,,PostCSS has XSS via Unescaped </style> in its CSS Stringify Output,2.0
TanStack/alt-cli,grype,GHSA-r28c-9q8g-f849,High,/pnpm-lock.yaml,,postcss,8.5.6,8.5.18,npm,,PostCSS: Path Traversal in Previous Source Map Auto-Loading (sourceMappingURL) leads to Arbitrary .map File Disclosure,3.0
TanStack/alt-cli,grype,GHSA-r354-f388-2fhh,Medium,/pnpm-lock.yaml,,hono,4.11.4,4.11.7,npm,,Hono IPv4 address validation bypass in IP Restriction Middleware allows IP spoofing,2.0
TanStack/alt-cli,grype,GHSA-r4q5-vmmm-2653,Medium,/pnpm-lock.yaml,,follow-redirects,1.15.11,1.16.0,npm,,follow-redirects leaks Custom Authentication Headers to Cross-Domain Redirect Targets,2.0
TanStack/alt-cli,grype,GHSA-r4xh-jqrq-34v2,Medium,/pnpm-lock.yaml,,smol-toml,1.6.0,1.9.0,npm,,smol-toml: Quadratic-time parse() from parseKey rescanning to end of document on each key line,2.0
TanStack/alt-cli,grype,GHSA-r5rp-j6wh-rvv4,Medium,/pnpm-lock.yaml,,hono,4.11.4,4.12.12,npm,,Hono: Non-breaking space prefix bypass in cookie name handling in getCookie(),2.0
TanStack/alt-cli,grype,GHSA-rf6f-7fwh-wjgh,High,/pnpm-lock.yaml,,flatted,3.3.3,3.4.2,npm,,Prototype Pollution via parse() in NodeJS flatted,3.0
TanStack/alt-cli,grype,GHSA-rgw5-rvv9-x895,High,/pnpm-lock.yaml,,brace-expansion,1.1.12,1.1.18,npm,,"brace-expansion: DoS via unbounded intermediate arrays, bypassing the CVE-2026-14257 mitigation",3.0
TanStack/alt-cli,grype,GHSA-rgw5-rvv9-x895,High,/pnpm-lock.yaml,,brace-expansion,2.0.2,2.1.4,npm,,"brace-expansion: DoS via unbounded intermediate arrays, bypassing the CVE-2026-14257 mitigation",3.0
TanStack/alt-cli,grype,GHSA-rv63-4mwf-qqc2,Medium,/pnpm-lock.yaml,,hono,4.11.4,4.12.25,npm,,hono: Body Limit Middleware can be bypassed on AWS Lambda by understating `Content-Length`,2.0
TanStack/alt-cli,grype,GHSA-v2hh-gcrm-f6hx,High,/pnpm-lock.yaml,,fast-uri,3.1.0,3.1.4,npm,,fast-uri vulnerable to host confusion via literal backslash authority delimiter,3.0
TanStack/alt-cli,grype,GHSA-v2wj-q39q-566r,High,/pnpm-lock.yaml,,vite,7.3.1,7.3.2,npm,,Vite: `server.fs.deny` bypassed with queries,3.0
TanStack/alt-cli,grype,GHSA-v39h-62p7-jpjc,High,/pnpm-lock.yaml,,fast-uri,3.1.0,3.1.2,npm,,fast-uri vulnerable to host confusion via percent-encoded authority delimiters,3.0
TanStack/alt-cli,grype,GHSA-v3rj-xjv7-4jmq,Medium,/pnpm-lock.yaml,,smol-toml,1.6.0,1.6.1,npm,,smol-toml: Denial of Service via TOML documents containing thousands of consecutive commented lines,2.0
TanStack/alt-cli,grype,GHSA-v422-hmwv-36x6,Low,/pnpm-lock.yaml,,body-parser,1.20.4,1.20.6,npm,,body-parser vulnerable to denial of service when invalid limit value silently disables size enforcement,1.0
TanStack/alt-cli,grype,GHSA-v422-hmwv-36x6,Low,/pnpm-lock.yaml,,body-parser,2.2.2,2.3.0,npm,,body-parser vulnerable to denial of service when invalid limit value silently disables size enforcement,1.0
TanStack/alt-cli,grype,GHSA-v6wh-96g9-6wx3,Medium,/pnpm-lock.yaml,,vite,7.3.1,7.3.5,npm,,launch-editor: NTLMv2 hash disclosure via UNC path handling on Windows,2.0
TanStack/alt-cli,grype,GHSA-v8w9-8mx6-g223,Medium,/pnpm-lock.yaml,,hono,4.11.4,4.12.7,npm,,Hono vulnerable to Prototype Pollution possible through __proto__ key allowed in parseBody({ dot: true }),2.0
TanStack/alt-cli,grype,GHSA-vf2m-468p-8v99,Medium,/pnpm-lock.yaml,,axios,1.13.2,1.15.1,npm,,Axios: HTTP adapter streamed responses bypass maxContentLength,2.0
TanStack/alt-cli,grype,GHSA-vfj7-8cjw-p6xm,High,/pnpm-lock.yaml,,braces,3.0.3,,npm,,braces vulnerable to stack-exhaustion denial of service through deeply nested patterns,3.0
TanStack/alt-cli,grype,GHSA-vh66-26gq-q6x8,Medium,/pnpm-lock.yaml,,axios,1.13.2,1.20.0,npm,,Axios: Prototype pollution gadget in fetch adapter can alter outbound requests,2.0
TanStack/alt-cli,grype,GHSA-vp3h-ghgh-jr7g,High,/pnpm-lock.yaml,,nx,22.3.3,22.7.7,npm,,Nx: Zip-Slip in the self-hosted remote cache,3.0
TanStack/alt-cli,grype,GHSA-w2vw-w76x-qr89,High,/pnpm-lock.yaml,,nx,22.3.3,22.7.8,npm,,Nx: OS command injection via git revisions and remote refs,3.0
TanStack/alt-cli,grype,GHSA-w332-q679-j88p,Medium,/pnpm-lock.yaml,,hono,4.11.4,4.11.7,npm,,Hono has an Arbitrary Key Read in Serve static Middleware (Cloudflare Workers Adapter),2.0
TanStack/alt-cli,grype,GHSA-w3vv-58gj-gw77,High,/pnpm-lock.yaml,,nx,22.3.3,22.7.9,npm,,Nx daemon and plugin worker sockets are accessible to other local users,3.0
TanStack/alt-cli,grype,GHSA-w4gp-fjgq-3q4g,High,/pnpm-lock.yaml,,happy-dom,20.3.1,20.8.9,npm,,Happy DOM's fetch credentials include uses page-origin cookies instead of target-origin cookies,3.0
TanStack/alt-cli,grype,GHSA-w62v-xxxg-mg59,Medium,/pnpm-lock.yaml,,hono,4.11.4,4.12.27,npm,,Hono: Server-Side XSS via JSX Escaping Bypass in cx() Utility,2.0
TanStack/alt-cli,grype,GHSA-w7fw-mjwx-w883,Low,/pnpm-lock.yaml,,qs,6.14.1,6.14.2,npm,,qs's arrayLimit bypass in comma parsing allows denial of service,1.0
TanStack/alt-cli,grype,GHSA-w9j2-pvgh-6h63,Medium,/pnpm-lock.yaml,,axios,1.13.2,1.15.1,npm,,Axios: Authentication Bypass via Prototype Pollution Gadget in `validateStatus` Merge Strategy,2.0
TanStack/alt-cli,grype,GHSA-wc8c-qw6v-h7f6,High,/pnpm-lock.yaml,,@hono/node-server,1.19.9,1.19.10,npm,,@hono/node-server has authorization bypass for protected static paths via encoded slashes in Serve Static Middleware,3.0
TanStack/alt-cli,grype,GHSA-wgpf-jwqj-8h8p,Medium,/pnpm-lock.yaml,,hono,4.11.4,4.12.25,npm,,"hono: Lambda@Edge adapter keeps only the last value of a repeated request header, dropping the rest",2.0
TanStack/alt-cli,grype,GHSA-wmmm-f939-6g9c,Medium,/pnpm-lock.yaml,,hono,4.11.4,4.12.12,npm,,Hono: Middleware bypass via repeated slashes in serveStatic,2.0
TanStack/alt-cli,grype,GHSA-wwfh-h76j-fc44,Medium,/pnpm-lock.yaml,,hono,4.11.4,4.12.25,npm,,hono: Path traversal in `serve-static` on Windows via encoded backslash (`%5C`),2.0
TanStack/alt-cli,grype,GHSA-xf4j-xp2r-rqqx,Medium,/pnpm-lock.yaml,,hono,4.11.4,4.12.12,npm,,Hono: Path traversal in toSSG() allows writing files outside the output directory,2.0
TanStack/alt-cli,grype,GHSA-xgm2-5f3f-mvvc,Medium,/pnpm-lock.yaml,,hono,4.11.4,4.12.27,npm,,Hono: API Gateway v1 adapter can drop a distinct repeated request header value during de-duplication,2.0
TanStack/alt-cli,grype,GHSA-xhjh-pmcv-23jw,Low,/pnpm-lock.yaml,,axios,1.13.2,1.15.1,npm,,Axios: Null Byte Injection via Reverse-Encoding in AxiosURLSearchParams,1.0
TanStack/alt-cli,grype,GHSA-xpcf-pg52-r92g,Medium,/pnpm-lock.yaml,,hono,4.11.4,4.12.12,npm,,Hono has incorrect IP matching in ipRestriction() for IPv4-mapped IPv6 addresses,2.0
TanStack/alt-cli,grype,GHSA-xrhx-7g5j-rcj5,Medium,/pnpm-lock.yaml,,hono,4.11.4,4.12.21,npm,,Hono: IP Restriction bypasses static deny rules for non-canonical IPv6,2.0
TanStack/alt-cli,grype,GHSA-xwg4-73v4-xw9w,High,/pnpm-lock.yaml,,nanoid,3.3.11,3.3.12,npm,,nanoid: Integer Overflow or Wraparound,3.0
TanStack/alt-cli,grype,GHSA-xx6v-rp6x-q39c,Medium,/pnpm-lock.yaml,,axios,1.13.2,1.15.1,npm,,Axios: XSRF Token Cross-Origin Leakage via Prototype Pollution Gadget in `withXSRFToken` Boolean Coercion,2.0
TanStack/bling,grype,GHSA-26w7-cxv4-gfx2,Critical,/pnpm-lock.yaml,,astro,0.0.0-ssr-manifest-20230306183729,7.2.8,npm,,Astro: Remote code execution through AVIF image optimization,4.0
TanStack/bling,grype,GHSA-2883-xcg3-v3hh,High,/pnpm-lock.yaml,,js-yaml,3.14.1,3.15.2,npm,,js-yaml: maxTotalMergeKeys does not limit CPU use for empty merge sources,3.0
TanStack/bling,grype,GHSA-28wg-ghj8-5hjv,High,/pnpm-lock.yaml,,nanoid,3.3.4,3.3.16,npm,,nanoid: non-secure generators can loop indefinitely with negative size,3.0
TanStack/bling,grype,GHSA-2j2x-hqr9-3h42,Medium,/pnpm-lock.yaml,,@remix-run/router,1.3.3,1.23.3,npm,,React Router's same-origin redirect with path starting // causes open redirect via protocol-relative URL reinterpretation,2.0
TanStack/bling,grype,GHSA-2j2x-hqr9-3h42,Medium,/pnpm-lock.yaml,,react-router,6.8.2,6.30.4,npm,,React Router's same-origin redirect with path starting // causes open redirect via protocol-relative URL reinterpretation,2.0
TanStack/bling,grype,GHSA-2mjp-6q6p-2qxm,Medium,/pnpm-lock.yaml,,undici,5.20.0,6.24.0,npm,,Undici has an HTTP Request/Response Smuggling issue,2.0
TanStack/bling,grype,GHSA-2pvr-wf23-7pc7,High,/pnpm-lock.yaml,,astro,0.0.0-ssr-manifest-20230306183729,6.4.6,npm,,Astro: Host header SSRF in prerendered error page fetch,3.0
TanStack/bling,grype,GHSA-2v37-7h3g-55p8,High,/pnpm-lock.yaml,,nanoid,3.3.4,3.3.18,npm,,nanoid: custom generators can loop indefinitely when size is zero,3.0
TanStack/bling,grype,GHSA-2w69-qvjg-hvjx,High,/pnpm-lock.yaml,,@remix-run/router,1.3.3,1.23.2,npm,,React Router vulnerable to XSS via Open Redirects,3.0
TanStack/bling,grype,GHSA-337j-9hxr-rhxg,Medium,/pnpm-lock.yaml,,react-router,6.8.2,7.18.0,npm,,React Router: Arbitrary Constructor Injection via deserializeErrors() in React Router SSR Hydration,2.0
TanStack/bling,grype,GHSA-33hq-fvwr-56pm,Low,/pnpm-lock.yaml,,devalue,4.3.0,5.6.3,npm,,devalue affected by CPU and memory amplification from sparse arrays,1.0
TanStack/bling,grype,GHSA-35p6-xmwp-9g52,Low,/pnpm-lock.yaml,,undici,5.20.0,6.27.0,npm,,undici vulnerable to HTTP response queue poisoning via keep-alive socket reuse,1.0
TanStack/bling,grype,GHSA-376h-93r7-7g6f,Medium,/pnpm-lock.yaml,,astro,0.0.0-ssr-manifest-20230306183729,7.2.4,npm,,Astro: Authorization bypass from missing path-segment boundary check when stripping the configured base,2.0
TanStack/bling,grype,GHSA-3787-6prv-h9w3,Low,/pnpm-lock.yaml,,undici,5.20.0,5.28.3,npm,,Undici proxy-authorization header not cleared on cross-origin redirect in fetch,1.0
TanStack/bling,grype,GHSA-395f-4hp3-45gv,High,/pnpm-lock.yaml,,shell-quote,1.8.0,1.9.0,npm,,shell-quote: Quadratic-complexity Denial of Service in `parse()` (CWE-407),3.0
TanStack/bling,grype,GHSA-3qxh-p7jc-5xh6,High,/pnpm-lock.yaml,,solid-js,1.6.12,1.9.4,npm,,Solid Lacks Escaping of HTML in JSX Fragments allows for Cross-Site Scripting (XSS),3.0
TanStack/bling,grype,GHSA-3rmj-9m5h-8fpv,Medium,/pnpm-lock.yaml,,@astrojs/node,5.0.4,10.0.0,npm,,Astro: Memory exhaustion DoS due to missing request body size limit in Server Islands,2.0
TanStack/bling,grype,GHSA-3v7f-55p6-f55p,Medium,/pnpm-lock.yaml,,picomatch,2.3.1,2.3.2,npm,,Picomatch: Method Injection in POSIX Character Classes causes incorrect Glob Matching,2.0
TanStack/bling,grype,GHSA-3xgq-45jj-v275,High,/pnpm-lock.yaml,,cross-spawn,7.0.3,7.0.5,npm,,Regular Expression Denial of Service (ReDoS) in cross-spawn,3.0
TanStack/bling,grype,GHSA-4992-7rv2-5pvq,Medium,/pnpm-lock.yaml,,undici,5.20.0,6.24.0,npm,,Undici has CRLF Injection in undici via `upgrade` option,2.0
TanStack/bling,grype,GHSA-49w6-73cw-chjr,High,/pnpm-lock.yaml,,astro,0.0.0-ssr-manifest-20230306183729,4.16.18,npm,,Astro's server source code is exposed to the public if sourcemaps are enabled,3.0
TanStack/bling,grype,GHSA-4q55-j62x-fr9h,Medium,/pnpm-lock.yaml,,devalue,4.3.0,5.9.3,npm,,devalue: Malformed null-prototype object keys bypass __proto__ rejection via property-key coercion,2.0
TanStack/bling,grype,GHSA-4x5r-pxfx-6jf8,Low,/pnpm-lock.yaml,,@babel/core,7.21.0,7.29.6,npm,,@babel/core: Arbitrary File Read via sourceMappingURL Comment,1.0
TanStack/bling,grype,GHSA-529g-xq4f-cw38,Medium,/pnpm-lock.yaml,,@astrojs/netlify,1.3.0,7.0.13,npm,,@astrojs/netlify broadens Astro image.remotePatterns in Netlify Image CDN config,2.0
TanStack/bling,grype,GHSA-52cp-r559-cp3m,High,/pnpm-lock.yaml,,js-yaml,3.14.1,3.15.0,npm,,js-yaml: YAML merge-key chains can force quadratic CPU consumption,3.0
TanStack/bling,grype,GHSA-5ff5-9fcw-vg88,Medium,/pnpm-lock.yaml,,astro,0.0.0-ssr-manifest-20230306183729,5.14.3,npm,,Astro's `X-Forwarded-Host` is reflected without validation,2.0
TanStack/bling,grype,GHSA-5p4m-2wfm-xmqj,High,/pnpm-lock.yaml,,js-yaml,3.14.1,3.15.1,npm,,JS-YAML: Quadratic CPU consumption in !!omap resolution (3.x and 4.x) — CVE-2026-59870 fix not backported,3.0
TanStack/bling,grype,GHSA-67hx-6x53-jw92,Critical,/pnpm-lock.yaml,,@babel/traverse,7.21.2,7.23.2,npm,,Babel vulnerable to arbitrary code execution when compiling specifically crafted malicious code,4.0
TanStack/bling,grype,GHSA-67mh-4wv8-2f99,Medium,/pnpm-lock.yaml,,esbuild,0.15.18,0.25.0,npm,,esbuild enables any website to send any requests to the development server and read the response,2.0
TanStack/bling,grype,GHSA-67mh-4wv8-2f99,Medium,/pnpm-lock.yaml,,esbuild,0.16.17,0.25.0,npm,,esbuild enables any website to send any requests to the development server and read the response,2.0
TanStack/bling,grype,GHSA-68fv-2mgg-jv7q,High,/pnpm-lock.yaml,,source-map-js,1.0.2,1.2.2,npm,,source-map-js allows event-loop denial of service through indexed source-map section offsets,3.0
TanStack/bling,grype,GHSA-6g55-p6wh-862q,High,/pnpm-lock.yaml,,postcss,8.4.21,8.5.12,npm,,PostCSS: Arbitrary file read and information disclosure via attacker-controlled sourceMappingURL in CSS comments,3.0
TanStack/bling,grype,GHSA-73rr-hh4g-fpgx,Low,/pnpm-lock.yaml,,diff,5.1.0,5.2.2,npm,,jsdiff has a Denial of Service vulnerability in parsePatch and applyPatch,1.0
TanStack/bling,grype,GHSA-73wf-gq98-2v4g,High,/pnpm-lock.yaml,,browserslist,4.21.5,4.28.7,npm,,Browserslist: Uncaught crash / prototype write via untrusted browserslist-stats.json custom stats (normalizeStats),3.0
TanStack/bling,grype,GHSA-7fh5-64p2-3v2j,Medium,/pnpm-lock.yaml,,postcss,8.4.21,8.4.31,npm,,PostCSS line return parsing error,2.0
TanStack/bling,grype,GHSA-8hv8-536x-4wqp,High,/pnpm-lock.yaml,,astro,0.0.0-ssr-manifest-20230306183729,6.3.3,npm,,Astro: Reflected XSS via unescaped slot name,3.0
TanStack/bling,grype,GHSA-8qm3-746x-r74r,Low,/pnpm-lock.yaml,,devalue,4.3.0,5.6.3,npm,,devalue `uneval`ed code can create objects with polluted prototypes when `eval`ed,1.0
TanStack/bling,grype,GHSA-8xcm-r25x-g524,Medium,/pnpm-lock.yaml,,undici,5.20.0,6.28.0,npm,,undici vulnerable to downstream response desynchronization via retry interceptor,2.0
TanStack/bling,grype,GHSA-952p-6rrq-rcjv,Medium,/pnpm-lock.yaml,,micromatch,4.0.5,4.0.8,npm,,Regular Expression Denial of Service (ReDoS) in micromatch,2.0
TanStack/bling,grype,GHSA-968p-4wvh-cqc8,Medium,/pnpm-lock.yaml,,@babel/helpers,7.21.0,7.26.10,npm,,Babel has inefficient RegExp complexity in generated code with .replace when transpiling named capturing groups,2.0
TanStack/bling,grype,GHSA-9jcx-v3wj-wh4m,Medium,/pnpm-lock.yaml,,react-router,6.8.2,6.30.2,npm,,React Router has unexpected external redirect via untrusted paths,2.0
TanStack/bling,grype,GHSA-9qxr-qj54-h672,Low,/pnpm-lock.yaml,,undici,5.20.0,5.28.4,npm,,Undici's fetch with integrity option is too lax when algorithm is specified but hash value is in incorrect,1.0
TanStack/bling,grype,GHSA-9rgm-9g3h-6x36,Medium,/pnpm-lock.yaml,,devalue,4.3.0,5.9.2,npm,,Svelte devalue: DoS via malformed input,2.0
TanStack/bling,grype,GHSA-9wv6-86v2-598j,High,/pnpm-lock.yaml,,path-to-regexp,6.2.1,6.3.0,npm,,path-to-regexp outputs backtracking regular expressions,3.0
TanStack/bling,grype,GHSA-9x9c-ghc5-jhw9,Medium,/pnpm-lock.yaml,,@astrojs/node,5.0.4,9.4.1,npm,,@astrojs/node's trailing slash handling causes open redirect issue,2.0
TanStack/bling,grype,GHSA-c2c7-rcm5-vvqj,High,/pnpm-lock.yaml,,picomatch,2.3.1,2.3.2,npm,,Picomatch has a ReDoS vulnerability via extglob quantifiers,3.0
TanStack/bling,grype,GHSA-c2qf-rxjj-qqgw,High,/pnpm-lock.yaml,,semver,6.3.0,6.3.1,npm,,semver vulnerable to Regular Expression Denial of Service,3.0
TanStack/bling,grype,GHSA-c2qf-rxjj-qqgw,High,/pnpm-lock.yaml,,semver,7.3.8,7.5.2,npm,,semver vulnerable to Regular Expression Denial of Service,3.0
TanStack/bling,grype,GHSA-c4pw-33h3-35xw,Medium,/pnpm-lock.yaml,,astro,0.0.0-ssr-manifest-20230306183729,4.16.17,npm,,Atro CSRF Middleware Bypass (security.checkOrigin),2.0
TanStack/bling,grype,GHSA-c57f-mm3j-27q9,Medium,/pnpm-lock.yaml,,@astrojs/node,5.0.4,10.0.5,npm,,Astro: Cache Poisoning due to incorrect error handling when if-match header is malformed,2.0
TanStack/bling,grype,GHSA-c76h-2ccp-4975,Medium,/pnpm-lock.yaml,,undici,5.20.0,5.28.5,npm,,Use of Insufficiently Random Values in undici,2.0
TanStack/bling,grype,GHSA-c83g-rgw3-j3cx,High,/pnpm-lock.yaml,,browserslist,4.21.5,4.28.7,npm,,"Browserslist: Unbounded memory growth (no cache eviction) via distinct query results, leading to eventual OOM",3.0
TanStack/bling,grype,GHSA-cfw5-2vxh-hr84,Medium,/pnpm-lock.yaml,,devalue,4.3.0,5.6.4,npm,,devalue has prototype pollution in devalue.parse and devalue.unflatten,2.0
TanStack/bling,grype,GHSA-cxrh-j4jr-qwg3,Low,/pnpm-lock.yaml,,undici,5.20.0,5.29.0,npm,,undici Denial of Service attack via bad certificate data,1.0
TanStack/bling,grype,GHSA-f23m-r3pf-42rh,Medium,/pnpm-lock.yaml,,lodash,4.17.21,4.18.0,npm,,lodash vulnerable to Prototype Pollution via array path bypass in `_.unset` and `_.omit`,2.0
TanStack/bling,grype,GHSA-f48w-9m4c-m7f5,Medium,/pnpm-lock.yaml,,astro,0.0.0-ssr-manifest-20230306183729,7.0.6,npm,,Astro: XSS via unescaped spread attribute names in renderHTMLElement (incomplete fix for CVE-2026-54298),2.0
TanStack/bling,grype,GHSA-f6v4-cf5j-vf3w,High,/pnpm-lock.yaml,,dset,3.1.2,3.1.4,npm,,dset Prototype Pollution vulnerability,3.0
TanStack/bling,grype,GHSA-fvmw-cj7j-j39q,Medium,/pnpm-lock.yaml,,astro,0.0.0-ssr-manifest-20230306183729,5.15.9,npm,,Astro Cloudflare adapter has Stored Cross-site Scripting vulnerability in /_image endpoint,2.0
TanStack/bling,grype,GHSA-fxqj-rqcc-2cmp,Medium,/pnpm-lock.yaml,,postcss,8.4.21,8.5.23,npm,,PostCSS: incomplete fix of GHSA-6g55-p6wh-862q — attacker-controlled sourceMappingURL reads arbitrary .map files when `from` is unset,2.0
TanStack/bling,grype,GHSA-g8m3-5g58-fq7m,Low,/pnpm-lock.yaml,,undici,5.20.0,6.27.0,npm,,undici vulnerable to Set-Cookie SameSite attribute downgrade via permissive substring matching,1.0
TanStack/bling,grype,GHSA-g9mf-h72j-4rw9,Medium,/pnpm-lock.yaml,,undici,5.20.0,6.23.0,npm,,Undici has an unbounded decompression chain in HTTP responses on Node.js Fetch API via Content-Encoding leads to resource exhaustion,2.0
TanStack/bling,grype,GHSA-gcx4-mw62-g8wm,High,/pnpm-lock.yaml,,rollup,3.17.2,3.29.5,npm,,DOM Clobbering Gadget found in rollup bundled scripts that leads to XSS,3.0
TanStack/bling,grype,GHSA-ggr8-5vv4-36mx,High,/pnpm-lock.yaml,,deepmerge-ts,4.3.0,8.0.0,npm,,DeepmergeTS has stack exhaustion when merging recursive object graphs,3.0
TanStack/bling,grype,GHSA-ggxq-hp9w-j794,Medium,/pnpm-lock.yaml,,astro,0.0.0-ssr-manifest-20230306183729,5.15.8,npm,,Astro's middleware authentication checks based on url.pathname can be bypassed via url encoded values,2.0
TanStack/bling,grype,GHSA-grv7-fg5c-xmjg,High,/pnpm-lock.yaml,,braces,3.0.2,3.0.3,npm,,Uncontrolled resource consumption in braces,3.0
TanStack/bling,grype,GHSA-h67p-54hq-rp68,Medium,/pnpm-lock.yaml,,js-yaml,3.14.1,3.15.0,npm,,JS-YAML: Quadratic-complexity DoS in merge key handling via repeated aliases,2.0
TanStack/bling,grype,GHSA-hp3v-mfqw-h74c,Low,/pnpm-lock.yaml,,@astrojs/netlify,1.3.0,8.1.2,npm,,@astrojs/netlify generates an overly-broad Netlify Image CDN allowlist because remotePatterns.pathname metacharacters are not escaped,1.0
TanStack/bling,grype,GHSA-hp3w-g68c-fv3c,Medium,/pnpm-lock.yaml,,sprintf-js,1.0.3,,npm,,sprintf-js vulnerable to denial of service through unbounded precision specifiers,2.0
TanStack/bling,grype,GHSA-hp3w-g68c-fv3c,Medium,/pnpm-lock.yaml,,sprintf-js,1.1.2,,npm,,sprintf-js vulnerable to denial of service through unbounded precision specifiers,2.0
TanStack/bling,grype,GHSA-hx4r-w6wj-j8fg,Medium,/pnpm-lock.yaml,,devalue,4.3.0,5.9.3,npm,,devalue: Residual sparse-array CPU amplification in uneval,2.0
TanStack/bling,grype,GHSA-j687-52p2-xcff,Medium,/pnpm-lock.yaml,,astro,0.0.0-ssr-manifest-20230306183729,6.1.6,npm,,Astro: XSS in define:vars via incomplete </script> tag sanitization,2.0
TanStack/bling,grype,GHSA-jrpj-wcv7-9fh9,Medium,/pnpm-lock.yaml,,astro,0.0.0-ssr-manifest-20230306183729,6.4.6,npm,,Astro: XSS via Unescaped Attribute Names in Spread Props,2.0
TanStack/bling,grype,GHSA-m4v8-wqvr-p9f7,Low,/pnpm-lock.yaml,,undici,5.20.0,5.28.4,npm,,"Undici's Proxy-Authorization header not cleared on cross-origin redirect for dispatch, request, stream, pipeline",1.0
TanStack/bling,grype,GHSA-m6fv-jmcg-4jfg,Low,/pnpm-lock.yaml,,send,0.18.0,0.19.0,npm,,send vulnerable to template injection that can lead to XSS,1.0
TanStack/bling,grype,GHSA-m8rv-5g2x-5cg5,Medium,/pnpm-lock.yaml,,undici,5.20.0,6.28.0,npm,,undici vulnerable to CRLF Injection via blob-like body 'type' property,2.0
TanStack/bling,grype,GHSA-m95q-7qp3-xv42,Medium,/pnpm-lock.yaml,,zod,3.20.6,3.22.3,npm,,Zod denial of service vulnerability,2.0
TanStack/bling,grype,GHSA-mcm9-63f2-9j32,High,/pnpm-lock.yaml,,devalue,4.3.0,5.9.3,npm,,devalue: Repeated primitive strings cause quadratic expansion in uneval,3.0
TanStack/bling,grype,GHSA-mh29-5h37-fv8m,Medium,/pnpm-lock.yaml,,js-yaml,3.14.1,3.14.2,npm,,js-yaml has prototype pollution in merge (<<),2.0
TanStack/bling,grype,GHSA-mw96-cpmx-2vgc,High,/pnpm-lock.yaml,,rollup,3.17.2,3.30.0,npm,,Rollup 4 has Arbitrary File Write via Path Traversal,3.0
TanStack/bling,grype,GHSA-mwcw-c2x4-8c55,Medium,/pnpm-lock.yaml,,nanoid,3.3.4,3.3.8,npm,,Predictable results in nanoid generation when given non-integer values,2.0
TanStack/bling,grype,GHSA-mwv9-gp5h-frr4,Low,/pnpm-lock.yaml,,devalue,4.3.0,5.6.4,npm,,Sveltejs devalue's `devalue.parse` and `devalue.unflatten` emit objects with `__proto__` own properties,1.0
TanStack/bling,grype,GHSA-p88m-4jfj-68fv,Medium,/pnpm-lock.yaml,,undici,5.20.0,6.27.0,npm,,undici vulnerable to HTTP header injection via Set-Cookie percent-decoding,2.0
TanStack/bling,grype,GHSA-pxg6-pf52-xh8x,Low,/pnpm-lock.yaml,,cookie,0.5.0,0.7.0,npm,,"cookie accepts cookie name, path, and domain with out of bounds characters",1.0
TanStack/bling,grype,GHSA-qh8j-hqjv-7m4x,High,/pnpm-lock.yaml,,@astrojs/node,5.0.4,11.1.3,npm,,Astro: Malformed port in the Host header can crash the Node adapter,3.0
TanStack/bling,grype,GHSA-qq67-mvv5-fw3g,Medium,/pnpm-lock.yaml,,@astrojs/node,5.0.4,9.5.4,npm,,Astro has Full-Read SSRF in error rendering via Host: header injection,2.0
TanStack/bling,grype,GHSA-qx2v-qp2m-jg93,Medium,/pnpm-lock.yaml,,postcss,8.4.21,8.5.10,npm,,PostCSS has XSS via Unescaped </style> in its CSS Stringify Output,2.0
TanStack/bling,grype,GHSA-r28c-9q8g-f849,High,/pnpm-lock.yaml,,postcss,8.4.21,8.5.18,npm,,PostCSS: Path Traversal in Previous Source Map Auto-Loading (sourceMappingURL) leads to Arbitrary .map File Disclosure,3.0
TanStack/bling,grype,GHSA-r53p-7pc4-xj5r,Low,/pnpm-lock.yaml,,undici,5.20.0,6.28.1,npm,,undici vulnerable to downstream response splitting via retry interceptor,1.0
TanStack/bling,grype,GHSA-r5fr-rjxr-66jc,High,/pnpm-lock.yaml,,lodash,4.17.21,4.18.0,npm,,lodash vulnerable to Code Injection via `_.template` imports key names,3.0
TanStack/bling,grype,GHSA-v3r7-h72x-cjcm,Medium,/pnpm-lock.yaml,,undici,5.20.0,6.28.0,npm,,undici vulnerable to cookie attribute injection via unsanitized domain and unparsed setCookie fields,2.0
TanStack/bling,grype,GHSA-v9p9-hfj2-hcw8,High,/pnpm-lock.yaml,,undici,5.20.0,6.24.0,npm,,Undici has Unhandled Exception in WebSocket Client Due to Invalid server_max_window_bits Validation,3.0
TanStack/bling,grype,GHSA-vfj7-8cjw-p6xm,High,/pnpm-lock.yaml,,braces,3.0.2,,npm,,braces vulnerable to stack-exhaustion denial of service through deeply nested patterns,3.0
TanStack/bling,grype,GHSA-vj54-72f3-p5jv,High,/pnpm-lock.yaml,,devalue,4.3.0,5.3.2,npm,,devalue prototype pollution vulnerability,3.0
TanStack/bling,grype,GHSA-vrm6-8vpv-qv8q,High,/pnpm-lock.yaml,,undici,5.20.0,6.24.0,npm,,Undici has Unbounded Memory Consumption in WebSocket permessage-deflate Decompression,3.0
TanStack/bling,grype,GHSA-vxpw-j846-p89q,High,/pnpm-lock.yaml,,undici,5.20.0,6.27.0,npm,,undici WebSocket client vulnerable to denial of service via fragment count bypass,3.0
TanStack/bling,grype,GHSA-w7jw-789q-3m8p,Critical,/pnpm-lock.yaml,,shell-quote,1.8.0,1.8.4,npm,,shell-quote quote() does not escape newlines in object .op values,4.0
TanStack/bling,grype,GHSA-wf3x-273g-mvxv,Low,/pnpm-lock.yaml,,devalue,4.3.0,5.9.3,npm,,devalue: Sparse arrays emitted by uneval cause eager allocation when evaluated,1.0
TanStack/bling,grype,GHSA-whqg-ppgf-wp8c,Medium,/pnpm-lock.yaml,,astro,0.0.0-ssr-manifest-20230306183729,5.15.8,npm,,"Astro has an Authentication Bypass via Double URL Encoding, a bypass for CVE-2025-64765",2.0
TanStack/bling,grype,GHSA-wqq4-5wpv-mx2g,Low,/pnpm-lock.yaml,,undici,5.20.0,5.26.2,npm,,Undici's cookie header not cleared on cross-origin redirect in fetch,1.0
TanStack/bling,grype,GHSA-wrjc-x8rr-h8h6,Medium,/pnpm-lock.yaml,,react-router,6.8.2,7.18.0,npm,,React Router: Open redirect via backslash in <Link> and useNavigate (CVE-2025-68470 bypass),2.0
TanStack/bling,grype,GHSA-wrwg-2hg8-v723,High,/pnpm-lock.yaml,,astro,0.0.0-ssr-manifest-20230306183729,5.15.8,npm,,Astro vulnerable to reflected XSS via the server islands feature,3.0
TanStack/bling,grype,GHSA-x3h8-62x9-952g,Low,/pnpm-lock.yaml,,astro,0.0.0-ssr-manifest-20230306183729,5.14.3,npm,,Astro Development Server has Arbitrary Local File Read,1.0
TanStack/bling,grype,GHSA-x7hr-w5r2-h6wg,Medium,/pnpm-lock.yaml,,prismjs,1.29.0,1.30.0,npm,,PrismJS DOM Clobbering vulnerability,2.0
TanStack/bling,grype,GHSA-xf8x-j4p2-f749,Medium,/pnpm-lock.yaml,,@astrojs/node,5.0.4,9.1.1,npm,,Astro allows unauthorized third-party images in _image endpoint,2.0
TanStack/bling,grype,GHSA-xf8x-j4p2-f749,Medium,/pnpm-lock.yaml,,astro,0.0.0-ssr-manifest-20230306183729,4.16.19,npm,,Astro allows unauthorized third-party images in _image endpoint,2.0
TanStack/bling,grype,GHSA-xr5h-phrj-8vxv,Low,/pnpm-lock.yaml,,astro,0.0.0-ssr-manifest-20230306183729,6.1.10,npm,,Astro: Server island encrypted parameters vulnerable to cross-component replay,1.0
TanStack/bling,grype,GHSA-xwg4-73v4-xw9w,High,/pnpm-lock.yaml,,nanoid,3.3.4,3.3.12,npm,,nanoid: Integer Overflow or Wraparound,3.0
TanStack/bling,grype,GHSA-xxjr-mmjv-4gpg,Medium,/pnpm-lock.yaml,,lodash,4.17.21,4.17.23,npm,,Lodash has Prototype Pollution Vulnerability in `_.unset` and `_.omit` functions,2.0
TanStack/charts,grype,GHSA-27p8-2357-5qqv,High,/pnpm-lock.yaml,,@xmldom/xmldom,0.8.13,0.8.15,npm,,xmldom: DocType `name` Injection Bypasses requireWellFormed,3.0
TanStack/charts,grype,GHSA-27p8-2357-5qqv,High,/pnpm-lock.yaml,,@xmldom/xmldom,0.9.10,0.9.12,npm,,xmldom: DocType `name` Injection Bypasses requireWellFormed,3.0
TanStack/charts,grype,GHSA-2883-xcg3-v3hh,High,/pnpm-lock.yaml,,js-yaml,3.15.0,3.15.2,npm,,js-yaml: maxTotalMergeKeys does not limit CPU use for empty merge sources,3.0
TanStack/charts,grype,GHSA-2883-xcg3-v3hh,High,/pnpm-lock.yaml,,js-yaml,4.3.0,4.3.2,npm,,js-yaml: maxTotalMergeKeys does not limit CPU use for empty merge sources,3.0
TanStack/charts,grype,GHSA-2gqq-gqf2-x968,Low,/pnpm-lock.yaml,,undici,7.29.0,7.29.1,npm,,undici vulnerable to response truncation via oversized chunked responses in the dump interceptor,1.0
TanStack/charts,grype,GHSA-2jfj-6hjv-fm6j,Medium,/pnpm-lock.yaml,,undici,7.29.0,7.29.1,npm,,undici vulnerable to cross-user cookie disclosure via Set-Cookie caching in shared caches,2.0
TanStack/charts,grype,GHSA-2v37-7h3g-55p8,High,/pnpm-lock.yaml,,nanoid,3.3.16,3.3.18,npm,,nanoid: custom generators can loop indefinitely when size is zero,3.0
TanStack/charts,grype,GHSA-3jxr-9vmj-r5cp,High,/pnpm-lock.yaml,,brace-expansion,5.0.6,5.0.7,npm,,brace-expansion: DoS via exponential-time expansion of consecutive non-expanding {} groups,3.0
TanStack/charts,grype,GHSA-3pq3-5fj3-cg6v,High,/pnpm-lock.yaml,,axios,1.16.0,1.20.0,npm,,Axios: HTTP/2 adapter bypasses configured DNS lookup and proxy controls,3.0
TanStack/charts,grype,GHSA-3px3-54cx-rmw9,High,/pnpm-lock.yaml,,@xmldom/xmldom,0.9.10,0.9.12,npm,,"xmldom: Creation-time XML Name/QName validation is bypassable via an embedded line terminator, allowing injection on the default serialization path",3.0
TanStack/charts,grype,GHSA-3wwx-pv8p-q78v,Medium,/pnpm-lock.yaml,,undici,7.29.0,7.29.1,npm,,undici vulnerable to Denial of Service via unhandled error in WebSocket permessage-deflate decompression,2.0
TanStack/charts,grype,GHSA-3xpg-4rpp-hhhm,Medium,/pnpm-lock.yaml,,undici,7.29.0,7.29.1,npm,,undici vulnerable to Denial of Service via unbounded decompression of compressed responses,2.0
TanStack/charts,grype,GHSA-42h9-826w-cgv3,Medium,/pnpm-lock.yaml,,axios,1.16.0,1.18.0,npm,,Axios: Excessive recursion in formDataToJSON can cause denial of service,2.0
TanStack/charts,grype,GHSA-44g4-m2mj-wpvx,Medium,/pnpm-lock.yaml,,axios,1.16.0,1.20.0,npm,,"Axios: CIDR-form NO_PROXY entries are ignored, causing proxy exclusion bypass for internal IP ranges",2.0
TanStack/charts,grype,GHSA-4hqw-qxg8-jxx2,Medium,/pnpm-lock.yaml,,axios,1.16.0,1.20.0,npm,,Axios: Fetch Adapter Header Injection via Inherited FormData getHeaders,2.0
TanStack/charts,grype,GHSA-4mjr-xmp4-gh2g,Medium,/pnpm-lock.yaml,,qs,6.15.3,6.16.0,npm,,qs: Denial of Service via Attacker Controlled isBuffer,2.0
TanStack/charts,grype,GHSA-4q55-j62x-fr9h,Medium,/pnpm-lock.yaml,,devalue,5.8.2,5.9.3,npm,,devalue: Malformed null-prototype object keys bypass __proto__ rejection via property-key coercion,2.0
TanStack/charts,grype,GHSA-4w3w-2rp5-g8jm,High,/pnpm-lock.yaml,,@xmldom/xmldom,0.8.13,0.8.14,npm,,xmldom: Attribute name injection via setAttribute() bypasses requireWellFormed,3.0
TanStack/charts,grype,GHSA-4w3w-2rp5-g8jm,High,/pnpm-lock.yaml,,@xmldom/xmldom,0.9.10,0.9.11,npm,,xmldom: Attribute name injection via setAttribute() bypasses requireWellFormed,3.0
TanStack/charts,grype,GHSA-542g-h47m-68v8,High,/pnpm-lock.yaml,,axios,1.16.0,1.20.0,npm,,Axios: Denial of Service via Unhandled 'error' Event in HTTP/2 ClientHttp2Session Initialization,3.0
TanStack/charts,grype,GHSA-5jgf-p345-68v8,High,/pnpm-lock.yaml,,fast-uri,3.1.4,3.1.6,npm,,fast-uri vulnerable to host confusion via skipped IDN canonicalization on scheme-relative references,3.0
TanStack/charts,grype,GHSA-5p2g-fcmc-qvqq,High,/pnpm-lock.yaml,,image-size,1.2.1,2.0.3,npm,,image-size: JXL and HEIF parsers allow denial of service through infinite loops,3.0
TanStack/charts,grype,GHSA-5p4m-2wfm-xmqj,High,/pnpm-lock.yaml,,js-yaml,3.15.0,3.15.1,npm,,JS-YAML: Quadratic CPU consumption in !!omap resolution (3.x and 4.x) — CVE-2026-59870 fix not backported,3.0
TanStack/charts,grype,GHSA-5p4m-2wfm-xmqj,High,/pnpm-lock.yaml,,js-yaml,4.3.0,4.3.1,npm,,JS-YAML: Quadratic CPU consumption in !!omap resolution (3.x and 4.x) — CVE-2026-59870 fix not backported,3.0
TanStack/charts,grype,GHSA-67c8-pqhq-4rmx,Critical,/pnpm-lock.yaml,,piscina,5.3.0,5.3.2,npm,,piscina: Prototype-pollution gadget in ThreadPool.options allows RCE via execArgv / loadBalancer / env,4.0
TanStack/charts,grype,GHSA-68fv-2mgg-jv7q,High,/pnpm-lock.yaml,,source-map-js,1.2.1,1.2.2,npm,,source-map-js allows event-loop denial of service through indexed source-map section offsets,3.0
TanStack/charts,grype,GHSA-6gmq-8vp8-gcm6,Medium,/pnpm-lock.yaml,,@xmldom/xmldom,0.8.13,0.8.15,npm,,xmldom: XML fragment injection via invalid EntityReference.nodeName during requireWellFormed serialization,2.0
TanStack/charts,grype,GHSA-6gmq-8vp8-gcm6,Medium,/pnpm-lock.yaml,,@xmldom/xmldom,0.9.10,0.9.12,npm,,xmldom: XML fragment injection via invalid EntityReference.nodeName during requireWellFormed serialization,2.0
TanStack/charts,grype,GHSA-6h2x-m376-mqjq,High,/pnpm-lock.yaml,,joi,17.13.4,17.13.7,npm,,joi: Quadratic regular-expression backtracking in `Joi.string().isoDate()`,3.0
TanStack/charts,grype,GHSA-6h8r-xr42-gp59,Medium,/pnpm-lock.yaml,,@xmldom/xmldom,0.8.13,0.8.15,npm,,xmldom: Parser silently accepts a not-well-formed end tag whose name is followed by a line break and trailing content,2.0
TanStack/charts,grype,GHSA-6h8r-xr42-gp59,Medium,/pnpm-lock.yaml,,@xmldom/xmldom,0.9.10,0.9.12,npm,,xmldom: Parser silently accepts a not-well-formed end tag whose name is followed by a line break and trailing content,2.0
TanStack/charts,grype,GHSA-6j4f-fj2g-mc7p,High,/pnpm-lock.yaml,,brace-expansion,5.0.6,5.0.10,npm,,brace-expansion: DoS via uncontrolled recursion in parseCommaParts causing stack exhaustion,3.0
TanStack/charts,grype,GHSA-6j4f-fj2g-mc7p,High,/pnpm-lock.yaml,,brace-expansion,5.0.8,5.0.10,npm,,brace-expansion: DoS via uncontrolled recursion in parseCommaParts causing stack exhaustion,3.0
TanStack/charts,grype,GHSA-6mj3-qw4j-hgrw,High,/pnpm-lock.yaml,,@xmldom/xmldom,0.9.10,0.9.12,npm,,xmldom: HTML raw-text closing-tag case mismatch causes output amplification,3.0
TanStack/charts,grype,GHSA-6w3j-5fw6-r9vr,Low,/pnpm-lock.yaml,,joi,17.13.4,17.13.6,npm,,joi: Prototype pollution via a `__proto__` language key in custom messages,1.0
TanStack/charts,grype,GHSA-7c78-jf6q-g5cm,High,/pnpm-lock.yaml,,tmp,0.2.6,0.2.7,npm,,tmp: Type-confusion bypass of _assertPath allows path traversal via non-string prefix/postfix/template,3.0
TanStack/charts,grype,GHSA-7p8r-x3mc-p8w7,High,/pnpm-lock.yaml,,fast-uri,3.1.4,3.1.5,npm,,fast-uri vulnerable to host confusion via backslash authority introducer,3.0
TanStack/charts,grype,GHSA-7q8q-rj6j-mhjq,Medium,/pnpm-lock.yaml,,axios,1.16.0,1.18.0,npm,,Axios: Nested axios option objects can consume polluted prototype values,2.0
TanStack/charts,grype,GHSA-7w5x-hrqm-74c2,High,/pnpm-lock.yaml,,smol-toml,1.6.1,1.7.1,npm,,smol-toml: Denial of Service via malformed TOML documents,3.0
TanStack/charts,grype,GHSA-82fw-gwwq-j7x9,Medium,/pnpm-lock.yaml,,@vitest/mocker,4.1.10,4.1.11,npm,,Vitest: Path Traversal / Arbitrary File Read via @vitest/mocker Redirect Mock,2.0
TanStack/charts,grype,GHSA-82fw-gwwq-j7x9,Medium,/pnpm-lock.yaml,,vitest,4.1.10,4.1.11,npm,,Vitest: Path Traversal / Arbitrary File Read via @vitest/mocker Redirect Mock,2.0
TanStack/charts,grype,GHSA-8344-3jmq-59r6,High,/pnpm-lock.yaml,,@xmldom/xmldom,0.8.13,0.8.15,npm,,xmldom: Quadratic-time attribute deduplication,3.0
TanStack/charts,grype,GHSA-8344-3jmq-59r6,High,/pnpm-lock.yaml,,@xmldom/xmldom,0.9.10,0.9.12,npm,,xmldom: Quadratic-time attribute deduplication,3.0
TanStack/charts,grype,GHSA-8436-99hf-9mmv,Low,/pnpm-lock.yaml,,undici,7.29.0,7.29.1,npm,,undici vulnerable to caching and replay of unsafe HTTP method responses,1.0
TanStack/charts,grype,GHSA-86w9-cpqp-85rv,High,/pnpm-lock.yaml,,node-forge,1.4.0,,npm,,node-forge RSA PKCS#1 v1.5 signature verification accepts extra nested DigestAlgorithm elements,3.0
TanStack/charts,grype,GHSA-93r5-fhx6-vmg9,High,/pnpm-lock.yaml,,@xmldom/xmldom,0.8.13,0.8.15,npm,,xmldom: Quadratic-time parsing via the malformed-input recovery path — `parseElementStartPart` re-scan and `normalize()` adjacent-text merge,3.0
TanStack/charts,grype,GHSA-93r5-fhx6-vmg9,High,/pnpm-lock.yaml,,@xmldom/xmldom,0.9.10,0.9.12,npm,,xmldom: Quadratic-time parsing via the malformed-input recovery path — `parseElementStartPart` re-scan and `normalize()` adjacent-text merge,3.0
TanStack/charts,grype,GHSA-965w-775f-mr7g,High,/pnpm-lock.yaml,,@xmldom/xmldom,0.8.13,0.8.15,npm,,xmldom: Quadratic-memory consumption,3.0
TanStack/charts,grype,GHSA-965w-775f-mr7g,High,/pnpm-lock.yaml,,@xmldom/xmldom,0.9.10,0.9.12,npm,,xmldom: Quadratic-memory consumption,3.0
TanStack/charts,grype,GHSA-9fr6-4gfg-395g,Medium,/pnpm-lock.yaml,,axios,1.16.0,1.20.0,npm,,Axios: Prototype-Pollution Gadget in the Default Instance Allows Inherited Object.prototype.method to Override HTTP Method,2.0
TanStack/charts,grype,GHSA-9rgm-9g3h-6x36,Medium,/pnpm-lock.yaml,,devalue,5.8.2,5.9.2,npm,,Svelte devalue: DoS via malformed input,2.0
TanStack/charts,grype,GHSA-c7q8-3ch8-vqpv,High,/pnpm-lock.yaml,,@xmldom/xmldom,0.8.13,0.8.15,npm,,xmldom: Processing Instruction Target Injection Bypasses requireWellFormed,3.0
TanStack/charts,grype,GHSA-c7q8-3ch8-vqpv,High,/pnpm-lock.yaml,,@xmldom/xmldom,0.9.10,0.9.12,npm,,xmldom: Processing Instruction Target Injection Bypasses requireWellFormed,3.0
TanStack/charts,grype,GHSA-f4gw-2p7v-4548,Medium,/pnpm-lock.yaml,,axios,1.16.0,1.18.0,npm,,Axios: NO_PROXY bypass for 0.0.0.0 local addresses in axios,2.0
TanStack/charts,grype,GHSA-f65p-4m7j-42xc,High,/pnpm-lock.yaml,,fast-uri,3.1.4,3.1.6,npm,,fast-uri vulnerable to server-side request forgery via malformed IPv6 normalization,3.0
TanStack/charts,grype,GHSA-f67j-2jqw-jpq7,High,/pnpm-lock.yaml,,@angular/platform-server,22.0.8,22.1.6,npm,,Angular SSR: Denial of Service (DoS) via Infinite Loop on Malformed DOCTYPE,3.0
TanStack/charts,grype,GHSA-f6mr-pjwc-34m4,High,/pnpm-lock.yaml,,@angular/platform-server,22.0.8,22.1.4,npm,,Angular: SSRF and Cross-Origin Credential Disclosure via URL Resolution Discrepancy in SSR,3.0
TanStack/charts,grype,GHSA-fph4-wmhf-6fwf,High,/pnpm-lock.yaml,,fast-uri,3.1.4,3.1.6,npm,,fast-uri vulnerable to server-side request forgery via repeated hostname percent-decoding,3.0
TanStack/charts,grype,GHSA-g2v6-rqmx-r4w6,High,/pnpm-lock.yaml,,@vue/server-renderer,3.5.40,3.5.42,npm,,@vue/server-renderer: XSS via missing CR in attribute-name blacklist,3.0
TanStack/charts,grype,GHSA-g53g-w8rj-fmg7,High,/pnpm-lock.yaml,,@xmldom/xmldom,0.9.10,0.9.11,npm,,xmldom PI grammar regex ReDoS: quadratic backtracking on unterminated processing instructions,3.0
TanStack/charts,grype,GHSA-g7r4-m6w7-qqqr,Low,/pnpm-lock.yaml,,esbuild,0.27.7,0.28.1,npm,,esbuild allows arbitrary file read when running the development server on Windows,1.0
TanStack/charts,grype,GHSA-gcfj-64vw-6mp9,High,/pnpm-lock.yaml,,axios,1.16.0,1.18.0,npm,,Axios Node HTTP adapter can use an inherited proxy after interceptor config cloning,3.0
TanStack/charts,grype,GHSA-gg4h-3hg2-grpc,Low,/pnpm-lock.yaml,,joi,17.13.4,17.13.5,npm,,joi: object().rename() with a template target can set the validated object's prototype,1.0
TanStack/charts,grype,GHSA-gh4j-gqv2-49f6,Medium,/pnpm-lock.yaml,,fast-xml-parser,4.5.7,5.7.0,npm,,fast-xml-parser XMLBuilder: XML Comment and CDATA Injection via Unescaped Delimiters,2.0
TanStack/charts,grype,GHSA-gjj5-9665-rwrc,High,/pnpm-lock.yaml,,probe-image-size,7.3.0,7.4.0,npm,,probe-image-size: Quadratic-time Denial of Service in the SVG Parser,3.0
TanStack/charts,grype,GHSA-hcpx-6fm6-wx23,Medium,/pnpm-lock.yaml,,axios,1.16.0,1.18.0,npm,,Axios form serializer maxDepth bypass via {} metatoken,2.0
TanStack/charts,grype,GHSA-hh8m-fm6v-7cvg,Medium,/pnpm-lock.yaml,,@angular/compiler,22.0.8,22.1.0,npm,,Angular: Sanitization bypass via directive host bindings on concrete host elements in @angular/core and @angular/compiler,2.0
TanStack/charts,grype,GHSA-hh8m-fm6v-7cvg,Medium,/pnpm-lock.yaml,,@angular/core,22.0.8,22.1.0,npm,,Angular: Sanitization bypass via directive host bindings on concrete host elements in @angular/core and @angular/compiler,2.0
TanStack/charts,grype,GHSA-hmw2-7cc7-3qxx,High,/pnpm-lock.yaml,,form-data,4.0.5,4.0.6,npm,,form-data: CRLF injection in form-data via unescaped multipart field names and filenames,3.0
TanStack/charts,grype,GHSA-hp3w-g68c-fv3c,Medium,/pnpm-lock.yaml,,sprintf-js,1.0.3,,npm,,sprintf-js vulnerable to denial of service through unbounded precision specifiers,2.0
TanStack/charts,grype,GHSA-hrr3-gc8f-f4qj,Medium,/pnpm-lock.yaml,,fast-uri,3.1.4,3.1.8,npm,,fast-uri vulnerable to inconsistent host case normalization via percent-encoded octets,2.0
TanStack/charts,grype,GHSA-hrvq-x7jp-36xv,Medium,/pnpm-lock.yaml,,nx,22.7.5,22.7.10,npm,,Nx: Path traversal in nx migrate package-migrations extraction,2.0
TanStack/charts,grype,GHSA-hx4r-w6wj-j8fg,Medium,/pnpm-lock.yaml,,devalue,5.8.2,5.9.3,npm,,devalue: Residual sparse-array CPU amplification in uneval,2.0
TanStack/charts,grype,GHSA-j22f-vq7h-c4qm,High,/pnpm-lock.yaml,,devalue,5.8.2,5.9.3,npm,,devalue: `stringify`/`uneval` serialize shared memory,3.0
TanStack/charts,grype,GHSA-j3r3-mxqp-r2p4,High,/pnpm-lock.yaml,,@angular/platform-server,22.0.8,22.1.4,npm,,Angular SSR: XSS via Unescaped Processing Instruction (<?...?>) Nodes in Fallback Raw-Content Elements,3.0
TanStack/charts,grype,GHSA-j8rh-479h-cp32,Medium,/pnpm-lock.yaml,,axios,1.16.0,1.20.0,npm,,Axios: Header Injection via Inherited headers After Minimal Interceptor,2.0
TanStack/charts,grype,GHSA-jp82-f5mq-hwhp,High,/pnpm-lock.yaml,,seroval,1.5.6,1.6.3,npm,,Seroval: Memory exhaustion via unchecked TypedArray length in JSON deserialization,3.0
TanStack/charts,grype,GHSA-jqff-g426-hqxp,High,/pnpm-lock.yaml,,fast-uri,3.1.4,3.1.6,npm,,fast-uri vulnerable to host confusion via percent-encoded scheme normalization,3.0
TanStack/charts,grype,GHSA-jqh4-m9w3-8hp9,Medium,/pnpm-lock.yaml,,axios,1.16.0,1.18.0,npm,,Axios: Fetch adapter `ReadableStream` uploads bypass `maxBodyLength`,2.0
TanStack/charts,grype,GHSA-m8m8-qj5v-23w3,High,/pnpm-lock.yaml,,axios,1.16.0,1.20.0,npm,,Axios: Node HTTP adapter prototype-pollution gadget allows request socket hijack via inherited createConnection,3.0
TanStack/charts,grype,GHSA-mcm9-63f2-9j32,High,/pnpm-lock.yaml,,devalue,5.8.2,5.9.3,npm,,devalue: Repeated primitive strings cause quadratic expansion in uneval,3.0
TanStack/charts,grype,GHSA-mghh-pgcx-3jjj,High,/pnpm-lock.yaml,,axios,1.16.0,1.20.0,npm,,"Axios: ReDoS (O(N²)) in shouldBypassProxy host normalization, reachable via untrusted redirect Location",3.0
TanStack/charts,grype,GHSA-mh99-v99m-4gvg,High,/pnpm-lock.yaml,,brace-expansion,5.0.6,5.0.8,npm,,brace-expansion: DoS via unbounded expansion length causing an out-of-memory process crash,3.0
TanStack/charts,grype,GHSA-mmx7-hfxf-jppx,Medium,/pnpm-lock.yaml,,axios,1.16.0,1.18.0,npm,,Axios: Prototype pollution gadgets can alter axios request construction,2.0
TanStack/charts,grype,GHSA-mwf2-3pr3-8698,Medium,/pnpm-lock.yaml,,axios,1.16.0,1.18.0,npm,,Axios: HTTP/2 streamed uploads bypass `maxBodyLength`,2.0
TanStack/charts,grype,GHSA-p297-fm68-3q8c,Medium,/pnpm-lock.yaml,,@angular/common,22.0.8,22.1.1,npm,,Angular: Information Leak via `HttpTransferCache` Bypass When Using `withRequestsMadeViaParent`,2.0
TanStack/charts,grype,GHSA-p6vx-979v-rg4c,Critical,/pnpm-lock.yaml,,seroval,1.5.6,1.6.2,npm,,Seroval: `fromJSON()` Promise thenable assimilation invokes plugin-produced callables (bypass of GHSA-mv8w-475r-vwqw),4.0
TanStack/charts,grype,GHSA-pmjh-fq2x-6v4x,Medium,/pnpm-lock.yaml,,undici,7.29.0,7.29.1,npm,,undici vulnerable to Denial of Service via orphaned RetryHandler response body,2.0
TanStack/charts,grype,GHSA-pmv8-rq9r-6j72,Medium,/pnpm-lock.yaml,,axios,1.16.0,1.18.0,npm,,Axios: Deep formToJSON Key Recursion Can Cause Denial of Service,2.0
TanStack/charts,grype,GHSA-pqg4-j6r4-53mv,Critical,/pnpm-lock.yaml,,shell-quote,1.10.0,1.11.0,npm,,shell-quote: `quote()` command injection via a line terminator in a token after a `{ comment }` token,4.0
TanStack/charts,grype,GHSA-q2hr-2g5m-vwhr,Medium,/pnpm-lock.yaml,,brace-expansion,5.0.6,5.0.12,npm,,"brace-expansion: Quadratic-time expansion of the `{a},b}` rewrite causes CPU denial of service",2.0
TanStack/charts,grype,GHSA-q2hr-2g5m-vwhr,Medium,/pnpm-lock.yaml,,brace-expansion,5.0.8,5.0.12,npm,,"brace-expansion: Quadratic-time expansion of the `{a},b}` rewrite causes CPU denial of service",2.0
TanStack/charts,grype,GHSA-qhr7-859c-m2p7,High,/pnpm-lock.yaml,,brace-expansion,5.0.6,5.0.11,npm,,brace-expansion: DoS via uncontrolled recursion on nested brace groups causing stack exhaustion,3.0
TanStack/charts,grype,GHSA-qhr7-859c-m2p7,High,/pnpm-lock.yaml,,brace-expansion,5.0.8,5.0.11,npm,,brace-expansion: DoS via uncontrolled recursion on nested brace groups causing stack exhaustion,3.0
TanStack/charts,grype,GHSA-qw65-cvwx-89v3,High,/pnpm-lock.yaml,,fast-uri,3.1.4,3.1.7,npm,,fast-uri vulnerable to authority injection via an unvalidated port in serialize,3.0
TanStack/charts,grype,GHSA-r4xh-jqrq-34v2,Medium,/pnpm-lock.yaml,,smol-toml,1.6.1,1.9.0,npm,,smol-toml: Quadratic-time parse() from parseKey rescanning to end of document on each key line,2.0
TanStack/charts,grype,GHSA-r53p-7pc4-xj5r,Low,/pnpm-lock.yaml,,undici,7.29.0,7.29.1,npm,,undici vulnerable to downstream response splitting via retry interceptor,1.0
TanStack/charts,grype,GHSA-rfgv-xxqx-mfg5,High,/pnpm-lock.yaml,,undici,7.29.0,7.29.1,npm,,undici vulnerable to Denial of Service via unrequested WebSocket subprotocol,3.0
TanStack/charts,grype,GHSA-rgw5-rvv9-x895,High,/pnpm-lock.yaml,,brace-expansion,5.0.6,5.0.9,npm,,"brace-expansion: DoS via unbounded intermediate arrays, bypassing the CVE-2026-14257 mitigation",3.0
TanStack/charts,grype,GHSA-rgw5-rvv9-x895,High,/pnpm-lock.yaml,,brace-expansion,5.0.8,5.0.9,npm,,"brace-expansion: DoS via unbounded intermediate arrays, bypassing the CVE-2026-14257 mitigation",3.0
TanStack/charts,grype,GHSA-rx4f-c7p8-82vq,Medium,/pnpm-lock.yaml,,undici,7.29.0,7.29.1,npm,,undici vulnerable to Denial of Service via WebSocketStream unclean close,2.0
TanStack/charts,grype,GHSA-v3p8-whq6-r5jg,High,/pnpm-lock.yaml,,@angular/platform-server,22.0.8,22.1.4,npm,,Angular: SSR XSS via Unescaped <template> Content Across DocumentFragment Boundaries in Fallback Raw-Content Elements,3.0
TanStack/charts,grype,GHSA-vc2v-76pw-4v95,High,/pnpm-lock.yaml,,compression,1.8.1,1.8.2,npm,,compression vulnerable to Denial of Service via memory leak on premature response close,3.0
TanStack/charts,grype,GHSA-vfj7-8cjw-p6xm,High,/pnpm-lock.yaml,,braces,3.0.3,,npm,,braces vulnerable to stack-exhaustion denial of service through deeply nested patterns,3.0
TanStack/charts,grype,GHSA-vh66-26gq-q6x8,Medium,/pnpm-lock.yaml,,axios,1.16.0,1.20.0,npm,,Axios: Prototype pollution gadget in fetch adapter can alter outbound requests,2.0
TanStack/charts,grype,GHSA-vp3h-ghgh-jr7g,High,/pnpm-lock.yaml,,nx,22.7.5,22.7.7,npm,,Nx: Zip-Slip in the self-hosted remote cache,3.0
TanStack/charts,grype,GHSA-vr34-hp96-76pp,High,/pnpm-lock.yaml,,@xmldom/xmldom,0.9.10,0.9.12,npm,,xmldom: requireWellFormed DocType publicId/systemId validation is bypassable via an embedded line terminator,3.0
TanStack/charts,grype,GHSA-w293-vg96-wgc3,High,/pnpm-lock.yaml,,undici,7.29.0,7.29.1,npm,,undici vulnerable to TLS certificate validation bypass via dropped connect options in BalancedPool,3.0
TanStack/charts,grype,GHSA-w2rr-34g9-rvrj,High,/pnpm-lock.yaml,,@xmldom/xmldom,0.8.13,0.8.14,npm,,xmldom: Element name injection via createElement() bypasses requireWellFormed,3.0
TanStack/charts,grype,GHSA-w2rr-34g9-rvrj,High,/pnpm-lock.yaml,,@xmldom/xmldom,0.9.10,0.9.11,npm,,xmldom: Element name injection via createElement() bypasses requireWellFormed,3.0
TanStack/charts,grype,GHSA-w2vw-w76x-qr89,High,/pnpm-lock.yaml,,nx,22.7.5,22.7.8,npm,,Nx: OS command injection via git revisions and remote refs,3.0
TanStack/charts,grype,GHSA-w3rx-r6r6-pgpr,High,/pnpm-lock.yaml,,image-size,1.2.1,2.0.3,npm,,image-size: ICNS parser allows denial of service through an infinite loop,3.0
TanStack/charts,grype,GHSA-w3vv-58gj-gw77,High,/pnpm-lock.yaml,,nx,22.7.5,22.7.9,npm,,Nx daemon and plugin worker sockets are accessible to other local users,3.0
TanStack/charts,grype,GHSA-w5hq-g745-h8pq,Medium,/pnpm-lock.yaml,,uuid,7.0.3,11.1.1,npm,,uuid: Missing buffer bounds check in v3/v5/v6 when buf is provided,2.0
TanStack/charts,grype,GHSA-wf3x-273g-mvxv,Low,/pnpm-lock.yaml,,devalue,5.8.2,5.9.3,npm,,devalue: Sparse arrays emitted by uneval cause eager allocation when evaluated,1.0
TanStack/charts,grype,GHSA-wr44-6hxh-3jwq,Medium,/pnpm-lock.yaml,,joi,17.13.4,17.13.8,npm,,joi messages compilation allows prototype replacement through __proto__ error codes,2.0
TanStack/charts,grype,GHSA-x4fp-j954-r2f4,High,/pnpm-lock.yaml,,@xmldom/xmldom,0.8.13,0.8.15,npm,,xmldom: End-tag Whitespace-Trim Regex ReDoS — quadratic backtracking in the 0.8.x end-tag parser,3.0
TanStack/charts,grype,GHSA-x5fp-wj9c-mxmx,Medium,/pnpm-lock.yaml,,qs,6.15.3,6.16.0,npm,,qs array-limit bypass via bracket-key comma parsing,2.0
TanStack/charts,grype,GHSA-x5rw-q4pp-hg5g,High,/pnpm-lock.yaml,,devalue,5.8.2,5.9.3,npm,,devalue: stringifyAsync can cause an unhandled rejection despite a caught returned promise,3.0
TanStack/charts,grype,GHSA-x97p-jq2g-jp4f,High,/pnpm-lock.yaml,,axios,1.16.0,1.20.0,npm,,Axios: Prototype Pollution Gadget in axios toFormData Options,3.0
TanStack/charts,grype,GHSA-xj6q-8x83-jv6g,Medium,/pnpm-lock.yaml,,axios,1.16.0,1.18.0,npm,,Axios: Prototype pollution auth subfields can inject Basic auth,2.0
TanStack/cli,grype,GHSA-22p9-wv53-3rq4,High,/pnpm-lock.yaml,,linkify-it,5.0.0,5.0.1,npm,,LinkifyIt#match scan loop has quadratic algorithmic complexity,3.0
TanStack/cli,grype,GHSA-238p-pmpm-9mq7,Low,/examples/react/ecommerce/pnpm-lock.yaml,,katex,0.16.27,0.18.2,npm,,KaTeX: Existing prototype pollution can bypass trust restrictions,1.0
TanStack/cli,grype,GHSA-23c5-xmqv-rm74,High,/pnpm-lock.yaml,,minimatch,10.0.1,10.2.3,npm,,minimatch ReDoS: nested *() extglobs generate catastrophically backtracking regular expressions,3.0
TanStack/cli,grype,GHSA-23c5-xmqv-rm74,High,/pnpm-lock.yaml,,minimatch,3.0.8,3.1.4,npm,,minimatch ReDoS: nested *() extglobs generate catastrophically backtracking regular expressions,3.0
TanStack/cli,grype,GHSA-23c5-xmqv-rm74,High,/pnpm-lock.yaml,,minimatch,3.1.2,3.1.4,npm,,minimatch ReDoS: nested *() extglobs generate catastrophically backtracking regular expressions,3.0
TanStack/cli,grype,GHSA-23c5-xmqv-rm74,High,/pnpm-lock.yaml,,minimatch,5.1.6,5.1.8,npm,,minimatch ReDoS: nested *() extglobs generate catastrophically backtracking regular expressions,3.0
TanStack/cli,grype,GHSA-23c5-xmqv-rm74,High,/pnpm-lock.yaml,,minimatch,9.0.3,9.0.7,npm,,minimatch ReDoS: nested *() extglobs generate catastrophically backtracking regular expressions,3.0
TanStack/cli,grype,GHSA-23c5-xmqv-rm74,High,/pnpm-lock.yaml,,minimatch,9.0.5,9.0.7,npm,,minimatch ReDoS: nested *() extglobs generate catastrophically backtracking regular expressions,3.0
TanStack/cli,grype,GHSA-23hp-3jrh-7fpw,Critical,/examples/react/ecommerce/pnpm-lock.yaml,,tar,7.4.3,7.5.19,npm,,node-tar: Decompression/parse DoS via unlimited input,4.0
TanStack/cli,grype,GHSA-253c-mchw-3w2r,Medium,/pnpm-lock.yaml,,markdown-it,14.1.0,14.3.1,npm,,"markdown-it linkify: true has two quadratic paths, so a few hundred KB of markdown blocks the event loop for tens of seconds",2.0
TanStack/cli,grype,GHSA-25h7-pfq9-p65f,High,/pnpm-lock.yaml,,flatted,3.3.3,3.4.0,npm,,flatted vulnerable to unbounded recursion DoS in parse() revive phase,3.0
TanStack/cli,grype,GHSA-2883-xcg3-v3hh,High,/examples/react/ecommerce/pnpm-lock.yaml,,js-yaml,4.1.1,4.3.2,npm,,js-yaml: maxTotalMergeKeys does not limit CPU use for empty merge sources,3.0
TanStack/cli,grype,GHSA-2883-xcg3-v3hh,High,/examples/react/resume/pnpm-lock.yaml,,js-yaml,3.14.1,3.15.2,npm,,js-yaml: maxTotalMergeKeys does not limit CPU use for empty merge sources,3.0
TanStack/cli,grype,GHSA-2883-xcg3-v3hh,High,/examples/react/resume/pnpm-lock.yaml,,js-yaml,4.1.1,4.3.2,npm,,js-yaml: maxTotalMergeKeys does not limit CPU use for empty merge sources,3.0
TanStack/cli,grype,GHSA-2883-xcg3-v3hh,High,/pnpm-lock.yaml,,js-yaml,3.14.1,3.15.2,npm,,js-yaml: maxTotalMergeKeys does not limit CPU use for empty merge sources,3.0
TanStack/cli,grype,GHSA-2883-xcg3-v3hh,High,/pnpm-lock.yaml,,js-yaml,4.1.0,4.3.2,npm,,js-yaml: maxTotalMergeKeys does not limit CPU use for empty merge sources,3.0
TanStack/cli,grype,GHSA-2883-xcg3-v3hh,High,/pnpm-lock.yaml,,js-yaml,4.1.1,4.3.2,npm,,js-yaml: maxTotalMergeKeys does not limit CPU use for empty merge sources,3.0
TanStack/cli,grype,GHSA-28wg-ghj8-5hjv,High,/examples/react/ecommerce/pnpm-lock.yaml,,nanoid,3.3.11,3.3.16,npm,,nanoid: non-secure generators can loop indefinitely with negative size,3.0
TanStack/cli,grype,GHSA-28wg-ghj8-5hjv,High,/examples/react/resume/pnpm-lock.yaml,,nanoid,3.3.11,3.3.16,npm,,nanoid: non-secure generators can loop indefinitely with negative size,3.0
TanStack/cli,grype,GHSA-28wg-ghj8-5hjv,High,/pnpm-lock.yaml,,nanoid,3.3.11,3.3.16,npm,,nanoid: non-secure generators can loop indefinitely with negative size,3.0
TanStack/cli,grype,GHSA-2g4f-4pwh-qvx6,Medium,/pnpm-lock.yaml,,ajv,6.12.6,6.14.0,npm,,ajv has ReDoS when using `$data` option,2.0
TanStack/cli,grype,GHSA-2g4f-4pwh-qvx6,Medium,/pnpm-lock.yaml,,ajv,8.12.0,8.18.0,npm,,ajv has ReDoS when using `$data` option,2.0
TanStack/cli,grype,GHSA-2g4f-4pwh-qvx6,Medium,/pnpm-lock.yaml,,ajv,8.13.0,8.18.0,npm,,ajv has ReDoS when using `$data` option,2.0
TanStack/cli,grype,GHSA-2v37-7h3g-55p8,High,/examples/react/ecommerce/pnpm-lock.yaml,,nanoid,3.3.11,3.3.18,npm,,nanoid: custom generators can loop indefinitely when size is zero,3.0
TanStack/cli,grype,GHSA-2v37-7h3g-55p8,High,/examples/react/resume/pnpm-lock.yaml,,nanoid,3.3.11,3.3.18,npm,,nanoid: custom generators can loop indefinitely when size is zero,3.0
TanStack/cli,grype,GHSA-2v37-7h3g-55p8,High,/pnpm-lock.yaml,,nanoid,3.3.11,3.3.18,npm,,nanoid: custom generators can loop indefinitely when size is zero,3.0
TanStack/cli,grype,GHSA-2v8p-3f2j-5mp7,Medium,/examples/react/ecommerce/pnpm-lock.yaml,,mermaid,11.12.2,11.16.1,npm,,Mermaid XY Charts are vulnerable to an infinite loop DoS,2.0
TanStack/cli,grype,GHSA-34x7-hfp2-rc4v,High,/examples/react/ecommerce/pnpm-lock.yaml,,tar,7.4.3,7.5.7,npm,,node-tar Vulnerable to Arbitrary File Creation/Overwrite via Hardlink Path Traversal,3.0
TanStack/cli,grype,GHSA-35jp-ww65-95wh,High,/pnpm-lock.yaml,,axios,1.13.2,1.16.0,npm,,axios Vulnerable to Full Man-in-the-Middle via Prototype Pollution Gadget in `config.proxy`,3.0
TanStack/cli,grype,GHSA-38c4-r59v-3vqw,Medium,/pnpm-lock.yaml,,markdown-it,14.1.0,14.1.1,npm,,markdown-it is has a Regular Expression Denial of Service (ReDoS),2.0
TanStack/cli,grype,GHSA-395f-4hp3-45gv,High,/examples/react/ecommerce/pnpm-lock.yaml,,shell-quote,1.8.3,1.9.0,npm,,shell-quote: Quadratic-complexity Denial of Service in `parse()` (CWE-407),3.0
TanStack/cli,grype,GHSA-39q2-94rc-95cp,Medium,/examples/react/ecommerce/pnpm-lock.yaml,,dompurify,3.3.1,3.4.0,npm,,DOMPurify's ADD_TAGS function form bypasses FORBID_TAGS due to short-circuit evaluation,2.0
TanStack/cli,grype,GHSA-3g43-6gmg-66jw,High,/pnpm-lock.yaml,,axios,1.13.2,1.15.2,npm,,axios Vulnerable to Credential Theft and Response Hijacking via Prototype Pollution Gadget in Config Merge,3.0
TanStack/cli,grype,GHSA-3j22-8qj3-26mx,High,/examples/react/ecommerce/pnpm-lock.yaml,,seroval,1.3.2,1.4.1,npm,,Seroval affected by Denial of Service via Deeply Nested Objects,3.0
TanStack/cli,grype,GHSA-3jxr-9vmj-r5cp,High,/pnpm-lock.yaml,,brace-expansion,1.1.11,1.1.16,npm,,brace-expansion: DoS via exponential-time expansion of consecutive non-expanding {} groups,3.0
TanStack/cli,grype,GHSA-3jxr-9vmj-r5cp,High,/pnpm-lock.yaml,,brace-expansion,2.0.1,2.1.2,npm,,brace-expansion: DoS via exponential-time expansion of consecutive non-expanding {} groups,3.0
TanStack/cli,grype,GHSA-3p68-rc4w-qgx5,Medium,/pnpm-lock.yaml,,axios,1.13.2,1.15.0,npm,,Axios has a NO_PROXY Hostname Normalization Bypass that Leads to SSRF,2.0
TanStack/cli,grype,GHSA-3ppc-4f35-3m26,High,/pnpm-lock.yaml,,minimatch,10.0.1,10.2.1,npm,,minimatch has a ReDoS via repeated wildcards with non-matching literal in pattern,3.0
TanStack/cli,grype,GHSA-3ppc-4f35-3m26,High,/pnpm-lock.yaml,,minimatch,3.0.8,3.1.3,npm,,minimatch has a ReDoS via repeated wildcards with non-matching literal in pattern,3.0
TanStack/cli,grype,GHSA-3ppc-4f35-3m26,High,/pnpm-lock.yaml,,minimatch,3.1.2,3.1.3,npm,,minimatch has a ReDoS via repeated wildcards with non-matching literal in pattern,3.0
TanStack/cli,grype,GHSA-3ppc-4f35-3m26,High,/pnpm-lock.yaml,,minimatch,5.1.6,5.1.7,npm,,minimatch has a ReDoS via repeated wildcards with non-matching literal in pattern,3.0
TanStack/cli,grype,GHSA-3ppc-4f35-3m26,High,/pnpm-lock.yaml,,minimatch,9.0.3,9.0.6,npm,,minimatch has a ReDoS via repeated wildcards with non-matching literal in pattern,3.0
TanStack/cli,grype,GHSA-3ppc-4f35-3m26,High,/pnpm-lock.yaml,,minimatch,9.0.5,9.0.6,npm,,minimatch has a ReDoS via repeated wildcards with non-matching literal in pattern,3.0
TanStack/cli,grype,GHSA-3pq3-5fj3-cg6v,High,/pnpm-lock.yaml,,axios,1.13.2,1.20.0,npm,,Axios: HTTP/2 adapter bypasses configured DNS lookup and proxy controls,3.0
TanStack/cli,grype,GHSA-3rrr-jr9j-h3q3,Medium,/examples/react/ecommerce/pnpm-lock.yaml,,mermaid,11.12.2,11.16.1,npm,,Mermaid Architecture diagrams are vulnerable to prototype pollution,2.0
TanStack/cli,grype,GHSA-3rxj-6cgf-8cfw,High,/examples/react/ecommerce/pnpm-lock.yaml,,seroval,1.3.2,1.4.1,npm,,seroval Affected by Remote Code Execution via JSON Deserialization,3.0
TanStack/cli,grype,GHSA-3v7f-55p6-f55p,Medium,/examples/react/resume/pnpm-lock.yaml,,picomatch,4.0.3,4.0.4,npm,,Picomatch: Method Injection in POSIX Character Classes causes incorrect Glob Matching,2.0
TanStack/cli,grype,GHSA-3v7f-55p6-f55p,Medium,/pnpm-lock.yaml,,picomatch,2.3.1,2.3.2,npm,,Picomatch: Method Injection in POSIX Character Classes causes incorrect Glob Matching,2.0
TanStack/cli,grype,GHSA-3v7f-55p6-f55p,Medium,/pnpm-lock.yaml,,picomatch,4.0.3,4.0.4,npm,,Picomatch: Method Injection in POSIX Character Classes causes incorrect Glob Matching,2.0
TanStack/cli,grype,GHSA-3w6x-2g7m-8v23,Medium,/pnpm-lock.yaml,,axios,1.13.2,1.15.2,npm,,Axios: Invisible JSON Response Tampering via Prototype Pollution Gadget in `parseReviver`,2.0
TanStack/cli,grype,GHSA-42h9-826w-cgv3,Medium,/pnpm-lock.yaml,,axios,1.13.2,1.18.0,npm,,Axios: Excessive recursion in formDataToJSON can cause denial of service,2.0
TanStack/cli,grype,GHSA-43fc-jf86-j433,High,/pnpm-lock.yaml,,axios,1.13.2,1.13.5,npm,,Axios is Vulnerable to Denial of Service via __proto__ Key in mergeConfig,3.0
TanStack/cli,grype,GHSA-445q-vr5w-6q77,Medium,/pnpm-lock.yaml,,axios,1.13.2,1.15.1,npm,,Axios: CRLF Injection in multipart/form-data body via unsanitized blob.type in formDataToStream,2.0
TanStack/cli,grype,GHSA-48c2-rrv3-qjmp,Medium,/examples/react/resume/pnpm-lock.yaml,,yaml,2.7.1,2.8.3,npm,,yaml is vulnerable to Stack Overflow via deeply nested YAML collections,2.0
TanStack/cli,grype,GHSA-48c2-rrv3-qjmp,Medium,/pnpm-lock.yaml,,yaml,2.7.1,2.8.3,npm,,yaml is vulnerable to Stack Overflow via deeply nested YAML collections,2.0
TanStack/cli,grype,GHSA-48c2-rrv3-qjmp,Medium,/pnpm-lock.yaml,,yaml,2.8.2,2.8.3,npm,,yaml is vulnerable to Stack Overflow via deeply nested YAML collections,2.0
TanStack/cli,grype,GHSA-4fh9-h7wg-q85m,Medium,/examples/react/ecommerce/pnpm-lock.yaml,,mdast-util-to-hast,13.2.0,13.2.1,npm,,mdast-util-to-hast has unsanitized class attribute,2.0
TanStack/cli,grype,GHSA-4hqw-qxg8-jxx2,Medium,/pnpm-lock.yaml,,axios,1.13.2,1.20.0,npm,,Axios: Fetch Adapter Header Injection via Inherited FormData getHeaders,2.0
TanStack/cli,grype,GHSA-4w7w-66w2-5vf9,Medium,/pnpm-lock.yaml,,vite,7.1.7,7.3.2,npm,,Vite Vulnerable to Path Traversal in Optimized Deps `.map` Handling,2.0
TanStack/cli,grype,GHSA-4x5r-pxfx-6jf8,Low,/examples/react/ecommerce/pnpm-lock.yaml,,@babel/core,7.28.5,7.29.6,npm,,@babel/core: Arbitrary File Read via sourceMappingURL Comment,1.0
TanStack/cli,grype,GHSA-4x5r-pxfx-6jf8,Low,/examples/react/resume/pnpm-lock.yaml,,@babel/core,7.28.5,7.29.6,npm,,@babel/core: Arbitrary File Read via sourceMappingURL Comment,1.0
TanStack/cli,grype,GHSA-52cp-r559-cp3m,High,/examples/react/ecommerce/pnpm-lock.yaml,,js-yaml,4.1.1,4.3.0,npm,,js-yaml: YAML merge-key chains can force quadratic CPU consumption,3.0
TanStack/cli,grype,GHSA-52cp-r559-cp3m,High,/examples/react/resume/pnpm-lock.yaml,,js-yaml,3.14.1,3.15.0,npm,,js-yaml: YAML merge-key chains can force quadratic CPU consumption,3.0
TanStack/cli,grype,GHSA-52cp-r559-cp3m,High,/examples/react/resume/pnpm-lock.yaml,,js-yaml,4.1.1,4.3.0,npm,,js-yaml: YAML merge-key chains can force quadratic CPU consumption,3.0
TanStack/cli,grype,GHSA-52cp-r559-cp3m,High,/pnpm-lock.yaml,,js-yaml,3.14.1,3.15.0,npm,,js-yaml: YAML merge-key chains can force quadratic CPU consumption,3.0
TanStack/cli,grype,GHSA-52cp-r559-cp3m,High,/pnpm-lock.yaml,,js-yaml,4.1.0,4.3.0,npm,,js-yaml: YAML merge-key chains can force quadratic CPU consumption,3.0
TanStack/cli,grype,GHSA-52cp-r559-cp3m,High,/pnpm-lock.yaml,,js-yaml,4.1.1,4.3.0,npm,,js-yaml: YAML merge-key chains can force quadratic CPU consumption,3.0
TanStack/cli,grype,GHSA-52f5-9888-hmc6,Low,/pnpm-lock.yaml,,tmp,0.2.3,0.2.4,npm,,tmp allows arbitrary temporary file / directory write via symbolic link `dir` parameter,1.0
TanStack/cli,grype,GHSA-542g-h47m-68v8,High,/pnpm-lock.yaml,,axios,1.13.2,1.20.0,npm,,Axios: Denial of Service via Unhandled 'error' Event in HTTP/2 ClientHttp2Session Initialization,3.0
TanStack/cli,grype,GHSA-55q2-fjhq-7xh7,Medium,/examples/react/ecommerce/pnpm-lock.yaml,,dompurify,3.3.1,3.4.13,npm,,"DOMPurify: IN_PLACE hook removal leaves a detached subtree executable, causing XSS",2.0
TanStack/cli,grype,GHSA-58qx-3vcg-4xpx,Medium,/examples/react/ecommerce/pnpm-lock.yaml,,ws,8.18.3,8.20.1,npm,,ws: Uninitialized memory disclosure,2.0
TanStack/cli,grype,GHSA-58qx-3vcg-4xpx,Medium,/examples/react/resume/pnpm-lock.yaml,,ws,8.19.0,8.20.1,npm,,ws: Uninitialized memory disclosure,2.0
TanStack/cli,grype,GHSA-58qx-3vcg-4xpx,Medium,/pnpm-lock.yaml,,ws,8.18.1,8.20.1,npm,,ws: Uninitialized memory disclosure,2.0
TanStack/cli,grype,GHSA-5c6j-r48x-rmvq,High,/examples/react/resume/pnpm-lock.yaml,,serialize-javascript,6.0.2,7.0.3,npm,,Serialize JavaScript is Vulnerable to RCE via RegExp.flags and Date.prototype.toISOString(),3.0
TanStack/cli,grype,GHSA-5c9x-8gcm-mpgx,Medium,/pnpm-lock.yaml,,axios,1.13.2,1.15.1,npm,,Axios' HTTP adapter-streamed uploads bypass maxBodyLength when maxRedirects: 0,2.0
TanStack/cli,grype,GHSA-5j98-mcp5-4vw2,High,/pnpm-lock.yaml,,glob,11.0.2,11.1.0,npm,,glob CLI: Command injection via -c/--cmd executes matches with shell:true,3.0
TanStack/cli,grype,GHSA-5p4m-2wfm-xmqj,High,/examples/react/ecommerce/pnpm-lock.yaml,,js-yaml,4.1.1,4.3.1,npm,,JS-YAML: Quadratic CPU consumption in !!omap resolution (3.x and 4.x) — CVE-2026-59870 fix not backported,3.0
TanStack/cli,grype,GHSA-5p4m-2wfm-xmqj,High,/examples/react/resume/pnpm-lock.yaml,,js-yaml,3.14.1,3.15.1,npm,,JS-YAML: Quadratic CPU consumption in !!omap resolution (3.x and 4.x) — CVE-2026-59870 fix not backported,3.0
TanStack/cli,grype,GHSA-5p4m-2wfm-xmqj,High,/examples/react/resume/pnpm-lock.yaml,,js-yaml,4.1.1,4.3.1,npm,,JS-YAML: Quadratic CPU consumption in !!omap resolution (3.x and 4.x) — CVE-2026-59870 fix not backported,3.0
TanStack/cli,grype,GHSA-5p4m-2wfm-xmqj,High,/pnpm-lock.yaml,,js-yaml,3.14.1,3.15.1,npm,,JS-YAML: Quadratic CPU consumption in !!omap resolution (3.x and 4.x) — CVE-2026-59870 fix not backported,3.0
TanStack/cli,grype,GHSA-5p4m-2wfm-xmqj,High,/pnpm-lock.yaml,,js-yaml,4.1.0,4.3.1,npm,,JS-YAML: Quadratic CPU consumption in !!omap resolution (3.x and 4.x) — CVE-2026-59870 fix not backported,3.0
TanStack/cli,grype,GHSA-5p4m-2wfm-xmqj,High,/pnpm-lock.yaml,,js-yaml,4.1.1,4.3.1,npm,,JS-YAML: Quadratic CPU consumption in !!omap resolution (3.x and 4.x) — CVE-2026-59870 fix not backported,3.0
TanStack/cli,grype,GHSA-62hf-57xw-28j9,Medium,/pnpm-lock.yaml,,axios,1.13.2,1.15.1,npm,,Axios: unbounded recursion in toFormData causes DoS via deeply nested request data,2.0
TanStack/cli,grype,GHSA-6688-9rhm-gjv2,Low,/examples/react/ecommerce/pnpm-lock.yaml,,dompurify,3.3.1,3.4.16,npm,,DOMPurify: IN_PLACE returns a force-removed rawtext root whose text carries attacker markup — pure HTML reparse executes,1.0
TanStack/cli,grype,GHSA-66fc-rw6m-c2q6,High,/examples/react/ecommerce/pnpm-lock.yaml,,seroval,1.3.2,1.4.1,npm,,Seroval affected by Denial of Service via Array serialization,3.0
TanStack/cli,grype,GHSA-68fv-2mgg-jv7q,High,/examples/react/ecommerce/pnpm-lock.yaml,,source-map-js,1.2.1,1.2.2,npm,,source-map-js allows event-loop denial of service through indexed source-map section offsets,3.0
TanStack/cli,grype,GHSA-68fv-2mgg-jv7q,High,/examples/react/resume/pnpm-lock.yaml,,source-map-js,1.2.1,1.2.2,npm,,source-map-js allows event-loop denial of service through indexed source-map section offsets,3.0
TanStack/cli,grype,GHSA-68fv-2mgg-jv7q,High,/pnpm-lock.yaml,,source-map-js,1.2.1,1.2.2,npm,,source-map-js allows event-loop denial of service through indexed source-map section offsets,3.0
TanStack/cli,grype,GHSA-6chq-wfr3-2hj9,High,/pnpm-lock.yaml,,axios,1.13.2,1.15.1,npm,,Axios: Header Injection via Prototype Pollution,3.0
TanStack/cli,grype,GHSA-6g55-p6wh-862q,High,/pnpm-lock.yaml,,postcss,8.5.6,8.5.12,npm,,PostCSS: Arbitrary file read and information disclosure via attacker-controlled sourceMappingURL in CSS comments,3.0
TanStack/cli,grype,GHSA-6j4f-fj2g-mc7p,High,/pnpm-lock.yaml,,brace-expansion,1.1.11,1.1.19,npm,,brace-expansion: DoS via uncontrolled recursion in parseCommaParts causing stack exhaustion,3.0
TanStack/cli,grype,GHSA-6j4f-fj2g-mc7p,High,/pnpm-lock.yaml,,brace-expansion,2.0.1,2.1.5,npm,,brace-expansion: DoS via uncontrolled recursion in parseCommaParts causing stack exhaustion,3.0
TanStack/cli,grype,GHSA-6m6c-36f7-fhxh,Medium,/examples/react/ecommerce/pnpm-lock.yaml,,mermaid,11.12.2,11.15.0,npm,,Mermaid Gantt Charts are vulnerable to an Infinite Loop DoS,2.0
TanStack/cli,grype,GHSA-6v5v-wf23-fmfq,Medium,/pnpm-lock.yaml,,markdown-it,14.1.0,14.2.0,npm,,markdown-it: Quadratic complexity DoS in smartquotes rule via replaceAt string operations,2.0
TanStack/cli,grype,GHSA-6x64-9x62-f2gx,Medium,/examples/react/ecommerce/pnpm-lock.yaml,,mermaid,11.12.2,11.16.1,npm,,Mermaid allows CSS injection applying to sibling elements of the diagram,2.0
TanStack/cli,grype,GHSA-73rr-hh4g-fpgx,Low,/pnpm-lock.yaml,,diff,7.0.0,8.0.3,npm,,jsdiff has a Denial of Service vulnerability in parsePatch and applyPatch,1.0
TanStack/cli,grype,GHSA-73wf-gq98-2v4g,High,/examples/react/ecommerce/pnpm-lock.yaml,,browserslist,4.25.2,4.28.7,npm,,Browserslist: Uncaught crash / prototype write via untrusted browserslist-stats.json custom stats (normalizeStats),3.0
TanStack/cli,grype,GHSA-73wf-gq98-2v4g,High,/examples/react/resume/pnpm-lock.yaml,,browserslist,4.24.4,4.28.7,npm,,Browserslist: Uncaught crash / prototype write via untrusted browserslist-stats.json custom stats (normalizeStats),3.0
TanStack/cli,grype,GHSA-76mc-f452-cxcm,Medium,/examples/react/ecommerce/pnpm-lock.yaml,,dompurify,3.3.1,3.4.7,npm,,DOMPurify: Hook mutation of `data.allowedTags` / `data.allowedAttributes` permanently pollutes `DEFAULT_ALLOWED_TAGS` / `DEFAULT_ALLOWED_ATTR`,2.0
TanStack/cli,grype,GHSA-777c-7fjr-54vf,High,/pnpm-lock.yaml,,axios,1.13.2,1.16.0,npm,,Allocation of Resources Without Limits or Throttling in Axios,3.0
TanStack/cli,grype,GHSA-7q8q-rj6j-mhjq,Medium,/pnpm-lock.yaml,,axios,1.13.2,1.18.0,npm,,Axios: Nested axios option objects can consume polluted prototype values,2.0
TanStack/cli,grype,GHSA-7r86-cg39-jmmj,High,/pnpm-lock.yaml,,minimatch,10.0.1,10.2.3,npm,,minimatch has ReDoS: matchOne() combinatorial backtracking via multiple non-adjacent GLOBSTAR segments,3.0
TanStack/cli,grype,GHSA-7r86-cg39-jmmj,High,/pnpm-lock.yaml,,minimatch,3.0.8,3.1.3,npm,,minimatch has ReDoS: matchOne() combinatorial backtracking via multiple non-adjacent GLOBSTAR segments,3.0
TanStack/cli,grype,GHSA-7r86-cg39-jmmj,High,/pnpm-lock.yaml,,minimatch,3.1.2,3.1.3,npm,,minimatch has ReDoS: matchOne() combinatorial backtracking via multiple non-adjacent GLOBSTAR segments,3.0
TanStack/cli,grype,GHSA-7r86-cg39-jmmj,High,/pnpm-lock.yaml,,minimatch,5.1.6,5.1.8,npm,,minimatch has ReDoS: matchOne() combinatorial backtracking via multiple non-adjacent GLOBSTAR segments,3.0
TanStack/cli,grype,GHSA-7r86-cg39-jmmj,High,/pnpm-lock.yaml,,minimatch,9.0.3,9.0.7,npm,,minimatch has ReDoS: matchOne() combinatorial backtracking via multiple non-adjacent GLOBSTAR segments,3.0
TanStack/cli,grype,GHSA-7r86-cg39-jmmj,High,/pnpm-lock.yaml,,minimatch,9.0.5,9.0.7,npm,,minimatch has ReDoS: matchOne() combinatorial backtracking via multiple non-adjacent GLOBSTAR segments,3.0
TanStack/cli,grype,GHSA-82fw-gwwq-j7x9,Medium,/pnpm-lock.yaml,,@vitest/mocker,4.1.5,4.1.11,npm,,Vitest: Path Traversal / Arbitrary File Read via @vitest/mocker Redirect Mock,2.0
TanStack/cli,grype,GHSA-82fw-gwwq-j7x9,Medium,/pnpm-lock.yaml,,vitest,4.1.5,4.1.11,npm,,Vitest: Path Traversal / Arbitrary File Read via @vitest/mocker Redirect Mock,2.0
TanStack/cli,grype,GHSA-83g3-92jg-28cx,High,/examples/react/ecommerce/pnpm-lock.yaml,,tar,7.4.3,7.5.8,npm,,Arbitrary File Read/Write via Hardlink Target Escape Through Symlink Chain in node-tar Extraction,3.0
TanStack/cli,grype,GHSA-858h-whjf-mvg5,High,/pnpm-lock.yaml,,simple-git,3.30.0,4.0.0,npm,,simple-git: unsafe-operations plugin bypass via git long-option abbreviation (--receive-p/--exe) -> command execution (residual of CVE-2026-28291),3.0
TanStack/cli,grype,GHSA-87f9-hvmw-gh4p,Medium,/examples/react/ecommerce/pnpm-lock.yaml,,mermaid,11.12.2,11.15.0,npm,,Mermaid: Improper sanitization of configuration leads to CSS injection,2.0
TanStack/cli,grype,GHSA-898c-q2cr-xwhg,Medium,/pnpm-lock.yaml,,axios,1.13.2,1.16.0,npm,,axios has DoS & Header Injection via Prototype Pollution Read-Side Gadgets in axios merge functions,2.0
TanStack/cli,grype,GHSA-8qq5-rm4j-mr97,High,/examples/react/ecommerce/pnpm-lock.yaml,,tar,7.4.3,7.5.3,npm,,node-tar is Vulnerable to Arbitrary File Overwrite and Symlink Poisoning via Insufficient Path Sanitization,3.0
TanStack/cli,grype,GHSA-8x88-c5mf-7j5w,High,/examples/react/ecommerce/pnpm-lock.yaml,,tar,7.4.3,7.5.18,npm,,node-tar: Negative tar entry size causes infinite loop in archive replace,3.0
TanStack/cli,grype,GHSA-93m4-6634-74q7,Medium,/pnpm-lock.yaml,,vite,7.1.7,7.1.11,npm,,vite allows server.fs.deny bypass via backslash on Windows,2.0
TanStack/cli,grype,GHSA-96hv-2xvq-fx4p,High,/examples/react/ecommerce/pnpm-lock.yaml,,ws,8.18.3,8.21.0,npm,,ws: Memory exhaustion DoS from tiny fragments and data chunks,3.0
TanStack/cli,grype,GHSA-96hv-2xvq-fx4p,High,/examples/react/resume/pnpm-lock.yaml,,ws,8.19.0,8.21.0,npm,,ws: Memory exhaustion DoS from tiny fragments and data chunks,3.0
TanStack/cli,grype,GHSA-96hv-2xvq-fx4p,High,/pnpm-lock.yaml,,ws,8.18.1,8.21.0,npm,,ws: Memory exhaustion DoS from tiny fragments and data chunks,3.0
TanStack/cli,grype,GHSA-9fr6-4gfg-395g,Medium,/pnpm-lock.yaml,,axios,1.13.2,1.20.0,npm,,Axios: Prototype-Pollution Gadget in the Default Instance Allows Inherited Object.prototype.method to Override HTTP Method,2.0
TanStack/cli,grype,GHSA-9ppj-qmqm-q256,High,/examples/react/ecommerce/pnpm-lock.yaml,,tar,7.4.3,7.5.11,npm,,node-tar Symlink Path Traversal via Drive-Relative Linkpath,3.0
TanStack/cli,grype,GHSA-c2c7-rcm5-vvqj,High,/examples/react/resume/pnpm-lock.yaml,,picomatch,4.0.3,4.0.4,npm,,Picomatch has a ReDoS vulnerability via extglob quantifiers,3.0
TanStack/cli,grype,GHSA-c2c7-rcm5-vvqj,High,/pnpm-lock.yaml,,picomatch,2.3.1,2.3.2,npm,,Picomatch has a ReDoS vulnerability via extglob quantifiers,3.0
TanStack/cli,grype,GHSA-c2c7-rcm5-vvqj,High,/pnpm-lock.yaml,,picomatch,4.0.3,4.0.4,npm,,Picomatch has a ReDoS vulnerability via extglob quantifiers,3.0
TanStack/cli,grype,GHSA-c2j3-45gr-mqc4,Low,/examples/react/ecommerce/pnpm-lock.yaml,,dompurify,3.3.1,3.4.12,npm,,DOMPurify: `CUSTOM_ELEMENT_HANDLING` bypasses `afterSanitizeElements` for allowed custom elements.,1.0
TanStack/cli,grype,GHSA-c4c3-pg64-4m4v,Low,/examples/react/ecommerce/pnpm-lock.yaml,,mermaid,11.12.2,11.16.1,npm,,Mermaid configuration APIs allow prototype pollution,1.0
TanStack/cli,grype,GHSA-c83g-rgw3-j3cx,High,/examples/react/ecommerce/pnpm-lock.yaml,,browserslist,4.25.2,4.28.7,npm,,"Browserslist: Unbounded memory growth (no cache eviction) via distinct query results, leading to eventual OOM",3.0
TanStack/cli,grype,GHSA-c83g-rgw3-j3cx,High,/examples/react/resume/pnpm-lock.yaml,,browserslist,4.24.4,4.28.7,npm,,"Browserslist: Unbounded memory growth (no cache eviction) via distinct query results, leading to eventual OOM",3.0
TanStack/cli,grype,GHSA-cj63-jhhr-wcxv,Medium,/examples/react/ecommerce/pnpm-lock.yaml,,dompurify,3.3.1,3.3.2,npm,,DOMPurify USE_PROFILES prototype pollution allows event handlers,2.0
TanStack/cli,grype,GHSA-cjmm-f4jc-qw8r,Medium,/examples/react/ecommerce/pnpm-lock.yaml,,dompurify,3.3.1,3.3.2,npm,,DOMPurify ADD_ATTR predicate skips URI validation,2.0
TanStack/cli,grype,GHSA-cmwh-pvxp-8882,Medium,/examples/react/ecommerce/pnpm-lock.yaml,,dompurify,3.3.1,3.4.11,npm,,DOMPurify: Permanent `ALLOWED_ATTR` pollution via `setConfig()` bypassing the hook clone-guard (incomplete fix of the 3.4.7 hook-pollution patch),2.0
TanStack/cli,grype,GHSA-crv5-9vww-q3g8,Medium,/examples/react/ecommerce/pnpm-lock.yaml,,dompurify,3.3.1,3.4.0,npm,,DOMPurify has a SAFE_FOR_TEMPLATES bypass in RETURN_DOM mode,2.0
TanStack/cli,grype,GHSA-f23m-r3pf-42rh,Medium,/examples/react/ecommerce/pnpm-lock.yaml,,lodash-es,4.17.21,4.18.0,npm,,lodash vulnerable to Prototype Pollution via array path bypass in `_.unset` and `_.omit`,2.0
TanStack/cli,grype,GHSA-f23m-r3pf-42rh,Medium,/pnpm-lock.yaml,,lodash,4.17.21,4.18.0,npm,,lodash vulnerable to Prototype Pollution via array path bypass in `_.unset` and `_.omit`,2.0
TanStack/cli,grype,GHSA-f886-m6hf-6m8v,Medium,/pnpm-lock.yaml,,brace-expansion,1.1.11,1.1.13,npm,,brace-expansion: Zero-step sequence causes process hang and memory exhaustion,2.0
TanStack/cli,grype,GHSA-f886-m6hf-6m8v,Medium,/pnpm-lock.yaml,,brace-expansion,2.0.1,2.0.3,npm,,brace-expansion: Zero-step sequence causes process hang and memory exhaustion,2.0
TanStack/cli,grype,GHSA-fvcv-3m26-pcqx,Medium,/pnpm-lock.yaml,,axios,1.13.2,1.15.0,npm,,Axios has Unrestricted Cloud Metadata Exfiltration via Header Injection Chain,2.0
TanStack/cli,grype,GHSA-fx2h-pf6j-xcff,High,/examples/react/ecommerce/pnpm-lock.yaml,,vite,8.0.10,8.0.16,npm,,vite: `server.fs.deny` bypass on Windows alternate paths,3.0
TanStack/cli,grype,GHSA-fx2h-pf6j-xcff,High,/examples/react/resume/pnpm-lock.yaml,,vite,8.0.10,8.0.16,npm,,vite: `server.fs.deny` bypass on Windows alternate paths,3.0
TanStack/cli,grype,GHSA-fx2h-pf6j-xcff,High,/pnpm-lock.yaml,,vite,7.1.7,7.3.5,npm,,vite: `server.fs.deny` bypass on Windows alternate paths,3.0
TanStack/cli,grype,GHSA-fxqj-rqcc-2cmp,Medium,/examples/react/ecommerce/pnpm-lock.yaml,,postcss,8.5.12,8.5.23,npm,,PostCSS: incomplete fix of GHSA-6g55-p6wh-862q — attacker-controlled sourceMappingURL reads arbitrary .map files when `from` is unset,2.0
TanStack/cli,grype,GHSA-fxqj-rqcc-2cmp,Medium,/examples/react/resume/pnpm-lock.yaml,,postcss,8.5.12,8.5.23,npm,,PostCSS: incomplete fix of GHSA-6g55-p6wh-862q — attacker-controlled sourceMappingURL reads arbitrary .map files when `from` is unset,2.0
TanStack/cli,grype,GHSA-fxqj-rqcc-2cmp,Medium,/pnpm-lock.yaml,,postcss,8.5.6,8.5.23,npm,,PostCSS: incomplete fix of GHSA-6g55-p6wh-862q — attacker-controlled sourceMappingURL reads arbitrary .map files when `from` is unset,2.0
TanStack/cli,grype,GHSA-g2r8-wvmj-jf5w,Medium,/pnpm-lock.yaml,,nx,22.1.3,22.7.2,npm,,`nx graph` dev server permissive CORS policy,2.0
TanStack/cli,grype,GHSA-g4wm-2vf7-vfgr,High,/pnpm-lock.yaml,,simple-git,3.30.0,4.0.0,npm,,simple-git allows command execution through unblocked Git configuration includes,3.0
TanStack/cli,grype,GHSA-ghcm-xqfw-q4vr,Medium,/examples/react/ecommerce/pnpm-lock.yaml,,mermaid,11.12.2,11.15.0,npm,,Mermaid: Improper sanitization of `classDef` in state diagrams leads to HTML injection,2.0
TanStack/cli,grype,GHSA-gvmj-g25r-r7wr,Low,/examples/react/ecommerce/pnpm-lock.yaml,,dompurify,3.3.1,3.4.8,npm,,DOMPurify: SAFE_FOR_TEMPLATES bypass - template expressions survive sanitization inside <template> content when using DOM output modes,1.0
TanStack/cli,grype,GHSA-gvwx-54wh-qm9j,Medium,/examples/react/ecommerce/pnpm-lock.yaml,,tar,7.4.3,7.5.17,npm,,node-tar: Uncaught Exception DoS via NUL byte in PAX path/linkpath records,2.0
TanStack/cli,grype,GHSA-h67p-54hq-rp68,Medium,/examples/react/ecommerce/pnpm-lock.yaml,,js-yaml,4.1.1,4.2.0,npm,,JS-YAML: Quadratic-complexity DoS in merge key handling via repeated aliases,2.0
TanStack/cli,grype,GHSA-h67p-54hq-rp68,Medium,/examples/react/resume/pnpm-lock.yaml,,js-yaml,3.14.1,3.15.0,npm,,JS-YAML: Quadratic-complexity DoS in merge key handling via repeated aliases,2.0
TanStack/cli,grype,GHSA-h67p-54hq-rp68,Medium,/examples/react/resume/pnpm-lock.yaml,,js-yaml,4.1.1,4.2.0,npm,,JS-YAML: Quadratic-complexity DoS in merge key handling via repeated aliases,2.0
TanStack/cli,grype,GHSA-h67p-54hq-rp68,Medium,/pnpm-lock.yaml,,js-yaml,3.14.1,3.15.0,npm,,JS-YAML: Quadratic-complexity DoS in merge key handling via repeated aliases,2.0
TanStack/cli,grype,GHSA-h67p-54hq-rp68,Medium,/pnpm-lock.yaml,,js-yaml,4.1.0,4.2.0,npm,,JS-YAML: Quadratic-complexity DoS in merge key handling via repeated aliases,2.0
TanStack/cli,grype,GHSA-h67p-54hq-rp68,Medium,/pnpm-lock.yaml,,js-yaml,4.1.1,4.2.0,npm,,JS-YAML: Quadratic-complexity DoS in merge key handling via repeated aliases,2.0
TanStack/cli,grype,GHSA-h7mw-gpvr-xq4m,Medium,/examples/react/ecommerce/pnpm-lock.yaml,,dompurify,3.3.1,3.4.0,npm,,DOMPurify: FORBID_TAGS bypassed by function-based ADD_TAGS predicate (asymmetry with FORBID_ATTR fix),2.0
TanStack/cli,grype,GHSA-h8r8-wccr-v5f2,Medium,/examples/react/ecommerce/pnpm-lock.yaml,,dompurify,3.3.1,3.3.2,npm,,DOMPurify is vulnerable to mutation-XSS via Re-Contextualization,2.0
TanStack/cli,grype,GHSA-hffm-xvc3-vprc,High,/pnpm-lock.yaml,,simple-git,3.30.0,3.36.0,npm,,simple-git is vulnerable to Remote Code Execution,3.0
TanStack/cli,grype,GHSA-hfxv-24rg-xrqf,High,/pnpm-lock.yaml,,axios,1.13.2,1.16.0,npm,,Axios: Regular Expression Denial of Service (ReDoS) via Cookie Name Injection,3.0
TanStack/cli,grype,GHSA-hj76-42vx-jwp4,High,/examples/react/ecommerce/pnpm-lock.yaml,,seroval,1.3.2,1.4.1,npm,,seroval Affected by Prototype Pollution via JSON Deserialization,3.0
TanStack/cli,grype,GHSA-hmw2-7cc7-3qxx,High,/pnpm-lock.yaml,,form-data,4.0.5,4.0.6,npm,,form-data: CRLF injection in form-data via unescaped multipart field names and filenames,3.0
TanStack/cli,grype,GHSA-hp3w-g68c-fv3c,Medium,/examples/react/resume/pnpm-lock.yaml,,sprintf-js,1.0.3,,npm,,sprintf-js vulnerable to denial of service through unbounded precision specifiers,2.0
TanStack/cli,grype,GHSA-hp3w-g68c-fv3c,Medium,/pnpm-lock.yaml,,sprintf-js,1.0.3,,npm,,sprintf-js vulnerable to denial of service through unbounded precision specifiers,2.0
TanStack/cli,grype,GHSA-hpcv-96wg-7vj8,Medium,/examples/react/ecommerce/pnpm-lock.yaml,,dompurify,3.3.1,3.4.6,npm,,DOMPurify: Cross-realm IN_PLACE sanitization leaves executable markup intact via realm-bound `instanceof` checks,2.0
TanStack/cli,grype,GHSA-hrvq-x7jp-36xv,Medium,/pnpm-lock.yaml,,nx,22.1.3,22.7.10,npm,,Nx: Path traversal in nx migrate package-migrations extraction,2.0
TanStack/cli,grype,GHSA-hx9m-jf43-8ffr,High,/examples/react/ecommerce/pnpm-lock.yaml,,seroval,1.3.2,1.4.1,npm,,seroval affected by Denial of Service via RegExp serialization,3.0
TanStack/cli,grype,GHSA-j5f8-grm9-p9fc,High,/pnpm-lock.yaml,,axios,1.13.2,1.16.0,npm,,Axios: Proxy-Authorization header leaks to redirect target when proxy is re-evaluated to direct connection,3.0
TanStack/cli,grype,GHSA-j8rh-479h-cp32,Medium,/pnpm-lock.yaml,,axios,1.13.2,1.20.0,npm,,Axios: Header Injection via Inherited headers After Minimal Interceptor,2.0
TanStack/cli,grype,GHSA-jcxm-m3jx-f287,High,/pnpm-lock.yaml,,simple-git,3.30.0,3.32.0,npm,,simple-git Affected by Command Execution via Option-Parsing Bypass,3.0
TanStack/cli,grype,GHSA-jp82-f5mq-hwhp,High,/examples/react/ecommerce/pnpm-lock.yaml,,seroval,1.3.2,1.6.3,npm,,Seroval: Memory exhaustion via unchecked TypedArray length in JSON deserialization,3.0
TanStack/cli,grype,GHSA-jqh4-m9w3-8hp9,Medium,/pnpm-lock.yaml,,axios,1.13.2,1.18.0,npm,,Axios: Fetch adapter `ReadableStream` uploads bypass `maxBodyLength`,2.0
TanStack/cli,grype,GHSA-m7pr-hjqh-92cm,Medium,/pnpm-lock.yaml,,axios,1.13.2,1.15.1,npm,,Axios: no_proxy bypass via IP alias allows SSRF,2.0
TanStack/cli,grype,GHSA-mh29-5h37-fv8m,Medium,/examples/react/resume/pnpm-lock.yaml,,js-yaml,3.14.1,3.14.2,npm,,js-yaml has prototype pollution in merge (<<),2.0
TanStack/cli,grype,GHSA-mh29-5h37-fv8m,Medium,/pnpm-lock.yaml,,js-yaml,3.14.1,3.14.2,npm,,js-yaml has prototype pollution in merge (<<),2.0
TanStack/cli,grype,GHSA-mh29-5h37-fv8m,Medium,/pnpm-lock.yaml,,js-yaml,4.1.0,4.1.1,npm,,js-yaml has prototype pollution in merge (<<),2.0
TanStack/cli,grype,GHSA-mh99-v99m-4gvg,High,/pnpm-lock.yaml,,brace-expansion,1.1.11,1.1.17,npm,,brace-expansion: DoS via unbounded expansion length causing an out-of-memory process crash,3.0
TanStack/cli,grype,GHSA-mh99-v99m-4gvg,High,/pnpm-lock.yaml,,brace-expansion,2.0.1,2.1.3,npm,,brace-expansion: DoS via unbounded expansion length causing an out-of-memory process crash,3.0
TanStack/cli,grype,GHSA-mmx7-hfxf-jppx,Medium,/pnpm-lock.yaml,,axios,1.13.2,1.18.0,npm,,Axios: Prototype pollution gadgets can alter axios request construction,2.0
TanStack/cli,grype,GHSA-mv8w-475r-vwqw,Critical,/examples/react/ecommerce/pnpm-lock.yaml,,seroval,1.3.2,1.5.3,npm,,seroval: `seroval.fromJSON()` Promise resolver type confusion invokes attacker-controlled methods during deserialization,4.0
TanStack/cli,grype,GHSA-mw96-cpmx-2vgc,High,/pnpm-lock.yaml,,rollup,4.46.2,4.59.0,npm,,Rollup 4 has Arbitrary File Write via Path Traversal,3.0
TanStack/cli,grype,GHSA-mwf2-3pr3-8698,Medium,/pnpm-lock.yaml,,axios,1.13.2,1.18.0,npm,,Axios: HTTP/2 streamed uploads bypass `maxBodyLength`,2.0
TanStack/cli,grype,GHSA-p498-v437-472g,Medium,/pnpm-lock.yaml,,@humanfs/node,0.16.6,0.16.8,npm,,humanfs: Recursive copy follows symlinked files and copies data from outside the source tree,2.0
TanStack/cli,grype,GHSA-p6vx-979v-rg4c,Critical,/examples/react/ecommerce/pnpm-lock.yaml,,seroval,1.3.2,1.6.2,npm,,Seroval: `fromJSON()` Promise thenable assimilation invokes plugin-produced callables (bypass of GHSA-mv8w-475r-vwqw),4.0
TanStack/cli,grype,GHSA-p92q-9vqr-4j8v,High,/pnpm-lock.yaml,,axios,1.13.2,1.16.0,npm,,Axios: Proxy-Authorization Credential Leak to Origin Server Across HTTP-to-HTTPS Redirect in Axios Node.js HTTP Adapter,3.0
TanStack/cli,grype,GHSA-p9ff-h696-f583,High,/pnpm-lock.yaml,,vite,7.1.7,7.3.2,npm,,Vite Vulnerable to Arbitrary File Read via Vite Dev Server WebSocket,3.0
TanStack/cli,grype,GHSA-pf86-5x62-jrwf,High,/pnpm-lock.yaml,,axios,1.13.2,1.15.1,npm,,"Axios: Prototype Pollution Gadgets - Response Tampering, Data Exfiltration, and Request Hijacking",3.0
TanStack/cli,grype,GHSA-ph9p-34f9-6g65,High,/pnpm-lock.yaml,,tmp,0.2.3,0.2.6,npm,,tmp has Path Traversal via unsanitized prefix/postfix that enables directory escape,3.0
TanStack/cli,grype,GHSA-pmv8-rq9r-6j72,Medium,/pnpm-lock.yaml,,axios,1.13.2,1.18.0,npm,,Axios: Deep formToJSON Key Recursion Can Cause Denial of Service,2.0
TanStack/cli,grype,GHSA-pmwg-cvhr-8vh7,High,/pnpm-lock.yaml,,axios,1.13.2,1.15.1,npm,,Axios: Incomplete Fix for CVE-2025-62718 — NO_PROXY Protection Bypassed via RFC 1122 Loopback Subnet (127.0.0.0/8) in Axios 1.15.0,3.0
TanStack/cli,grype,GHSA-q2hr-2g5m-vwhr,Medium,/pnpm-lock.yaml,,brace-expansion,1.1.11,1.1.21,npm,,"brace-expansion: Quadratic-time expansion of the `{a},b}` rewrite causes CPU denial of service",2.0
TanStack/cli,grype,GHSA-q2hr-2g5m-vwhr,Medium,/pnpm-lock.yaml,,brace-expansion,2.0.1,2.1.7,npm,,"brace-expansion: Quadratic-time expansion of the `{a},b}` rewrite causes CPU denial of service",2.0
TanStack/cli,grype,GHSA-q8qp-cvcw-x6jj,High,/pnpm-lock.yaml,,axios,1.13.2,1.15.2,npm,,Axios has prototype pollution read-side gadgets in HTTP adapter that allow credential injection and request hijacking,3.0
TanStack/cli,grype,GHSA-qffp-2rhf-9h96,High,/examples/react/ecommerce/pnpm-lock.yaml,,tar,7.4.3,7.5.10,npm,,tar has Hardlink Path Traversal via Drive-Relative Linkpath,3.0
TanStack/cli,grype,GHSA-qhr7-859c-m2p7,High,/pnpm-lock.yaml,,brace-expansion,1.1.11,1.1.20,npm,,brace-expansion: DoS via uncontrolled recursion on nested brace groups causing stack exhaustion,3.0
TanStack/cli,grype,GHSA-qhr7-859c-m2p7,High,/pnpm-lock.yaml,,brace-expansion,2.0.1,2.1.6,npm,,brace-expansion: DoS via uncontrolled recursion on nested brace groups causing stack exhaustion,3.0
TanStack/cli,grype,GHSA-qj8w-gfj5-8c6v,Medium,/examples/react/resume/pnpm-lock.yaml,,serialize-javascript,6.0.2,7.0.5,npm,,Serialize JavaScript has CPU Exhaustion Denial of Service via crafted array-like objects,2.0
TanStack/cli,grype,GHSA-qx2v-qp2m-jg93,Medium,/pnpm-lock.yaml,,postcss,8.5.6,8.5.10,npm,,PostCSS has XSS via Unescaped </style> in its CSS Stringify Output,2.0
TanStack/cli,grype,GHSA-r275-fr43-pm7q,Critical,/pnpm-lock.yaml,,simple-git,3.30.0,3.32.3,npm,,simple-git has blockUnsafeOperationsPlugin bypass via case-insensitive protocol.allow config key enables RCE,4.0
TanStack/cli,grype,GHSA-r28c-9q8g-f849,High,/examples/react/ecommerce/pnpm-lock.yaml,,postcss,8.5.12,8.5.18,npm,,PostCSS: Path Traversal in Previous Source Map Auto-Loading (sourceMappingURL) leads to Arbitrary .map File Disclosure,3.0
TanStack/cli,grype,GHSA-r28c-9q8g-f849,High,/examples/react/resume/pnpm-lock.yaml,,postcss,8.5.12,8.5.18,npm,,PostCSS: Path Traversal in Previous Source Map Auto-Loading (sourceMappingURL) leads to Arbitrary .map File Disclosure,3.0
TanStack/cli,grype,GHSA-r28c-9q8g-f849,High,/pnpm-lock.yaml,,postcss,8.5.6,8.5.18,npm,,PostCSS: Path Traversal in Previous Source Map Auto-Loading (sourceMappingURL) leads to Arbitrary .map File Disclosure,3.0
TanStack/cli,grype,GHSA-r292-9mhp-454m,High,/examples/react/ecommerce/pnpm-lock.yaml,,tar,7.4.3,7.5.21,npm,,node-tar: Uncontrolled recursion in mapHas/filesFilter allows uncatchable stack-overflow DoS via crafted long-path tar with member selection,3.0
TanStack/cli,grype,GHSA-r47g-fvhr-h676,Medium,/examples/react/ecommerce/pnpm-lock.yaml,,dompurify,3.3.1,3.4.6,npm,,"DOMPurify: IN_PLACE mode preserves attributes of a clobbered root element, allowing XSS via attacker-controlled root DOM",2.0
TanStack/cli,grype,GHSA-r4q5-vmmm-2653,Medium,/pnpm-lock.yaml,,follow-redirects,1.15.9,1.16.0,npm,,follow-redirects leaks Custom Authentication Headers to Cross-Domain Redirect Targets,2.0
TanStack/cli,grype,GHSA-r5fr-rjxr-66jc,High,/examples/react/ecommerce/pnpm-lock.yaml,,lodash-es,4.17.21,4.18.0,npm,,lodash vulnerable to Code Injection via `_.template` imports key names,3.0
TanStack/cli,grype,GHSA-r5fr-rjxr-66jc,High,/pnpm-lock.yaml,,lodash,4.17.21,4.18.0,npm,,lodash vulnerable to Code Injection via `_.template` imports key names,3.0
TanStack/cli,grype,GHSA-r6q2-hw4h-h46w,High,/examples/react/ecommerce/pnpm-lock.yaml,,tar,7.4.3,7.5.4,npm,,Race Condition in node-tar Path Reservations via Unicode Ligature Collisions on macOS APFS,3.0
TanStack/cli,grype,GHSA-rf6f-7fwh-wjgh,High,/pnpm-lock.yaml,,flatted,3.3.3,3.4.2,npm,,Prototype Pollution via parse() in NodeJS flatted,3.0
TanStack/cli,grype,GHSA-rgw5-rvv9-x895,High,/pnpm-lock.yaml,,brace-expansion,1.1.11,1.1.18,npm,,"brace-expansion: DoS via unbounded intermediate arrays, bypassing the CVE-2026-14257 mitigation",3.0
TanStack/cli,grype,GHSA-rgw5-rvv9-x895,High,/pnpm-lock.yaml,,brace-expansion,2.0.1,2.1.4,npm,,"brace-expansion: DoS via unbounded intermediate arrays, bypassing the CVE-2026-14257 mitigation",3.0
TanStack/cli,grype,GHSA-rhh3-jpg6-66xh,Medium,/examples/react/ecommerce/pnpm-lock.yaml,,mermaid,11.12.2,11.16.1,npm,,Mermaid radar diagrams are vulnerable to DoS,2.0
TanStack/cli,grype,GHSA-rp9w-3fw7-7cwq,Medium,/examples/react/ecommerce/pnpm-lock.yaml,,dompurify,3.3.1,3.4.7,npm,,DOMPurify IN_PLACE Sanitization Bypass via Attached Shadow Root Inside <template>.content,2.0
TanStack/cli,grype,GHSA-v245-v573-v5vm,High,/pnpm-lock.yaml,,linkify-it,5.0.0,5.0.2,npm,,linkify-it: Quadratic-complexity DoS via the `mailto:` validator scan-loop on attacker text,3.0
TanStack/cli,grype,GHSA-v2wj-7wpq-c8vv,Medium,/examples/react/ecommerce/pnpm-lock.yaml,,dompurify,3.3.1,3.3.2,npm,,DOMPurify contains a Cross-site Scripting vulnerability,2.0
TanStack/cli,grype,GHSA-v2wj-q39q-566r,High,/pnpm-lock.yaml,,vite,7.1.7,7.3.2,npm,,Vite: `server.fs.deny` bypassed with queries,3.0
TanStack/cli,grype,GHSA-v6h2-p8h4-qcjw,Low,/pnpm-lock.yaml,,brace-expansion,1.1.11,1.1.12,npm,,brace-expansion Regular Expression Denial of Service vulnerability,1.0
TanStack/cli,grype,GHSA-v6h2-p8h4-qcjw,Low,/pnpm-lock.yaml,,brace-expansion,2.0.1,2.0.2,npm,,brace-expansion Regular Expression Denial of Service vulnerability,1.0
TanStack/cli,grype,GHSA-v6wh-96g9-6wx3,Medium,/examples/react/ecommerce/pnpm-lock.yaml,,launch-editor,2.12.0,2.14.1,npm,,launch-editor: NTLMv2 hash disclosure via UNC path handling on Windows,2.0
TanStack/cli,grype,GHSA-v6wh-96g9-6wx3,Medium,/examples/react/ecommerce/pnpm-lock.yaml,,vite,8.0.10,8.0.16,npm,,launch-editor: NTLMv2 hash disclosure via UNC path handling on Windows,2.0
TanStack/cli,grype,GHSA-v6wh-96g9-6wx3,Medium,/examples/react/resume/pnpm-lock.yaml,,vite,8.0.10,8.0.16,npm,,launch-editor: NTLMv2 hash disclosure via UNC path handling on Windows,2.0
TanStack/cli,grype,GHSA-v6wh-96g9-6wx3,Medium,/pnpm-lock.yaml,,vite,7.1.7,7.3.5,npm,,launch-editor: NTLMv2 hash disclosure via UNC path handling on Windows,2.0
TanStack/cli,grype,GHSA-v9jr-rg53-9pgp,Medium,/examples/react/ecommerce/pnpm-lock.yaml,,dompurify,3.3.1,3.4.0,npm,,DOMPurify: Prototype Pollution to XSS Bypass via CUSTOM_ELEMENT_HANDLING Fallback,2.0
TanStack/cli,grype,GHSA-vf2m-468p-8v99,Medium,/pnpm-lock.yaml,,axios,1.13.2,1.15.1,npm,,Axios: HTTP adapter streamed responses bypass maxContentLength,2.0
TanStack/cli,grype,GHSA-vfj7-8cjw-p6xm,High,/pnpm-lock.yaml,,braces,3.0.3,,npm,,braces vulnerable to stack-exhaustion denial of service through deeply nested patterns,3.0
TanStack/cli,grype,GHSA-vh66-26gq-q6x8,Medium,/pnpm-lock.yaml,,axios,1.13.2,1.20.0,npm,,Axios: Prototype pollution gadget in fetch adapter can alter outbound requests,2.0
TanStack/cli,grype,GHSA-vmf3-w455-68vh,Medium,/examples/react/ecommerce/pnpm-lock.yaml,,tar,7.4.3,7.5.16,npm,,"node-tar applies PAX size override to intermediary GNU long-name/long-link headers, causing tar parser interpretation differential (file smuggling)",2.0
TanStack/cli,grype,GHSA-vp3h-ghgh-jr7g,High,/pnpm-lock.yaml,,nx,22.1.3,22.7.7,npm,,Nx: Zip-Slip in the self-hosted remote cache,3.0
TanStack/cli,grype,GHSA-vxr8-fq34-vvx9,Low,/examples/react/ecommerce/pnpm-lock.yaml,,dompurify,3.3.1,3.4.9,npm,,DOMPurify: Trusted Types policy survives `clearConfig()` and can poison later `RETURN_TRUSTED_TYPE` output,1.0
TanStack/cli,grype,GHSA-w2vw-w76x-qr89,High,/pnpm-lock.yaml,,nx,22.1.3,22.7.8,npm,,Nx: OS command injection via git revisions and remote refs,3.0
TanStack/cli,grype,GHSA-w3vv-58gj-gw77,High,/pnpm-lock.yaml,,nx,22.1.3,22.7.9,npm,,Nx daemon and plugin worker sockets are accessible to other local users,3.0
TanStack/cli,grype,GHSA-w5hq-g745-h8pq,Medium,/examples/react/ecommerce/pnpm-lock.yaml,,uuid,11.1.0,11.1.1,npm,,uuid: Missing buffer bounds check in v3/v5/v6 when buf is provided,2.0
TanStack/cli,grype,GHSA-w7jw-789q-3m8p,Critical,/examples/react/ecommerce/pnpm-lock.yaml,,shell-quote,1.8.3,1.8.4,npm,,shell-quote quote() does not escape newlines in object .op values,4.0
TanStack/cli,grype,GHSA-w8wr-v893-vjvp,Medium,/examples/react/ecommerce/pnpm-lock.yaml,,tar,7.4.3,7.5.18,npm,,node-tar: Process crash via PAX numeric path type confusion,2.0
TanStack/cli,grype,GHSA-w9j2-pvgh-6h63,Medium,/pnpm-lock.yaml,,axios,1.13.2,1.15.1,npm,,Axios: Authentication Bypass via Prototype Pollution Gadget in `validateStatus` Merge Strategy,2.0
TanStack/cli,grype,GHSA-x4vx-rjvf-j5p4,Low,/examples/react/ecommerce/pnpm-lock.yaml,,dompurify,3.3.1,,npm,,"DOMPurify: `IN_PLACE` mode trusts attacker-controlled `nodeName` on live non-form nodes, allowing script retention and XSS via attacker-supplied DOM objects",1.0
TanStack/cli,grype,GHSA-x6jw-m9v5-85vh,Critical,/pnpm-lock.yaml,,simple-git,3.30.0,4.0.1,npm,,simple-git unsafe-operation guard does not block trailer command configuration,4.0
TanStack/cli,grype,GHSA-xcj9-5m2h-648r,Medium,/examples/react/ecommerce/pnpm-lock.yaml,,mermaid,11.12.2,11.15.0,npm,,Mermaid: Improper sanitization of `classDefs` in diagrams leads to CSS injection,2.0
TanStack/cli,grype,GHSA-xffm-g5w8-qvg7,Low,/pnpm-lock.yaml,,@eslint/plugin-kit,0.2.8,0.3.4,npm,,@eslint/plugin-kit is vulnerable to Regular Expression Denial of Service attacks through ConfigCommentParser,1.0
TanStack/cli,grype,GHSA-xhjh-pmcv-23jw,Low,/pnpm-lock.yaml,,axios,1.13.2,1.15.1,npm,,Axios: Null Byte Injection via Reverse-Encoding in AxiosURLSearchParams,1.0
TanStack/cli,grype,GHSA-xwg4-73v4-xw9w,High,/examples/react/ecommerce/pnpm-lock.yaml,,nanoid,3.3.11,3.3.12,npm,,nanoid: Integer Overflow or Wraparound,3.0
TanStack/cli,grype,GHSA-xwg4-73v4-xw9w,High,/examples/react/resume/pnpm-lock.yaml,,nanoid,3.3.11,3.3.12,npm,,nanoid: Integer Overflow or Wraparound,3.0
TanStack/cli,grype,GHSA-xwg4-73v4-xw9w,High,/pnpm-lock.yaml,,nanoid,3.3.11,3.3.12,npm,,nanoid: Integer Overflow or Wraparound,3.0
TanStack/cli,grype,GHSA-xx6v-rp6x-q39c,Medium,/pnpm-lock.yaml,,axios,1.13.2,1.15.1,npm,,Axios: XSRF Token Cross-Origin Leakage via Prototype Pollution Gadget in `withXSRFToken` Boolean Coercion,2.0
TanStack/cli,grype,GHSA-xxjr-mmjv-4gpg,Medium,/examples/react/ecommerce/pnpm-lock.yaml,,lodash-es,4.17.21,4.17.23,npm,,Lodash has Prototype Pollution Vulnerability in `_.unset` and `_.omit` functions,2.0
TanStack/cli,grype,GHSA-xxjr-mmjv-4gpg,Medium,/pnpm-lock.yaml,,lodash,4.17.21,4.17.23,npm,,Lodash has Prototype Pollution Vulnerability in `_.unset` and `_.omit` functions,2.0
TanStack/config,grype,GHSA-23c5-xmqv-rm74,High,/pnpm-lock.yaml,,minimatch,3.0.8,3.1.4,npm,,minimatch ReDoS: nested *() extglobs generate catastrophically backtracking regular expressions,3.0
TanStack/config,grype,GHSA-253c-mchw-3w2r,Medium,/pnpm-lock.yaml,,markdown-it,14.3.0,14.3.1,npm,,"markdown-it linkify: true has two quadratic paths, so a few hundred KB of markdown blocks the event loop for tens of seconds",2.0
TanStack/config,grype,GHSA-28wg-ghj8-5hjv,High,/pnpm-lock.yaml,,nanoid,3.3.15,3.3.16,npm,,nanoid: non-secure generators can loop indefinitely with negative size,3.0
TanStack/config,grype,GHSA-2g4f-4pwh-qvx6,Medium,/pnpm-lock.yaml,,ajv,8.12.0,8.18.0,npm,,ajv has ReDoS when using `$data` option,2.0
TanStack/config,grype,GHSA-2g4f-4pwh-qvx6,Medium,/pnpm-lock.yaml,,ajv,8.13.0,8.18.0,npm,,ajv has ReDoS when using `$data` option,2.0
TanStack/config,grype,GHSA-2gqq-gqf2-x968,Low,/pnpm-lock.yaml,,undici,7.28.0,7.29.1,npm,,undici vulnerable to response truncation via oversized chunked responses in the dump interceptor,1.0
TanStack/config,grype,GHSA-2jfj-6hjv-fm6j,Medium,/pnpm-lock.yaml,,undici,7.28.0,7.29.1,npm,,undici vulnerable to cross-user cookie disclosure via Set-Cookie caching in shared caches,2.0
TanStack/config,grype,GHSA-2v37-7h3g-55p8,High,/pnpm-lock.yaml,,nanoid,3.3.15,3.3.18,npm,,nanoid: custom generators can loop indefinitely when size is zero,3.0
TanStack/config,grype,GHSA-3jxr-9vmj-r5cp,High,/pnpm-lock.yaml,,brace-expansion,1.1.15,1.1.16,npm,,brace-expansion: DoS via exponential-time expansion of consecutive non-expanding {} groups,3.0
TanStack/config,grype,GHSA-3jxr-9vmj-r5cp,High,/pnpm-lock.yaml,,brace-expansion,5.0.6,5.0.7,npm,,brace-expansion: DoS via exponential-time expansion of consecutive non-expanding {} groups,3.0
TanStack/config,grype,GHSA-3ppc-4f35-3m26,High,/pnpm-lock.yaml,,minimatch,3.0.8,3.1.3,npm,,minimatch has a ReDoS via repeated wildcards with non-matching literal in pattern,3.0
TanStack/config,grype,GHSA-3pq3-5fj3-cg6v,High,/pnpm-lock.yaml,,axios,1.16.1,1.20.0,npm,,Axios: HTTP/2 adapter bypasses configured DNS lookup and proxy controls,3.0
TanStack/config,grype,GHSA-3wwx-pv8p-q78v,Medium,/pnpm-lock.yaml,,undici,7.28.0,7.29.1,npm,,undici vulnerable to Denial of Service via unhandled error in WebSocket permessage-deflate decompression,2.0
TanStack/config,grype,GHSA-3xpg-4rpp-hhhm,Medium,/pnpm-lock.yaml,,undici,7.28.0,7.29.1,npm,,undici vulnerable to Denial of Service via unbounded decompression of compressed responses,2.0
TanStack/config,grype,GHSA-42h9-826w-cgv3,Medium,/pnpm-lock.yaml,,axios,1.16.1,1.18.0,npm,,Axios: Excessive recursion in formDataToJSON can cause denial of service,2.0
TanStack/config,grype,GHSA-44g4-m2mj-wpvx,Medium,/pnpm-lock.yaml,,axios,1.16.1,1.20.0,npm,,"Axios: CIDR-form NO_PROXY entries are ignored, causing proxy exclusion bypass for internal IP ranges",2.0
TanStack/config,grype,GHSA-4cwx-7wf7-3272,High,/pnpm-lock.yaml,,undici,7.28.0,7.29.0,npm,,undici vulnerable to cross-user information disclosure and parse-time crash via degenerate private cache directives,3.0
TanStack/config,grype,GHSA-4hqw-qxg8-jxx2,Medium,/pnpm-lock.yaml,,axios,1.16.1,1.20.0,npm,,Axios: Fetch Adapter Header Injection via Inherited FormData getHeaders,2.0
TanStack/config,grype,GHSA-542g-h47m-68v8,High,/pnpm-lock.yaml,,axios,1.16.1,1.20.0,npm,,Axios: Denial of Service via Unhandled 'error' Event in HTTP/2 ClientHttp2Session Initialization,3.0
TanStack/config,grype,GHSA-68fv-2mgg-jv7q,High,/pnpm-lock.yaml,,source-map-js,1.2.1,1.2.2,npm,,source-map-js allows event-loop denial of service through indexed source-map section offsets,3.0
TanStack/config,grype,GHSA-6j4f-fj2g-mc7p,High,/pnpm-lock.yaml,,brace-expansion,1.1.15,1.1.19,npm,,brace-expansion: DoS via uncontrolled recursion in parseCommaParts causing stack exhaustion,3.0
TanStack/config,grype,GHSA-6j4f-fj2g-mc7p,High,/pnpm-lock.yaml,,brace-expansion,5.0.6,5.0.10,npm,,brace-expansion: DoS via uncontrolled recursion in parseCommaParts causing stack exhaustion,3.0
TanStack/config,grype,GHSA-6j4f-fj2g-mc7p,High,/pnpm-lock.yaml,,brace-expansion,5.0.9,5.0.10,npm,,brace-expansion: DoS via uncontrolled recursion in parseCommaParts causing stack exhaustion,3.0
TanStack/config,grype,GHSA-7q8q-rj6j-mhjq,Medium,/pnpm-lock.yaml,,axios,1.16.1,1.18.0,npm,,Axios: Nested axios option objects can consume polluted prototype values,2.0
TanStack/config,grype,GHSA-7r86-cg39-jmmj,High,/pnpm-lock.yaml,,minimatch,3.0.8,3.1.3,npm,,minimatch has ReDoS: matchOne() combinatorial backtracking via multiple non-adjacent GLOBSTAR segments,3.0
TanStack/config,grype,GHSA-7w5x-hrqm-74c2,High,/pnpm-lock.yaml,,smol-toml,1.6.1,1.7.1,npm,,smol-toml: Denial of Service via malformed TOML documents,3.0
TanStack/config,grype,GHSA-82fw-gwwq-j7x9,Medium,/pnpm-lock.yaml,,@vitest/mocker,4.1.10,4.1.11,npm,,Vitest: Path Traversal / Arbitrary File Read via @vitest/mocker Redirect Mock,2.0
TanStack/config,grype,GHSA-82fw-gwwq-j7x9,Medium,/pnpm-lock.yaml,,vitest,4.1.10,4.1.11,npm,,Vitest: Path Traversal / Arbitrary File Read via @vitest/mocker Redirect Mock,2.0
TanStack/config,grype,GHSA-8436-99hf-9mmv,Low,/pnpm-lock.yaml,,undici,7.28.0,7.29.1,npm,,undici vulnerable to caching and replay of unsafe HTTP method responses,1.0
TanStack/config,grype,GHSA-858h-whjf-mvg5,High,/pnpm-lock.yaml,,simple-git,3.36.0,4.0.0,npm,,simple-git: unsafe-operations plugin bypass via git long-option abbreviation (--receive-p/--exe) -> command execution (residual of CVE-2026-28291),3.0
TanStack/config,grype,GHSA-8xcm-r25x-g524,Medium,/pnpm-lock.yaml,,undici,7.28.0,7.29.0,npm,,undici vulnerable to downstream response desynchronization via retry interceptor,2.0
TanStack/config,grype,GHSA-9fr6-4gfg-395g,Medium,/pnpm-lock.yaml,,axios,1.16.1,1.20.0,npm,,Axios: Prototype-Pollution Gadget in the Default Instance Allows Inherited Object.prototype.method to Override HTTP Method,2.0
TanStack/config,grype,GHSA-c29m-xwm3-cm6r,High,/pnpm-lock.yaml,,axios,1.16.1,1.20.0,npm,,Axios: ReDoS in fromDataURI data: URL parser freezes the Node event loop (DoS),3.0
TanStack/config,grype,GHSA-f23m-r3pf-42rh,Medium,/pnpm-lock.yaml,,lodash,4.17.23,4.18.0,npm,,lodash vulnerable to Prototype Pollution via array path bypass in `_.unset` and `_.omit`,2.0
TanStack/config,grype,GHSA-f4gw-2p7v-4548,Medium,/pnpm-lock.yaml,,axios,1.16.1,1.18.0,npm,,Axios: NO_PROXY bypass for 0.0.0.0 local addresses in axios,2.0
TanStack/config,grype,GHSA-fxqj-rqcc-2cmp,Medium,/pnpm-lock.yaml,,postcss,8.5.16,8.5.23,npm,,PostCSS: incomplete fix of GHSA-6g55-p6wh-862q — attacker-controlled sourceMappingURL reads arbitrary .map files when `from` is unset,2.0
TanStack/config,grype,GHSA-g2v6-rqmx-r4w6,High,/pnpm-lock.yaml,,@vue/server-renderer,3.5.39,3.5.42,npm,,@vue/server-renderer: XSS via missing CR in attribute-name blacklist,3.0
TanStack/config,grype,GHSA-g4wm-2vf7-vfgr,High,/pnpm-lock.yaml,,simple-git,3.36.0,4.0.0,npm,,simple-git allows command execution through unblocked Git configuration includes,3.0
TanStack/config,grype,GHSA-gcfj-64vw-6mp9,High,/pnpm-lock.yaml,,axios,1.16.1,1.18.0,npm,,Axios Node HTTP adapter can use an inherited proxy after interceptor config cloning,3.0
TanStack/config,grype,GHSA-hcpx-6fm6-wx23,Medium,/pnpm-lock.yaml,,axios,1.16.1,1.18.0,npm,,Axios form serializer maxDepth bypass via {} metatoken,2.0
TanStack/config,grype,GHSA-hp3w-g68c-fv3c,Medium,/pnpm-lock.yaml,,sprintf-js,1.0.3,,npm,,sprintf-js vulnerable to denial of service through unbounded precision specifiers,2.0
TanStack/config,grype,GHSA-hrvq-x7jp-36xv,Medium,/pnpm-lock.yaml,,nx,23.0.2,23.2.1,npm,,Nx: Path traversal in nx migrate package-migrations extraction,2.0
TanStack/config,grype,GHSA-j8rh-479h-cp32,Medium,/pnpm-lock.yaml,,axios,1.16.1,1.20.0,npm,,Axios: Header Injection via Inherited headers After Minimal Interceptor,2.0
TanStack/config,grype,GHSA-jqh4-m9w3-8hp9,Medium,/pnpm-lock.yaml,,axios,1.16.1,1.18.0,npm,,Axios: Fetch adapter `ReadableStream` uploads bypass `maxBodyLength`,2.0
TanStack/config,grype,GHSA-jr45-8vmc-qm54,Medium,/pnpm-lock.yaml,,undici,7.28.0,7.29.0,npm,,undici vulnerable to cross-user information disclosure via whitespace around equals in Cache-Control directives,2.0
TanStack/config,grype,GHSA-m8m8-qj5v-23w3,High,/pnpm-lock.yaml,,axios,1.16.1,1.20.0,npm,,Axios: Node HTTP adapter prototype-pollution gadget allows request socket hijack via inherited createConnection,3.0
TanStack/config,grype,GHSA-m8rv-5g2x-5cg5,Medium,/pnpm-lock.yaml,,undici,7.28.0,7.29.0,npm,,undici vulnerable to CRLF Injection via blob-like body 'type' property,2.0
TanStack/config,grype,GHSA-mghh-pgcx-3jjj,High,/pnpm-lock.yaml,,axios,1.16.1,1.20.0,npm,,"Axios: ReDoS (O(N²)) in shouldBypassProxy host normalization, reachable via untrusted redirect Location",3.0
TanStack/config,grype,GHSA-mh99-v99m-4gvg,High,/pnpm-lock.yaml,,brace-expansion,1.1.15,1.1.17,npm,,brace-expansion: DoS via unbounded expansion length causing an out-of-memory process crash,3.0
TanStack/config,grype,GHSA-mh99-v99m-4gvg,High,/pnpm-lock.yaml,,brace-expansion,5.0.6,5.0.8,npm,,brace-expansion: DoS via unbounded expansion length causing an out-of-memory process crash,3.0
TanStack/config,grype,GHSA-mmx7-hfxf-jppx,Medium,/pnpm-lock.yaml,,axios,1.16.1,1.18.0,npm,,Axios: Prototype pollution gadgets can alter axios request construction,2.0
TanStack/config,grype,GHSA-mwf2-3pr3-8698,Medium,/pnpm-lock.yaml,,axios,1.16.1,1.18.0,npm,,Axios: HTTP/2 streamed uploads bypass `maxBodyLength`,2.0
TanStack/config,grype,GHSA-pmjh-fq2x-6v4x,Medium,/pnpm-lock.yaml,,undici,7.28.0,7.29.1,npm,,undici vulnerable to Denial of Service via orphaned RetryHandler response body,2.0
TanStack/config,grype,GHSA-pmv8-rq9r-6j72,Medium,/pnpm-lock.yaml,,axios,1.16.1,1.18.0,npm,,Axios: Deep formToJSON Key Recursion Can Cause Denial of Service,2.0
TanStack/config,grype,GHSA-pqg4-j6r4-53mv,Critical,/pnpm-lock.yaml,,shell-quote,1.10.0,1.11.0,npm,,shell-quote: `quote()` command injection via a line terminator in a token after a `{ comment }` token,4.0
TanStack/config,grype,GHSA-q2hr-2g5m-vwhr,Medium,/pnpm-lock.yaml,,brace-expansion,1.1.15,1.1.21,npm,,"brace-expansion: Quadratic-time expansion of the `{a},b}` rewrite causes CPU denial of service",2.0
TanStack/config,grype,GHSA-q2hr-2g5m-vwhr,Medium,/pnpm-lock.yaml,,brace-expansion,5.0.6,5.0.12,npm,,"brace-expansion: Quadratic-time expansion of the `{a},b}` rewrite causes CPU denial of service",2.0
TanStack/config,grype,GHSA-q2hr-2g5m-vwhr,Medium,/pnpm-lock.yaml,,brace-expansion,5.0.9,5.0.12,npm,,"brace-expansion: Quadratic-time expansion of the `{a},b}` rewrite causes CPU denial of service",2.0
TanStack/config,grype,GHSA-qhr7-859c-m2p7,High,/pnpm-lock.yaml,,brace-expansion,1.1.15,1.1.20,npm,,brace-expansion: DoS via uncontrolled recursion on nested brace groups causing stack exhaustion,3.0
TanStack/config,grype,GHSA-qhr7-859c-m2p7,High,/pnpm-lock.yaml,,brace-expansion,5.0.6,5.0.11,npm,,brace-expansion: DoS via uncontrolled recursion on nested brace groups causing stack exhaustion,3.0
TanStack/config,grype,GHSA-qhr7-859c-m2p7,High,/pnpm-lock.yaml,,brace-expansion,5.0.9,5.0.11,npm,,brace-expansion: DoS via uncontrolled recursion on nested brace groups causing stack exhaustion,3.0
TanStack/config,grype,GHSA-r28c-9q8g-f849,High,/pnpm-lock.yaml,,postcss,8.5.16,8.5.18,npm,,PostCSS: Path Traversal in Previous Source Map Auto-Loading (sourceMappingURL) leads to Arbitrary .map File Disclosure,3.0
TanStack/config,grype,GHSA-r4xh-jqrq-34v2,Medium,/pnpm-lock.yaml,,smol-toml,1.6.1,1.9.0,npm,,smol-toml: Quadratic-time parse() from parseKey rescanning to end of document on each key line,2.0
TanStack/config,grype,GHSA-r53p-7pc4-xj5r,Low,/pnpm-lock.yaml,,undici,7.28.0,7.29.1,npm,,undici vulnerable to downstream response splitting via retry interceptor,1.0
TanStack/config,grype,GHSA-r5fr-rjxr-66jc,High,/pnpm-lock.yaml,,lodash,4.17.23,4.18.0,npm,,lodash vulnerable to Code Injection via `_.template` imports key names,3.0
TanStack/config,grype,GHSA-rfgv-xxqx-mfg5,High,/pnpm-lock.yaml,,undici,7.28.0,7.29.1,npm,,undici vulnerable to Denial of Service via unrequested WebSocket subprotocol,3.0
TanStack/config,grype,GHSA-rgw5-rvv9-x895,High,/pnpm-lock.yaml,,brace-expansion,1.1.15,1.1.18,npm,,"brace-expansion: DoS via unbounded intermediate arrays, bypassing the CVE-2026-14257 mitigation",3.0
TanStack/config,grype,GHSA-rgw5-rvv9-x895,High,/pnpm-lock.yaml,,brace-expansion,5.0.6,5.0.9,npm,,"brace-expansion: DoS via unbounded intermediate arrays, bypassing the CVE-2026-14257 mitigation",3.0
TanStack/config,grype,GHSA-rx4f-c7p8-82vq,Medium,/pnpm-lock.yaml,,undici,7.28.0,7.29.1,npm,,undici vulnerable to Denial of Service via WebSocketStream unclean close,2.0
TanStack/config,grype,GHSA-v3r7-h72x-cjcm,Medium,/pnpm-lock.yaml,,undici,7.28.0,7.29.0,npm,,undici vulnerable to cookie attribute injection via unsanitized domain and unparsed setCookie fields,2.0
TanStack/config,grype,GHSA-v5rq-49vh-5v5c,Critical,/pnpm-lock.yaml,,@simple-git/argv-parser,1.1.1,2.0.1,npm,,simple-git: `VISUAL` editor environment variable is omitted from unsafe editor detection,4.0
TanStack/config,grype,GHSA-vh66-26gq-q6x8,Medium,/pnpm-lock.yaml,,axios,1.16.1,1.20.0,npm,,Axios: Prototype pollution gadget in fetch adapter can alter outbound requests,2.0
TanStack/config,grype,GHSA-w293-vg96-wgc3,High,/pnpm-lock.yaml,,undici,7.28.0,7.29.1,npm,,undici vulnerable to TLS certificate validation bypass via dropped connect options in BalancedPool,3.0
TanStack/config,grype,GHSA-w2vw-w76x-qr89,High,/pnpm-lock.yaml,,nx,23.0.2,23.1.1,npm,,Nx: OS command injection via git revisions and remote refs,3.0
TanStack/config,grype,GHSA-w3vv-58gj-gw77,High,/pnpm-lock.yaml,,nx,23.0.2,23.1.2,npm,,Nx daemon and plugin worker sockets are accessible to other local users,3.0
TanStack/config,grype,GHSA-x6jw-m9v5-85vh,Critical,/pnpm-lock.yaml,,simple-git,3.36.0,4.0.1,npm,,simple-git unsafe-operation guard does not block trailer command configuration,4.0
TanStack/config,grype,GHSA-x97p-jq2g-jp4f,High,/pnpm-lock.yaml,,axios,1.16.1,1.20.0,npm,,Axios: Prototype Pollution Gadget in axios toFormData Options,3.0
TanStack/config,grype,GHSA-xj6q-8x83-jv6g,Medium,/pnpm-lock.yaml,,axios,1.16.1,1.18.0,npm,,Axios: Prototype pollution auth subfields can inject Basic auth,2.0
TanStack/container,grype,GHSA-39w2-rjm5-chcv,Low,/fixtures/workloads/package-lock.json,,next,16.3.4,16.3.8,npm,,Next.js has information disclosure in development server's Model Context Protocol endpoint,1.0
TanStack/container,grype,GHSA-3w37-wq28-93x7,Medium,/fixtures/workloads/package-lock.json,,next,16.3.4,16.3.8,npm,,Next.js: Pending `use cache` fill can leak Draft Mode content into regular responses and persisted pages,2.0
TanStack/container,grype,GHSA-477h-4r7f-fvrx,Medium,/package-lock.json,,pbkdf2,3.1.6,3.1.7,npm,,"pbkdf2 rehashes long passwords on every iteration, enabling denial of service",2.0
TanStack/container,grype,GHSA-4jqv-mc3x-m676,Medium,/fixtures/workloads/package-lock.json,,next,16.3.4,16.3.8,npm,,Next.js has cache poisoning of SSG and ISR pages in self-hosted applications,2.0
TanStack/container,grype,GHSA-4mjr-xmp4-gh2g,Medium,/package-lock.json,,qs,6.15.3,6.16.0,npm,,qs: Denial of Service via Attacker Controlled isBuffer,2.0
TanStack/container,grype,GHSA-4q55-j62x-fr9h,Medium,/fixtures/workloads/package-lock.json,,devalue,5.9.2,5.9.3,npm,,devalue: Malformed null-prototype object keys bypass __proto__ rejection via property-key coercion,2.0
TanStack/container,grype,GHSA-68fv-2mgg-jv7q,High,/fixtures/install-vue-ssr/package-lock.json,,source-map-js,1.2.1,1.2.2,npm,,source-map-js allows event-loop denial of service through indexed source-map section offsets,3.0
TanStack/container,grype,GHSA-68fv-2mgg-jv7q,High,/fixtures/start-vite8-wasm/package-lock.json,,source-map-js,1.2.1,1.2.2,npm,,source-map-js allows event-loop denial of service through indexed source-map section offsets,3.0
TanStack/container,grype,GHSA-68fv-2mgg-jv7q,High,/fixtures/vite-rolldown-wasm/package-lock.json,,source-map-js,1.2.1,1.2.2,npm,,source-map-js allows event-loop denial of service through indexed source-map section offsets,3.0
TanStack/container,grype,GHSA-68fv-2mgg-jv7q,High,/fixtures/workloads/package-lock.json,,source-map-js,1.2.1,1.2.2,npm,,source-map-js allows event-loop denial of service through indexed source-map section offsets,3.0
TanStack/container,grype,GHSA-6j4f-fj2g-mc7p,High,/fixtures/workloads/package-lock.json,,brace-expansion,5.0.9,5.0.10,npm,,brace-expansion: DoS via uncontrolled recursion in parseCommaParts causing stack exhaustion,3.0
TanStack/container,grype,GHSA-6j4f-fj2g-mc7p,High,/package-lock.json,,brace-expansion,5.0.9,5.0.10,npm,,brace-expansion: DoS via uncontrolled recursion in parseCommaParts causing stack exhaustion,3.0
TanStack/container,grype,GHSA-848j-6mx2-7j84,Low,/package-lock.json,,elliptic,6.6.1,,npm,,Elliptic Uses a Cryptographic Primitive with a Risky Implementation,1.0
TanStack/container,grype,GHSA-ch52-4w7c-c8xp,High,/fixtures/workloads/package-lock.json,,http-cache-semantics,4.2.0,,npm,,http-cache-semantics max-stale handling can disclose cross-user cached responses,3.0
TanStack/container,grype,GHSA-cjq9-62q9-8jv4,High,/fixtures/workloads/package-lock.json,,next,16.3.4,16.3.8,npm,,Next.js has Server-Side Request Forgery in Image Optimization,3.0
TanStack/container,grype,GHSA-f87g-xv8r-7p7x,Medium,/fixtures/workloads/package-lock.json,,next,16.3.4,16.3.8,npm,,Next.js has information disclosure in App Router metadata image routes via dynamicParams bypass,2.0
TanStack/container,grype,GHSA-hrr3-gc8f-f4qj,Medium,/fixtures/workloads/package-lock.json,,fast-uri,3.1.7,3.1.8,npm,,fast-uri vulnerable to inconsistent host case normalization via percent-encoded octets,2.0
TanStack/container,grype,GHSA-hx4r-w6wj-j8fg,Medium,/fixtures/workloads/package-lock.json,,devalue,5.9.2,5.9.3,npm,,devalue: Residual sparse-array CPU amplification in uneval,2.0
TanStack/container,grype,GHSA-j22f-vq7h-c4qm,High,/fixtures/workloads/package-lock.json,,devalue,5.9.2,5.9.3,npm,,devalue: `stringify`/`uneval` serialize shared memory,3.0
TanStack/container,grype,GHSA-jp82-f5mq-hwhp,High,/fixtures/workloads/package-lock.json,,seroval,1.5.6,1.6.3,npm,,Seroval: Memory exhaustion via unchecked TypedArray length in JSON deserialization,3.0
TanStack/container,grype,GHSA-jqcg-44mw-7w3h,Critical,/fixtures/install-express/package-lock.json,,proxy-addr,2.0.7,2.0.8,npm,,proxy-addr vulnerable to IP spoofing via IPv4-mapped IPv6 trust subnet,4.0
TanStack/container,grype,GHSA-jqcg-44mw-7w3h,Critical,/fixtures/workloads/package-lock.json,,proxy-addr,2.0.7,2.0.8,npm,,proxy-addr vulnerable to IP spoofing via IPv4-mapped IPv6 trust subnet,4.0
TanStack/container,grype,GHSA-mcj8-r9mp-w47p,Medium,/fixtures/workloads/package-lock.json,,next,16.3.4,16.3.8,npm,,Next.js has cache poisoning in SSG/ISR rendering that leads to cross-user content substitution and persistent denial of service,2.0
TanStack/container,grype,GHSA-mcm9-63f2-9j32,High,/fixtures/workloads/package-lock.json,,devalue,5.9.2,5.9.3,npm,,devalue: Repeated primitive strings cause quadratic expansion in uneval,3.0
TanStack/container,grype,GHSA-p6vx-979v-rg4c,Critical,/fixtures/workloads/package-lock.json,,seroval,1.5.6,1.6.2,npm,,Seroval: `fromJSON()` Promise thenable assimilation invokes plugin-produced callables (bypass of GHSA-mv8w-475r-vwqw),4.0
TanStack/container,grype,GHSA-pxg6-pf52-xh8x,Low,/fixtures/workloads/package-lock.json,,cookie,0.6.0,0.7.0,npm,,"cookie accepts cookie name, path, and domain with out of bounds characters",1.0
TanStack/container,grype,GHSA-pxg6-pf52-xh8x,Low,/fixtures/workloads/projects/sveltekit/package-lock.json,,cookie,0.6.0,0.7.0,npm,,"cookie accepts cookie name, path, and domain with out of bounds characters",1.0
TanStack/container,grype,GHSA-q2hr-2g5m-vwhr,Medium,/fixtures/workloads/package-lock.json,,brace-expansion,5.0.9,5.0.12,npm,,"brace-expansion: Quadratic-time expansion of the `{a},b}` rewrite causes CPU denial of service",2.0
TanStack/container,grype,GHSA-q2hr-2g5m-vwhr,Medium,/package-lock.json,,brace-expansion,5.0.9,5.0.12,npm,,"brace-expansion: Quadratic-time expansion of the `{a},b}` rewrite causes CPU denial of service",2.0
TanStack/container,grype,GHSA-qhr7-859c-m2p7,High,/fixtures/workloads/package-lock.json,,brace-expansion,5.0.9,5.0.11,npm,,brace-expansion: DoS via uncontrolled recursion on nested brace groups causing stack exhaustion,3.0
TanStack/container,grype,GHSA-qhr7-859c-m2p7,High,/package-lock.json,,brace-expansion,5.0.9,5.0.11,npm,,brace-expansion: DoS via uncontrolled recursion on nested brace groups causing stack exhaustion,3.0
TanStack/container,grype,GHSA-r4xh-jqrq-34v2,Medium,/fixtures/workloads/package-lock.json,,smol-toml,1.8.0,1.9.0,npm,,smol-toml: Quadratic-time parse() from parseKey rescanning to end of document on each key line,2.0
TanStack/container,grype,GHSA-vcvr-r3jv-pc5j,Critical,/fixtures/workloads/package-lock.json,,next,16.3.4,16.3.6,npm,,Next.js: Remote Code Execution in next/og ImageResponse,4.0
TanStack/container,grype,GHSA-wf3x-273g-mvxv,Low,/fixtures/workloads/package-lock.json,,devalue,5.9.2,5.9.3,npm,,devalue: Sparse arrays emitted by uneval cause eager allocation when evaluated,1.0
TanStack/container,grype,GHSA-wq5f-xc86-pv6w,High,/fixtures/workloads/package-lock.json,,sharp,0.35.4,0.35.5,npm,,sharp : Vulnerability in librsvg dependency CVE-2026-96889,3.0
TanStack/container,grype,GHSA-x5fp-wj9c-mxmx,Medium,/package-lock.json,,qs,6.15.3,6.16.0,npm,,qs array-limit bypass via bracket-key comma parsing,2.0
TanStack/container,grype,GHSA-x5rw-q4pp-hg5g,High,/fixtures/workloads/package-lock.json,,devalue,5.9.2,5.9.3,npm,,devalue: stringifyAsync can cause an unhandled rejection despite a caught returned promise,3.0
TanStack/db,grype,GHSA-22cc-p3c6-wpvm,High,/examples/react/projects/pnpm-lock.yaml,,h3,1.13.0,1.15.6,npm,,h3 has a Server-Sent Events Injection via Unsanitized Newlines in Event Stream Fields,3.0
TanStack/db,grype,GHSA-22cc-p3c6-wpvm,High,/examples/react/projects/pnpm-lock.yaml,,h3,1.15.3,1.15.6,npm,,h3 has a Server-Sent Events Injection via Unsanitized Newlines in Event Stream Fields,3.0
TanStack/db,grype,GHSA-22p9-wv53-3rq4,High,/pnpm-lock.yaml,,linkify-it,5.0.0,5.0.1,npm,,LinkifyIt#match scan loop has quadratic algorithmic complexity,3.0
TanStack/db,grype,GHSA-2328-f5f3-gj25,High,/examples/react/projects/pnpm-lock.yaml,,node-forge,1.3.1,1.4.0,npm,,Forge has a basicConstraints bypass in its certificate chain verification (RFC 5280 violation),3.0
TanStack/db,grype,GHSA-2328-f5f3-gj25,High,/pnpm-lock.yaml,,node-forge,1.3.3,1.4.0,npm,,Forge has a basicConstraints bypass in its certificate chain verification (RFC 5280 violation),3.0
TanStack/db,grype,GHSA-23c5-xmqv-rm74,High,/examples/react/projects/pnpm-lock.yaml,,minimatch,3.1.2,3.1.4,npm,,minimatch ReDoS: nested *() extglobs generate catastrophically backtracking regular expressions,3.0
TanStack/db,grype,GHSA-23c5-xmqv-rm74,High,/examples/react/projects/pnpm-lock.yaml,,minimatch,5.1.6,5.1.8,npm,,minimatch ReDoS: nested *() extglobs generate catastrophically backtracking regular expressions,3.0
TanStack/db,grype,GHSA-23c5-xmqv-rm74,High,/examples/react/projects/pnpm-lock.yaml,,minimatch,9.0.5,9.0.7,npm,,minimatch ReDoS: nested *() extglobs generate catastrophically backtracking regular expressions,3.0
TanStack/db,grype,GHSA-23c5-xmqv-rm74,High,/examples/react/todo/pnpm-lock.yaml,,minimatch,3.1.2,3.1.4,npm,,minimatch ReDoS: nested *() extglobs generate catastrophically backtracking regular expressions,3.0
TanStack/db,grype,GHSA-23c5-xmqv-rm74,High,/examples/react/todo/pnpm-lock.yaml,,minimatch,9.0.5,9.0.7,npm,,minimatch ReDoS: nested *() extglobs generate catastrophically backtracking regular expressions,3.0
TanStack/db,grype,GHSA-23c5-xmqv-rm74,High,/examples/solid/todo/pnpm-lock.yaml,,minimatch,3.1.2,3.1.4,npm,,minimatch ReDoS: nested *() extglobs generate catastrophically backtracking regular expressions,3.0
TanStack/db,grype,GHSA-23c5-xmqv-rm74,High,/examples/solid/todo/pnpm-lock.yaml,,minimatch,9.0.5,9.0.7,npm,,minimatch ReDoS: nested *() extglobs generate catastrophically backtracking regular expressions,3.0
TanStack/db,grype,GHSA-23c5-xmqv-rm74,High,/pnpm-lock.yaml,,minimatch,3.0.8,3.1.4,npm,,minimatch ReDoS: nested *() extglobs generate catastrophically backtracking regular expressions,3.0
TanStack/db,grype,GHSA-23c5-xmqv-rm74,High,/pnpm-lock.yaml,,minimatch,9.0.5,9.0.7,npm,,minimatch ReDoS: nested *() extglobs generate catastrophically backtracking regular expressions,3.0
TanStack/db,grype,GHSA-23hp-3jrh-7fpw,Critical,/examples/react/projects/pnpm-lock.yaml,,tar,7.4.3,7.5.19,npm,,node-tar: Decompression/parse DoS via unlimited input,4.0
TanStack/db,grype,GHSA-23hp-3jrh-7fpw,Critical,/pnpm-lock.yaml,,tar,7.5.7,7.5.19,npm,,node-tar: Decompression/parse DoS via unlimited input,4.0
TanStack/db,grype,GHSA-253c-mchw-3w2r,Medium,/pnpm-lock.yaml,,markdown-it,14.1.0,14.3.1,npm,,"markdown-it linkify: true has two quadratic paths, so a few hundred KB of markdown blocks the event loop for tens of seconds",2.0
TanStack/db,grype,GHSA-25h7-pfq9-p65f,High,/examples/react/projects/pnpm-lock.yaml,,flatted,3.3.3,3.4.0,npm,,flatted vulnerable to unbounded recursion DoS in parse() revive phase,3.0
TanStack/db,grype,GHSA-25h7-pfq9-p65f,High,/examples/react/todo/pnpm-lock.yaml,,flatted,3.3.3,3.4.0,npm,,flatted vulnerable to unbounded recursion DoS in parse() revive phase,3.0
TanStack/db,grype,GHSA-25h7-pfq9-p65f,High,/examples/solid/todo/pnpm-lock.yaml,,flatted,3.3.3,3.4.0,npm,,flatted vulnerable to unbounded recursion DoS in parse() revive phase,3.0
TanStack/db,grype,GHSA-25h7-pfq9-p65f,High,/pnpm-lock.yaml,,flatted,3.3.3,3.4.0,npm,,flatted vulnerable to unbounded recursion DoS in parse() revive phase,3.0
TanStack/db,grype,GHSA-26pp-8wgv-hjvm,Medium,/pnpm-lock.yaml,,hono,4.11.9,4.12.12,npm,,Hono missing validation of cookie name on write path in setCookie(),2.0
TanStack/db,grype,GHSA-27p8-2357-5qqv,High,/pnpm-lock.yaml,,@xmldom/xmldom,0.8.11,0.8.15,npm,,xmldom: DocType `name` Injection Bypasses requireWellFormed,3.0
TanStack/db,grype,GHSA-27v5-c462-wpq7,Medium,/pnpm-lock.yaml,,path-to-regexp,8.3.0,8.4.0,npm,,path-to-regexp vulnerable to Regular Expression Denial of Service via multiple wildcards,2.0
TanStack/db,grype,GHSA-2883-xcg3-v3hh,High,/examples/react/projects/pnpm-lock.yaml,,js-yaml,3.14.1,3.15.2,npm,,js-yaml: maxTotalMergeKeys does not limit CPU use for empty merge sources,3.0
TanStack/db,grype,GHSA-2883-xcg3-v3hh,High,/examples/react/projects/pnpm-lock.yaml,,js-yaml,4.1.0,4.3.2,npm,,js-yaml: maxTotalMergeKeys does not limit CPU use for empty merge sources,3.0
TanStack/db,grype,GHSA-2883-xcg3-v3hh,High,/examples/react/todo/pnpm-lock.yaml,,js-yaml,4.1.0,4.3.2,npm,,js-yaml: maxTotalMergeKeys does not limit CPU use for empty merge sources,3.0
TanStack/db,grype,GHSA-2883-xcg3-v3hh,High,/examples/solid/todo/pnpm-lock.yaml,,js-yaml,4.1.0,4.3.2,npm,,js-yaml: maxTotalMergeKeys does not limit CPU use for empty merge sources,3.0
TanStack/db,grype,GHSA-2883-xcg3-v3hh,High,/pnpm-lock.yaml,,js-yaml,3.14.1,3.15.2,npm,,js-yaml: maxTotalMergeKeys does not limit CPU use for empty merge sources,3.0
TanStack/db,grype,GHSA-2883-xcg3-v3hh,High,/pnpm-lock.yaml,,js-yaml,4.1.1,4.3.2,npm,,js-yaml: maxTotalMergeKeys does not limit CPU use for empty merge sources,3.0
TanStack/db,grype,GHSA-28wg-ghj8-5hjv,High,/examples/react/projects/pnpm-lock.yaml,,nanoid,3.3.11,3.3.16,npm,,nanoid: non-secure generators can loop indefinitely with negative size,3.0
TanStack/db,grype,GHSA-28wg-ghj8-5hjv,High,/examples/react/todo/pnpm-lock.yaml,,nanoid,3.3.8,3.3.16,npm,,nanoid: non-secure generators can loop indefinitely with negative size,3.0
TanStack/db,grype,GHSA-28wg-ghj8-5hjv,High,/examples/solid/todo/pnpm-lock.yaml,,nanoid,3.3.8,3.3.16,npm,,nanoid: non-secure generators can loop indefinitely with negative size,3.0
TanStack/db,grype,GHSA-2g4f-4pwh-qvx6,Medium,/examples/react/projects/pnpm-lock.yaml,,ajv,6.12.6,6.14.0,npm,,ajv has ReDoS when using `$data` option,2.0
TanStack/db,grype,GHSA-2g4f-4pwh-qvx6,Medium,/examples/react/todo/pnpm-lock.yaml,,ajv,6.12.6,6.14.0,npm,,ajv has ReDoS when using `$data` option,2.0
TanStack/db,grype,GHSA-2g4f-4pwh-qvx6,Medium,/examples/solid/todo/pnpm-lock.yaml,,ajv,6.12.6,6.14.0,npm,,ajv has ReDoS when using `$data` option,2.0
TanStack/db,grype,GHSA-2g4f-4pwh-qvx6,Medium,/pnpm-lock.yaml,,ajv,8.12.0,8.18.0,npm,,ajv has ReDoS when using `$data` option,2.0
TanStack/db,grype,GHSA-2g4f-4pwh-qvx6,Medium,/pnpm-lock.yaml,,ajv,8.13.0,8.18.0,npm,,ajv has ReDoS when using `$data` option,2.0
TanStack/db,grype,GHSA-2g4f-4pwh-qvx6,Medium,/pnpm-lock.yaml,,ajv,8.17.1,8.18.0,npm,,ajv has ReDoS when using `$data` option,2.0
TanStack/db,grype,GHSA-2gcr-mfcq-wcc3,Medium,/pnpm-lock.yaml,,hono,4.11.9,4.12.21,npm,,"Hono: app.mount() strips mount prefix using undecoded path, causing incorrect routing for percent-encoded paths",2.0
TanStack/db,grype,GHSA-2gqq-gqf2-x968,Low,/examples/react/projects/pnpm-lock.yaml,,undici,7.12.0,7.29.1,npm,,undici vulnerable to response truncation via oversized chunked responses in the dump interceptor,1.0
TanStack/db,grype,GHSA-2gqq-gqf2-x968,Low,/pnpm-lock.yaml,,undici,7.24.4,7.29.1,npm,,undici vulnerable to response truncation via oversized chunked responses in the dump interceptor,1.0
TanStack/db,grype,GHSA-2jfj-6hjv-fm6j,Medium,/examples/react/projects/pnpm-lock.yaml,,undici,7.12.0,7.29.1,npm,,undici vulnerable to cross-user cookie disclosure via Set-Cookie caching in shared caches,2.0
TanStack/db,grype,GHSA-2jfj-6hjv-fm6j,Medium,/pnpm-lock.yaml,,undici,7.24.4,7.29.1,npm,,undici vulnerable to cross-user cookie disclosure via Set-Cookie caching in shared caches,2.0
TanStack/db,grype,GHSA-2mjp-6q6p-2qxm,Medium,/examples/react/projects/pnpm-lock.yaml,,undici,7.12.0,7.24.0,npm,,Undici has an HTTP Request/Response Smuggling issue,2.0
TanStack/db,grype,GHSA-2mjp-6q6p-2qxm,Medium,/pnpm-lock.yaml,,undici,6.23.0,6.24.0,npm,,Undici has an HTTP Request/Response Smuggling issue,2.0
TanStack/db,grype,GHSA-2v35-w6hq-6mfw,High,/pnpm-lock.yaml,,@xmldom/xmldom,0.8.11,0.8.13,npm,,xmldom: Uncontrolled recursion in XML serialization leads to DoS,3.0
TanStack/db,grype,GHSA-2v37-7h3g-55p8,High,/examples/react/projects/pnpm-lock.yaml,,nanoid,3.3.11,3.3.18,npm,,nanoid: custom generators can loop indefinitely when size is zero,3.0
TanStack/db,grype,GHSA-2v37-7h3g-55p8,High,/examples/react/todo/pnpm-lock.yaml,,nanoid,3.3.8,3.3.18,npm,,nanoid: custom generators can loop indefinitely when size is zero,3.0
TanStack/db,grype,GHSA-2v37-7h3g-55p8,High,/examples/solid/todo/pnpm-lock.yaml,,nanoid,3.3.8,3.3.18,npm,,nanoid: custom generators can loop indefinitely when size is zero,3.0
TanStack/db,grype,GHSA-2vg6-77g8-24mp,Low,/examples/react/projects/pnpm-lock.yaml,,better-auth,1.3.4,1.6.11,npm,,"Better Auth: Stale sessions persist after user deletion across admin, anonymous, and SCIM flows",1.0
TanStack/db,grype,GHSA-34x7-hfp2-rc4v,High,/examples/react/projects/pnpm-lock.yaml,,tar,7.4.3,7.5.7,npm,,node-tar Vulnerable to Arbitrary File Creation/Overwrite via Hardlink Path Traversal,3.0
TanStack/db,grype,GHSA-356w-63v5-8wf4,Medium,/examples/react/todo/pnpm-lock.yaml,,vite,6.1.1,6.1.5,npm,,Vite has an `server.fs.deny` bypass with an invalid `request-target`,2.0
TanStack/db,grype,GHSA-356w-63v5-8wf4,Medium,/examples/solid/todo/pnpm-lock.yaml,,vite,6.1.1,6.1.5,npm,,Vite has an `server.fs.deny` bypass with an invalid `request-target`,2.0
TanStack/db,grype,GHSA-35jp-ww65-95wh,High,/pnpm-lock.yaml,,axios,1.13.6,1.16.0,npm,,axios Vulnerable to Full Man-in-the-Middle via Prototype Pollution Gadget in `config.proxy`,3.0
TanStack/db,grype,GHSA-35p6-xmwp-9g52,Low,/examples/react/projects/pnpm-lock.yaml,,undici,7.12.0,7.28.0,npm,,undici vulnerable to HTTP response queue poisoning via keep-alive socket reuse,1.0
TanStack/db,grype,GHSA-35p6-xmwp-9g52,Low,/pnpm-lock.yaml,,undici,6.23.0,6.27.0,npm,,undici vulnerable to HTTP response queue poisoning via keep-alive socket reuse,1.0
TanStack/db,grype,GHSA-35p6-xmwp-9g52,Low,/pnpm-lock.yaml,,undici,7.24.4,7.28.0,npm,,undici vulnerable to HTTP response queue poisoning via keep-alive socket reuse,1.0
TanStack/db,grype,GHSA-37ch-88jc-xwx2,High,/examples/react/todo/pnpm-lock.yaml,,path-to-regexp,0.1.12,0.1.13,npm,,path-to-regexp vulnerable to Regular Expression Denial of Service via multiple route parameters,3.0
TanStack/db,grype,GHSA-37ch-88jc-xwx2,High,/examples/solid/todo/pnpm-lock.yaml,,path-to-regexp,0.1.12,0.1.13,npm,,path-to-regexp vulnerable to Regular Expression Denial of Service via multiple route parameters,3.0
TanStack/db,grype,GHSA-38c4-r59v-3vqw,Medium,/pnpm-lock.yaml,,markdown-it,14.1.0,14.1.1,npm,,markdown-it is has a Regular Expression Denial of Service (ReDoS),2.0
TanStack/db,grype,GHSA-395f-4hp3-45gv,High,/examples/react/projects/pnpm-lock.yaml,,shell-quote,1.8.3,1.9.0,npm,,shell-quote: Quadratic-complexity Denial of Service in `parse()` (CWE-407),3.0
TanStack/db,grype,GHSA-395f-4hp3-45gv,High,/examples/react/todo/pnpm-lock.yaml,,shell-quote,1.8.2,1.9.0,npm,,shell-quote: Quadratic-complexity Denial of Service in `parse()` (CWE-407),3.0
TanStack/db,grype,GHSA-395f-4hp3-45gv,High,/examples/solid/todo/pnpm-lock.yaml,,shell-quote,1.8.2,1.9.0,npm,,shell-quote: Quadratic-complexity Denial of Service in `parse()` (CWE-407),3.0
TanStack/db,grype,GHSA-395f-4hp3-45gv,High,/pnpm-lock.yaml,,shell-quote,1.8.3,1.9.0,npm,,shell-quote: Quadratic-complexity Denial of Service in `parse()` (CWE-407),3.0
TanStack/db,grype,GHSA-39pv-4j6c-2g6v,High,/pnpm-lock.yaml,,@angular/common,20.3.16,20.3.25,npm,,@angular/common: Weak 32-Bit Cache Key Hashing in `HttpTransferCache` Leading to Cross-Request Data Leakage and State Poisoning,3.0
TanStack/db,grype,GHSA-39w2-rjm5-chcv,Low,/pnpm-lock.yaml,,next,16.3.6,16.3.8,npm,,Next.js has information disclosure in development server's Model Context Protocol endpoint,1.0
TanStack/db,grype,GHSA-3g43-6gmg-66jw,High,/pnpm-lock.yaml,,axios,1.13.6,1.15.2,npm,,axios Vulnerable to Credential Theft and Response Hijacking via Prototype Pollution Gadget in Config Merge,3.0
TanStack/db,grype,GHSA-3hrh-pfw6-9m5x,Medium,/pnpm-lock.yaml,,hono,4.11.9,4.12.21,npm,,"Hono: Cookie helper does not sanitize sameSite and priority, allowing Set-Cookie injection",2.0
TanStack/db,grype,GHSA-3j22-8qj3-26mx,High,/examples/react/projects/pnpm-lock.yaml,,seroval,1.3.2,1.4.1,npm,,Seroval affected by Denial of Service via Deeply Nested Objects,3.0
TanStack/db,grype,GHSA-3jxr-9vmj-r5cp,High,/examples/react/projects/pnpm-lock.yaml,,brace-expansion,1.1.12,1.1.16,npm,,brace-expansion: DoS via exponential-time expansion of consecutive non-expanding {} groups,3.0
TanStack/db,grype,GHSA-3jxr-9vmj-r5cp,High,/examples/react/projects/pnpm-lock.yaml,,brace-expansion,2.0.2,2.1.2,npm,,brace-expansion: DoS via exponential-time expansion of consecutive non-expanding {} groups,3.0
TanStack/db,grype,GHSA-3jxr-9vmj-r5cp,High,/examples/react/todo/pnpm-lock.yaml,,brace-expansion,1.1.11,1.1.16,npm,,brace-expansion: DoS via exponential-time expansion of consecutive non-expanding {} groups,3.0
TanStack/db,grype,GHSA-3jxr-9vmj-r5cp,High,/examples/react/todo/pnpm-lock.yaml,,brace-expansion,2.0.1,2.1.2,npm,,brace-expansion: DoS via exponential-time expansion of consecutive non-expanding {} groups,3.0
TanStack/db,grype,GHSA-3jxr-9vmj-r5cp,High,/examples/solid/todo/pnpm-lock.yaml,,brace-expansion,1.1.11,1.1.16,npm,,brace-expansion: DoS via exponential-time expansion of consecutive non-expanding {} groups,3.0
TanStack/db,grype,GHSA-3jxr-9vmj-r5cp,High,/examples/solid/todo/pnpm-lock.yaml,,brace-expansion,2.0.1,2.1.2,npm,,brace-expansion: DoS via exponential-time expansion of consecutive non-expanding {} groups,3.0
TanStack/db,grype,GHSA-3jxr-9vmj-r5cp,High,/pnpm-lock.yaml,,brace-expansion,1.1.14,1.1.16,npm,,brace-expansion: DoS via exponential-time expansion of consecutive non-expanding {} groups,3.0
TanStack/db,grype,GHSA-3p68-rc4w-qgx5,Medium,/pnpm-lock.yaml,,axios,1.13.6,1.15.0,npm,,Axios has a NO_PROXY Hostname Normalization Bypass that Leads to SSRF,2.0
TanStack/db,grype,GHSA-3ppc-4f35-3m26,High,/examples/react/projects/pnpm-lock.yaml,,minimatch,3.1.2,3.1.3,npm,,minimatch has a ReDoS via repeated wildcards with non-matching literal in pattern,3.0
TanStack/db,grype,GHSA-3ppc-4f35-3m26,High,/examples/react/projects/pnpm-lock.yaml,,minimatch,5.1.6,5.1.7,npm,,minimatch has a ReDoS via repeated wildcards with non-matching literal in pattern,3.0
TanStack/db,grype,GHSA-3ppc-4f35-3m26,High,/examples/react/projects/pnpm-lock.yaml,,minimatch,9.0.5,9.0.6,npm,,minimatch has a ReDoS via repeated wildcards with non-matching literal in pattern,3.0
TanStack/db,grype,GHSA-3ppc-4f35-3m26,High,/examples/react/todo/pnpm-lock.yaml,,minimatch,3.1.2,3.1.3,npm,,minimatch has a ReDoS via repeated wildcards with non-matching literal in pattern,3.0
TanStack/db,grype,GHSA-3ppc-4f35-3m26,High,/examples/react/todo/pnpm-lock.yaml,,minimatch,9.0.5,9.0.6,npm,,minimatch has a ReDoS via repeated wildcards with non-matching literal in pattern,3.0
TanStack/db,grype,GHSA-3ppc-4f35-3m26,High,/examples/solid/todo/pnpm-lock.yaml,,minimatch,3.1.2,3.1.3,npm,,minimatch has a ReDoS via repeated wildcards with non-matching literal in pattern,3.0
TanStack/db,grype,GHSA-3ppc-4f35-3m26,High,/examples/solid/todo/pnpm-lock.yaml,,minimatch,9.0.5,9.0.6,npm,,minimatch has a ReDoS via repeated wildcards with non-matching literal in pattern,3.0
TanStack/db,grype,GHSA-3ppc-4f35-3m26,High,/pnpm-lock.yaml,,minimatch,3.0.8,3.1.3,npm,,minimatch has a ReDoS via repeated wildcards with non-matching literal in pattern,3.0
TanStack/db,grype,GHSA-3ppc-4f35-3m26,High,/pnpm-lock.yaml,,minimatch,9.0.5,9.0.6,npm,,minimatch has a ReDoS via repeated wildcards with non-matching literal in pattern,3.0
TanStack/db,grype,GHSA-3pq3-5fj3-cg6v,High,/pnpm-lock.yaml,,axios,1.13.6,1.20.0,npm,,Axios: HTTP/2 adapter bypasses configured DNS lookup and proxy controls,3.0
TanStack/db,grype,GHSA-3rxj-6cgf-8cfw,High,/examples/react/projects/pnpm-lock.yaml,,seroval,1.3.2,1.4.1,npm,,seroval Affected by Remote Code Execution via JSON Deserialization,3.0
TanStack/db,grype,GHSA-3v7f-55p6-f55p,Medium,/examples/react/projects/pnpm-lock.yaml,,picomatch,2.3.1,2.3.2,npm,,Picomatch: Method Injection in POSIX Character Classes causes incorrect Glob Matching,2.0
TanStack/db,grype,GHSA-3v7f-55p6-f55p,Medium,/examples/react/projects/pnpm-lock.yaml,,picomatch,4.0.2,4.0.4,npm,,Picomatch: Method Injection in POSIX Character Classes causes incorrect Glob Matching,2.0
TanStack/db,grype,GHSA-3v7f-55p6-f55p,Medium,/examples/react/projects/pnpm-lock.yaml,,picomatch,4.0.3,4.0.4,npm,,Picomatch: Method Injection in POSIX Character Classes causes incorrect Glob Matching,2.0
TanStack/db,grype,GHSA-3v7f-55p6-f55p,Medium,/examples/react/todo/pnpm-lock.yaml,,picomatch,2.3.1,2.3.2,npm,,Picomatch: Method Injection in POSIX Character Classes causes incorrect Glob Matching,2.0
TanStack/db,grype,GHSA-3v7f-55p6-f55p,Medium,/examples/solid/todo/pnpm-lock.yaml,,picomatch,2.3.1,2.3.2,npm,,Picomatch: Method Injection in POSIX Character Classes causes incorrect Glob Matching,2.0
TanStack/db,grype,GHSA-3w37-wq28-93x7,Medium,/pnpm-lock.yaml,,next,16.3.6,16.3.8,npm,,Next.js: Pending `use cache` fill can leak Draft Mode content into regular responses and persisted pages,2.0
TanStack/db,grype,GHSA-3w6x-2g7m-8v23,Medium,/pnpm-lock.yaml,,axios,1.13.6,1.15.2,npm,,Axios: Invisible JSON Response Tampering via Prototype Pollution Gadget in `parseReviver`,2.0
TanStack/db,grype,GHSA-3xpg-4rpp-hhhm,Medium,/pnpm-lock.yaml,,undici,7.24.4,7.29.1,npm,,undici vulnerable to Denial of Service via unbounded decompression of compressed responses,2.0
TanStack/db,grype,GHSA-42h9-826w-cgv3,Medium,/pnpm-lock.yaml,,axios,1.13.6,1.18.0,npm,,Axios: Excessive recursion in formDataToJSON can cause denial of service,2.0
TanStack/db,grype,GHSA-43p4-m455-4f4j,High,/examples/react/projects/pnpm-lock.yaml,,@trpc/server,11.4.3,11.8.0,npm,,tRPC has possible prototype pollution in `experimental_nextAppDirCaller`,3.0
TanStack/db,grype,GHSA-445q-vr5w-6q77,Medium,/pnpm-lock.yaml,,axios,1.13.6,1.15.1,npm,,Axios: CRLF Injection in multipart/form-data body via unsanitized blob.type in formDataToStream,2.0
TanStack/db,grype,GHSA-458j-xx4x-4375,Medium,/pnpm-lock.yaml,,hono,4.11.9,4.12.14,npm,,hono Improperly Handles JSX Attribute Names Allows HTML Injection in hono/jsx SSR,2.0
TanStack/db,grype,GHSA-46wh-pxpv-q5gq,High,/pnpm-lock.yaml,,express-rate-limit,8.2.1,8.2.2,npm,,express-rate-limit: IPv4-mapped IPv6 addresses bypass per-client rate limiting on servers with dual-stack network,3.0
TanStack/db,grype,GHSA-48c2-rrv3-qjmp,Medium,/examples/react/projects/pnpm-lock.yaml,,yaml,2.8.0,2.8.3,npm,,yaml is vulnerable to Stack Overflow via deeply nested YAML collections,2.0
TanStack/db,grype,GHSA-48c2-rrv3-qjmp,Medium,/pnpm-lock.yaml,,yaml,2.8.1,2.8.3,npm,,yaml is vulnerable to Stack Overflow via deeply nested YAML collections,2.0
TanStack/db,grype,GHSA-48r7-hpm6-gfxm,High,/pnpm-lock.yaml,,@angular/common,20.3.16,20.3.25,npm,,@angular/common: Denial of Service (DoS) via OOM in Date Formatting (formatDate),3.0
TanStack/db,grype,GHSA-4992-7rv2-5pvq,Medium,/examples/react/projects/pnpm-lock.yaml,,undici,7.12.0,7.24.0,npm,,Undici has CRLF Injection in undici via `upgrade` option,2.0
TanStack/db,grype,GHSA-4992-7rv2-5pvq,Medium,/pnpm-lock.yaml,,undici,6.23.0,6.24.0,npm,,Undici has CRLF Injection in undici via `upgrade` option,2.0
TanStack/db,grype,GHSA-4c8g-83qw-93j6,High,/pnpm-lock.yaml,,fast-uri,3.1.0,3.1.3,npm,,fast-uri vulnerable to host confusion via failed IDN canonicalization,3.0
TanStack/db,grype,GHSA-4cwx-7wf7-3272,High,/examples/react/projects/pnpm-lock.yaml,,undici,7.12.0,7.29.0,npm,,undici vulnerable to cross-user information disclosure and parse-time crash via degenerate private cache directives,3.0
TanStack/db,grype,GHSA-4cwx-7wf7-3272,High,/pnpm-lock.yaml,,undici,7.24.4,7.29.0,npm,,undici vulnerable to cross-user information disclosure and parse-time crash via degenerate private cache directives,3.0
TanStack/db,grype,GHSA-4hqw-qxg8-jxx2,Medium,/pnpm-lock.yaml,,axios,1.13.6,1.20.0,npm,,Axios: Fetch Adapter Header Injection via Inherited FormData getHeaders,2.0
TanStack/db,grype,GHSA-4hxc-9384-m385,Medium,/examples/react/projects/pnpm-lock.yaml,,h3,1.13.0,1.15.9,npm,,h3: SSE Event Injection via Unsanitized Carriage Return (`\r`) in EventStream Data and Comment Fields (Bypass of CVE Fix),2.0
TanStack/db,grype,GHSA-4hxc-9384-m385,Medium,/examples/react/projects/pnpm-lock.yaml,,h3,1.15.3,1.15.9,npm,,h3: SSE Event Injection via Unsanitized Carriage Return (`\r`) in EventStream Data and Comment Fields (Bypass of CVE Fix),2.0
TanStack/db,grype,GHSA-4jqv-mc3x-m676,Medium,/pnpm-lock.yaml,,next,16.3.6,16.3.8,npm,,Next.js has cache poisoning of SSG and ISR pages in self-hosted applications,2.0
TanStack/db,grype,GHSA-4mjr-xmp4-gh2g,Medium,/examples/react/projects/pnpm-lock.yaml,,qs,6.14.0,6.16.0,npm,,qs: Denial of Service via Attacker Controlled isBuffer,2.0
TanStack/db,grype,GHSA-4mjr-xmp4-gh2g,Medium,/examples/react/todo/pnpm-lock.yaml,,qs,6.13.0,6.16.0,npm,,qs: Denial of Service via Attacker Controlled isBuffer,2.0
TanStack/db,grype,GHSA-4mjr-xmp4-gh2g,Medium,/examples/solid/todo/pnpm-lock.yaml,,qs,6.13.0,6.16.0,npm,,qs: Denial of Service via Attacker Controlled isBuffer,2.0
TanStack/db,grype,GHSA-4mjr-xmp4-gh2g,Medium,/pnpm-lock.yaml,,qs,6.14.1,6.16.0,npm,,qs: Denial of Service via Attacker Controlled isBuffer,2.0
TanStack/db,grype,GHSA-4r4m-qw57-chr8,Medium,/examples/react/todo/pnpm-lock.yaml,,vite,6.1.1,6.1.3,npm,,Vite has a `server.fs.deny` bypassed for `inline` and `raw` with `?import` query,2.0
TanStack/db,grype,GHSA-4r4m-qw57-chr8,Medium,/examples/solid/todo/pnpm-lock.yaml,,vite,6.1.1,6.1.3,npm,,Vite has a `server.fs.deny` bypassed for `inline` and `raw` with `?import` query,2.0
TanStack/db,grype,GHSA-4w3w-2rp5-g8jm,High,/pnpm-lock.yaml,,@xmldom/xmldom,0.8.11,0.8.14,npm,,xmldom: Attribute name injection via setAttribute() bypasses requireWellFormed,3.0
TanStack/db,grype,GHSA-4w7w-66w2-5vf9,Medium,/examples/react/projects/pnpm-lock.yaml,,vite,6.3.5,6.4.2,npm,,Vite Vulnerable to Path Traversal in Optimized Deps `.map` Handling,2.0
TanStack/db,grype,GHSA-4w7w-66w2-5vf9,Medium,/examples/react/todo/pnpm-lock.yaml,,vite,6.1.1,6.4.2,npm,,Vite Vulnerable to Path Traversal in Optimized Deps `.map` Handling,2.0
TanStack/db,grype,GHSA-4w7w-66w2-5vf9,Medium,/examples/solid/todo/pnpm-lock.yaml,,vite,6.1.1,6.4.2,npm,,Vite Vulnerable to Path Traversal in Optimized Deps `.map` Handling,2.0
TanStack/db,grype,GHSA-4x5r-pxfx-6jf8,Low,/examples/react/projects/pnpm-lock.yaml,,@babel/core,7.28.0,7.29.6,npm,,@babel/core: Arbitrary File Read via sourceMappingURL Comment,1.0
TanStack/db,grype,GHSA-4x5r-pxfx-6jf8,Low,/examples/react/todo/pnpm-lock.yaml,,@babel/core,7.26.9,7.29.6,npm,,@babel/core: Arbitrary File Read via sourceMappingURL Comment,1.0
TanStack/db,grype,GHSA-4x5r-pxfx-6jf8,Low,/examples/solid/todo/pnpm-lock.yaml,,@babel/core,7.26.9,7.29.6,npm,,@babel/core: Arbitrary File Read via sourceMappingURL Comment,1.0
TanStack/db,grype,GHSA-52cp-r559-cp3m,High,/examples/react/projects/pnpm-lock.yaml,,js-yaml,3.14.1,3.15.0,npm,,js-yaml: YAML merge-key chains can force quadratic CPU consumption,3.0
TanStack/db,grype,GHSA-52cp-r559-cp3m,High,/examples/react/projects/pnpm-lock.yaml,,js-yaml,4.1.0,4.3.0,npm,,js-yaml: YAML merge-key chains can force quadratic CPU consumption,3.0
TanStack/db,grype,GHSA-52cp-r559-cp3m,High,/examples/react/todo/pnpm-lock.yaml,,js-yaml,4.1.0,4.3.0,npm,,js-yaml: YAML merge-key chains can force quadratic CPU consumption,3.0
TanStack/db,grype,GHSA-52cp-r559-cp3m,High,/examples/solid/todo/pnpm-lock.yaml,,js-yaml,4.1.0,4.3.0,npm,,js-yaml: YAML merge-key chains can force quadratic CPU consumption,3.0
TanStack/db,grype,GHSA-52cp-r559-cp3m,High,/pnpm-lock.yaml,,js-yaml,3.14.1,3.15.0,npm,,js-yaml: YAML merge-key chains can force quadratic CPU consumption,3.0
TanStack/db,grype,GHSA-52cp-r559-cp3m,High,/pnpm-lock.yaml,,js-yaml,4.1.1,4.3.0,npm,,js-yaml: YAML merge-key chains can force quadratic CPU consumption,3.0
TanStack/db,grype,GHSA-52f5-9888-hmc6,Low,/examples/react/projects/pnpm-lock.yaml,,tmp,0.2.3,0.2.4,npm,,tmp allows arbitrary temporary file / directory write via symbolic link `dir` parameter,1.0
TanStack/db,grype,GHSA-52v5-jr5w-gjxr,High,/pnpm-lock.yaml,,sigstore,4.1.0,4.1.1,npm,,sigstore's `certificateOIDs` verification constraints are silently dropped and never enforced,3.0
TanStack/db,grype,GHSA-542g-h47m-68v8,High,/pnpm-lock.yaml,,axios,1.13.6,1.20.0,npm,,Axios: Denial of Service via Unhandled 'error' Event in HTTP/2 ClientHttp2Session Initialization,3.0
TanStack/db,grype,GHSA-554w-wpv2-vw27,High,/examples/react/projects/pnpm-lock.yaml,,node-forge,1.3.1,1.3.2,npm,,node-forge has ASN.1 Unbounded Recursion,3.0
TanStack/db,grype,GHSA-569q-mpph-wgww,High,/examples/react/projects/pnpm-lock.yaml,,better-auth,1.3.4,1.4.2,npm,,Better Auth affected by external request basePath modification DoS,3.0
TanStack/db,grype,GHSA-58qx-3vcg-4xpx,Medium,/examples/react/projects/pnpm-lock.yaml,,ws,8.18.3,8.20.1,npm,,ws: Uninitialized memory disclosure,2.0
TanStack/db,grype,GHSA-58qx-3vcg-4xpx,Medium,/pnpm-lock.yaml,,ws,8.18.0,8.20.1,npm,,ws: Uninitialized memory disclosure,2.0
TanStack/db,grype,GHSA-58qx-3vcg-4xpx,Medium,/pnpm-lock.yaml,,ws,8.19.0,8.20.1,npm,,ws: Uninitialized memory disclosure,2.0
TanStack/db,grype,GHSA-58qx-3vcg-4xpx,Medium,/pnpm-lock.yaml,,ws,8.20.0,8.20.1,npm,,ws: Uninitialized memory disclosure,2.0
TanStack/db,grype,GHSA-5c6j-r48x-rmvq,High,/examples/react/projects/pnpm-lock.yaml,,serialize-javascript,6.0.2,7.0.3,npm,,Serialize JavaScript is Vulnerable to RCE via RegExp.flags and Date.prototype.toISOString(),3.0
TanStack/db,grype,GHSA-5c9x-8gcm-mpgx,Medium,/pnpm-lock.yaml,,axios,1.13.6,1.15.1,npm,,Axios' HTTP adapter-streamed uploads bypass maxBodyLength when maxRedirects: 0,2.0
TanStack/db,grype,GHSA-5gfm-wpxj-wjgq,High,/examples/react/projects/pnpm-lock.yaml,,node-forge,1.3.1,1.3.2,npm,,node-forge has an Interpretation Conflict vulnerability via its ASN.1 Validator Desynchronization,3.0
TanStack/db,grype,GHSA-5gmw-xhrv-c9v3,Critical,/examples/react/projects/pnpm-lock.yaml,,tinypool,1.1.1,2.1.1,npm,,Tinypool: Prototype Pollution gadget in worker options leads to Remote Code Execution,4.0
TanStack/db,grype,GHSA-5gmw-xhrv-c9v3,Critical,/pnpm-lock.yaml,,tinypool,1.1.1,2.1.1,npm,,Tinypool: Prototype Pollution gadget in worker options leads to Remote Code Execution,4.0
TanStack/db,grype,GHSA-5j98-mcp5-4vw2,High,/examples/react/projects/pnpm-lock.yaml,,glob,10.4.5,10.5.0,npm,,glob CLI: Command injection via -c/--cmd executes matches with shell:true,3.0
TanStack/db,grype,GHSA-5m6q-g25r-mvwx,High,/examples/react/projects/pnpm-lock.yaml,,node-forge,1.3.1,1.4.0,npm,,Forge has Denial of Service via Infinite Loop in BigInteger.modInverse() with Zero Input,3.0
TanStack/db,grype,GHSA-5m6q-g25r-mvwx,High,/pnpm-lock.yaml,,node-forge,1.3.3,1.4.0,npm,,Forge has Denial of Service via Infinite Loop in BigInteger.modInverse() with Zero Input,3.0
TanStack/db,grype,GHSA-5p2g-fcmc-qvqq,High,/examples/react/projects/pnpm-lock.yaml,,image-size,2.0.2,2.0.3,npm,,image-size: JXL and HEIF parsers allow denial of service through infinite loops,3.0
TanStack/db,grype,GHSA-5p2g-fcmc-qvqq,High,/pnpm-lock.yaml,,image-size,1.2.1,2.0.3,npm,,image-size: JXL and HEIF parsers allow denial of service through infinite loops,3.0
TanStack/db,grype,GHSA-5p4m-2wfm-xmqj,High,/examples/react/projects/pnpm-lock.yaml,,js-yaml,3.14.1,3.15.1,npm,,JS-YAML: Quadratic CPU consumption in !!omap resolution (3.x and 4.x) — CVE-2026-59870 fix not backported,3.0
TanStack/db,grype,GHSA-5p4m-2wfm-xmqj,High,/examples/react/projects/pnpm-lock.yaml,,js-yaml,4.1.0,4.3.1,npm,,JS-YAML: Quadratic CPU consumption in !!omap resolution (3.x and 4.x) — CVE-2026-59870 fix not backported,3.0
TanStack/db,grype,GHSA-5p4m-2wfm-xmqj,High,/examples/react/todo/pnpm-lock.yaml,,js-yaml,4.1.0,4.3.1,npm,,JS-YAML: Quadratic CPU consumption in !!omap resolution (3.x and 4.x) — CVE-2026-59870 fix not backported,3.0
TanStack/db,grype,GHSA-5p4m-2wfm-xmqj,High,/examples/solid/todo/pnpm-lock.yaml,,js-yaml,4.1.0,4.3.1,npm,,JS-YAML: Quadratic CPU consumption in !!omap resolution (3.x and 4.x) — CVE-2026-59870 fix not backported,3.0
TanStack/db,grype,GHSA-5p4m-2wfm-xmqj,High,/pnpm-lock.yaml,,js-yaml,3.14.1,3.15.1,npm,,JS-YAML: Quadratic CPU consumption in !!omap resolution (3.x and 4.x) — CVE-2026-59870 fix not backported,3.0
TanStack/db,grype,GHSA-5p4m-2wfm-xmqj,High,/pnpm-lock.yaml,,js-yaml,4.1.1,4.3.1,npm,,JS-YAML: Quadratic CPU consumption in !!omap resolution (3.x and 4.x) — CVE-2026-59870 fix not backported,3.0
TanStack/db,grype,GHSA-5pq2-9x2x-5p6w,Medium,/pnpm-lock.yaml,,hono,4.11.9,4.12.4,npm,,Hono Vulnerable to Cookie Attribute Injection via Unsanitized domain and path in setCookie(),2.0
TanStack/db,grype,GHSA-5w89-w975-hf9q,Medium,/examples/react/projects/pnpm-lock.yaml,,nitropack,2.12.4,2.13.4,npm,,Nitro has a proxy scope bypass via percent-encoded path traversal in `routeRules`,2.0
TanStack/db,grype,GHSA-5xrq-8626-4rwp,Critical,/examples/react/projects/pnpm-lock.yaml,,vitest,3.2.4,3.2.6,npm,,"When Vitest UI server is listening, arbitrary file can be read and executed",4.0
TanStack/db,grype,GHSA-5xrq-8626-4rwp,Critical,/pnpm-lock.yaml,,vitest,3.2.4,3.2.6,npm,,"When Vitest UI server is listening, arbitrary file can be read and executed",4.0
TanStack/db,grype,GHSA-62hf-57xw-28j9,Medium,/pnpm-lock.yaml,,axios,1.13.6,1.15.1,npm,,Axios: unbounded recursion in toFormData causes DoS via deeply nested request data,2.0
TanStack/db,grype,GHSA-65ch-62r8-g69g,Medium,/examples/react/projects/pnpm-lock.yaml,,node-forge,1.3.1,1.3.2,npm,,node-forge is vulnerable to ASN.1 OID Integer Truncation,2.0
TanStack/db,grype,GHSA-66fc-rw6m-c2q6,High,/examples/react/projects/pnpm-lock.yaml,,seroval,1.3.2,1.4.1,npm,,Seroval affected by Denial of Service via Array serialization,3.0
TanStack/db,grype,GHSA-67c8-pqhq-4rmx,Critical,/pnpm-lock.yaml,,piscina,5.2.0,5.3.2,npm,,piscina: Prototype-pollution gadget in ThreadPool.options allows RCE via execArgv / loadBalancer / env,4.0
TanStack/db,grype,GHSA-67mh-4wv8-2f99,Medium,/examples/react/projects/pnpm-lock.yaml,,esbuild,0.18.20,0.25.0,npm,,esbuild enables any website to send any requests to the development server and read the response,2.0
TanStack/db,grype,GHSA-67mh-4wv8-2f99,Medium,/examples/react/todo/pnpm-lock.yaml,,esbuild,0.18.20,0.25.0,npm,,esbuild enables any website to send any requests to the development server and read the response,2.0
TanStack/db,grype,GHSA-67mh-4wv8-2f99,Medium,/examples/react/todo/pnpm-lock.yaml,,esbuild,0.19.12,0.25.0,npm,,esbuild enables any website to send any requests to the development server and read the response,2.0
TanStack/db,grype,GHSA-67mh-4wv8-2f99,Medium,/examples/react/todo/pnpm-lock.yaml,,esbuild,0.24.2,0.25.0,npm,,esbuild enables any website to send any requests to the development server and read the response,2.0
TanStack/db,grype,GHSA-67mh-4wv8-2f99,Medium,/examples/solid/todo/pnpm-lock.yaml,,esbuild,0.18.20,0.25.0,npm,,esbuild enables any website to send any requests to the development server and read the response,2.0
TanStack/db,grype,GHSA-67mh-4wv8-2f99,Medium,/examples/solid/todo/pnpm-lock.yaml,,esbuild,0.19.12,0.25.0,npm,,esbuild enables any website to send any requests to the development server and read the response,2.0
TanStack/db,grype,GHSA-67mh-4wv8-2f99,Medium,/examples/solid/todo/pnpm-lock.yaml,,esbuild,0.24.2,0.25.0,npm,,esbuild enables any website to send any requests to the development server and read the response,2.0
TanStack/db,grype,GHSA-67mh-4wv8-2f99,Medium,/pnpm-lock.yaml,,esbuild,0.18.20,0.25.0,npm,,esbuild enables any website to send any requests to the development server and read the response,2.0
TanStack/db,grype,GHSA-68fv-2mgg-jv7q,High,/examples/react/projects/pnpm-lock.yaml,,source-map-js,1.2.1,1.2.2,npm,,source-map-js allows event-loop denial of service through indexed source-map section offsets,3.0
TanStack/db,grype,GHSA-68fv-2mgg-jv7q,High,/examples/react/todo/pnpm-lock.yaml,,source-map-js,1.2.1,1.2.2,npm,,source-map-js allows event-loop denial of service through indexed source-map section offsets,3.0
TanStack/db,grype,GHSA-68fv-2mgg-jv7q,High,/examples/solid/todo/pnpm-lock.yaml,,source-map-js,1.2.1,1.2.2,npm,,source-map-js allows event-loop denial of service through indexed source-map section offsets,3.0
TanStack/db,grype,GHSA-69xw-7hcm-h432,Medium,/pnpm-lock.yaml,,hono,4.11.9,4.12.16,npm,,hono/jsx has Unvalidated JSX Tag Names that May Allow HTML Injection,2.0
TanStack/db,grype,GHSA-6chq-wfr3-2hj9,High,/pnpm-lock.yaml,,axios,1.13.6,1.15.1,npm,,Axios: Header Injection via Prototype Pollution,3.0
TanStack/db,grype,GHSA-6g55-p6wh-862q,High,/examples/react/projects/pnpm-lock.yaml,,postcss,8.5.6,8.5.12,npm,,PostCSS: Arbitrary file read and information disclosure via attacker-controlled sourceMappingURL in CSS comments,3.0
TanStack/db,grype,GHSA-6g55-p6wh-862q,High,/examples/react/todo/pnpm-lock.yaml,,postcss,8.5.3,8.5.12,npm,,PostCSS: Arbitrary file read and information disclosure via attacker-controlled sourceMappingURL in CSS comments,3.0
TanStack/db,grype,GHSA-6g55-p6wh-862q,High,/examples/solid/todo/pnpm-lock.yaml,,postcss,8.5.3,8.5.12,npm,,PostCSS: Arbitrary file read and information disclosure via attacker-controlled sourceMappingURL in CSS comments,3.0
TanStack/db,grype,GHSA-6g55-p6wh-862q,High,/pnpm-lock.yaml,,postcss,8.4.49,8.5.12,npm,,PostCSS: Arbitrary file read and information disclosure via attacker-controlled sourceMappingURL in CSS comments,3.0
TanStack/db,grype,GHSA-6gmq-8vp8-gcm6,Medium,/pnpm-lock.yaml,,@xmldom/xmldom,0.8.11,0.8.15,npm,,xmldom: XML fragment injection via invalid EntityReference.nodeName during requireWellFormed serialization,2.0
TanStack/db,grype,GHSA-6h2x-m376-mqjq,High,/pnpm-lock.yaml,,joi,18.0.2,18.2.6,npm,,joi: Quadratic regular-expression backtracking in `Joi.string().isoDate()`,3.0
TanStack/db,grype,GHSA-6h8r-xr42-gp59,Medium,/pnpm-lock.yaml,,@xmldom/xmldom,0.8.11,0.8.15,npm,,xmldom: Parser silently accepts a not-well-formed end tag whose name is followed by a line break and trailing content,2.0
TanStack/db,grype,GHSA-6hxq-p678-4hr2,Low,/examples/react/projects/pnpm-lock.yaml,,@simplewebauthn/server,13.1.2,13.3.2,npm,,SimpleWebAuthn: Registration verification does not sufficiently ensure that attestation certificates chain to a trust anchor,1.0
TanStack/db,grype,GHSA-6j4f-fj2g-mc7p,High,/examples/react/projects/pnpm-lock.yaml,,brace-expansion,1.1.12,1.1.19,npm,,brace-expansion: DoS via uncontrolled recursion in parseCommaParts causing stack exhaustion,3.0
TanStack/db,grype,GHSA-6j4f-fj2g-mc7p,High,/examples/react/projects/pnpm-lock.yaml,,brace-expansion,2.0.2,2.1.5,npm,,brace-expansion: DoS via uncontrolled recursion in parseCommaParts causing stack exhaustion,3.0
TanStack/db,grype,GHSA-6j4f-fj2g-mc7p,High,/examples/react/todo/pnpm-lock.yaml,,brace-expansion,1.1.11,1.1.19,npm,,brace-expansion: DoS via uncontrolled recursion in parseCommaParts causing stack exhaustion,3.0
TanStack/db,grype,GHSA-6j4f-fj2g-mc7p,High,/examples/react/todo/pnpm-lock.yaml,,brace-expansion,2.0.1,2.1.5,npm,,brace-expansion: DoS via uncontrolled recursion in parseCommaParts causing stack exhaustion,3.0
TanStack/db,grype,GHSA-6j4f-fj2g-mc7p,High,/examples/solid/todo/pnpm-lock.yaml,,brace-expansion,1.1.11,1.1.19,npm,,brace-expansion: DoS via uncontrolled recursion in parseCommaParts causing stack exhaustion,3.0
TanStack/db,grype,GHSA-6j4f-fj2g-mc7p,High,/examples/solid/todo/pnpm-lock.yaml,,brace-expansion,2.0.1,2.1.5,npm,,brace-expansion: DoS via uncontrolled recursion in parseCommaParts causing stack exhaustion,3.0
TanStack/db,grype,GHSA-6j4f-fj2g-mc7p,High,/pnpm-lock.yaml,,brace-expansion,1.1.14,1.1.19,npm,,brace-expansion: DoS via uncontrolled recursion in parseCommaParts causing stack exhaustion,3.0
TanStack/db,grype,GHSA-6qxp-vccf-f47h,High,/pnpm-lock.yaml,,@modelcontextprotocol/sdk,1.26.0,1.31.0,npm,,MCP TypeScript SDK: OAuth client could send credentials to an authorization server chosen by the MCP server,3.0
TanStack/db,grype,GHSA-6rw7-vpxm-498p,Medium,/examples/react/projects/pnpm-lock.yaml,,qs,6.14.0,6.14.1,npm,,qs's arrayLimit bypass in its bracket notation allows DoS via memory exhaustion,2.0
TanStack/db,grype,GHSA-6rw7-vpxm-498p,Medium,/examples/react/todo/pnpm-lock.yaml,,qs,6.13.0,6.14.1,npm,,qs's arrayLimit bypass in its bracket notation allows DoS via memory exhaustion,2.0
TanStack/db,grype,GHSA-6rw7-vpxm-498p,Medium,/examples/solid/todo/pnpm-lock.yaml,,qs,6.13.0,6.14.1,npm,,qs's arrayLimit bypass in its bracket notation allows DoS via memory exhaustion,2.0
TanStack/db,grype,GHSA-6v5v-wf23-fmfq,Medium,/pnpm-lock.yaml,,markdown-it,14.1.0,14.2.0,npm,,markdown-it: Quadratic complexity DoS in smartquotes rule via replaceAt string operations,2.0
TanStack/db,grype,GHSA-6w3j-5fw6-r9vr,Low,/pnpm-lock.yaml,,joi,18.0.2,18.2.5,npm,,joi: Prototype pollution via a `__proto__` language key in custom messages,1.0
TanStack/db,grype,GHSA-72gr-qfp7-vwhw,Medium,/examples/react/projects/pnpm-lock.yaml,,h3,1.13.0,1.15.9,npm,,h3: Double Decoding in `serveStatic` Bypasses `resolveDotSegments` Path Traversal Protection via `%252e%252e`,2.0
TanStack/db,grype,GHSA-72gr-qfp7-vwhw,Medium,/examples/react/projects/pnpm-lock.yaml,,h3,1.15.3,1.15.9,npm,,h3: Double Decoding in `serveStatic` Bypasses `resolveDotSegments` Path Traversal Protection via `%252e%252e`,2.0
TanStack/db,grype,GHSA-737v-mqg7-c878,High,/examples/react/projects/pnpm-lock.yaml,,defu,6.1.4,6.1.5,npm,,defu: Prototype pollution via `__proto__` key in defaults argument,3.0
TanStack/db,grype,GHSA-73rr-hh4g-fpgx,Low,/examples/react/projects/pnpm-lock.yaml,,diff,8.0.2,8.0.3,npm,,jsdiff has a Denial of Service vulnerability in parsePatch and applyPatch,1.0
TanStack/db,grype,GHSA-73wf-gq98-2v4g,High,/examples/react/projects/pnpm-lock.yaml,,browserslist,4.25.1,4.28.7,npm,,Browserslist: Uncaught crash / prototype write via untrusted browserslist-stats.json custom stats (normalizeStats),3.0
TanStack/db,grype,GHSA-73wf-gq98-2v4g,High,/examples/react/todo/pnpm-lock.yaml,,browserslist,4.24.4,4.28.7,npm,,Browserslist: Uncaught crash / prototype write via untrusted browserslist-stats.json custom stats (normalizeStats),3.0
TanStack/db,grype,GHSA-73wf-gq98-2v4g,High,/examples/solid/todo/pnpm-lock.yaml,,browserslist,4.24.4,4.28.7,npm,,Browserslist: Uncaught crash / prototype write via untrusted browserslist-stats.json custom stats (normalizeStats),3.0
TanStack/db,grype,GHSA-73wf-gq98-2v4g,High,/pnpm-lock.yaml,,browserslist,4.28.1,4.28.7,npm,,Browserslist: Uncaught crash / prototype write via untrusted browserslist-stats.json custom stats (normalizeStats),3.0
TanStack/db,grype,GHSA-777c-7fjr-54vf,High,/pnpm-lock.yaml,,axios,1.13.6,1.16.0,npm,,Allocation of Resources Without Limits or Throttling in Axios,3.0
TanStack/db,grype,GHSA-79qm-7rj5-m7r9,Low,/pnpm-lock.yaml,,hono,4.11.9,4.12.34,npm,,Hono: Proxy Helper does not remove response headers listed in the `Connection` header,1.0
TanStack/db,grype,GHSA-7p8r-x3mc-p8w7,High,/pnpm-lock.yaml,,fast-uri,3.1.0,3.1.5,npm,,fast-uri vulnerable to host confusion via backslash authority introducer,3.0
TanStack/db,grype,GHSA-7pqw-9j4j-h8q3,High,/examples/react/projects/pnpm-lock.yaml,,extract-zip,2.0.1,,npm,,extract-zip allows arbitrary file writes through symlink archive entries,3.0
TanStack/db,grype,GHSA-7q8q-rj6j-mhjq,Medium,/pnpm-lock.yaml,,axios,1.13.6,1.18.0,npm,,Axios: Nested axios option objects can consume polluted prototype values,2.0
TanStack/db,grype,GHSA-7r86-cg39-jmmj,High,/examples/react/projects/pnpm-lock.yaml,,minimatch,3.1.2,3.1.3,npm,,minimatch has ReDoS: matchOne() combinatorial backtracking via multiple non-adjacent GLOBSTAR segments,3.0
TanStack/db,grype,GHSA-7r86-cg39-jmmj,High,/examples/react/projects/pnpm-lock.yaml,,minimatch,5.1.6,5.1.8,npm,,minimatch has ReDoS: matchOne() combinatorial backtracking via multiple non-adjacent GLOBSTAR segments,3.0
TanStack/db,grype,GHSA-7r86-cg39-jmmj,High,/examples/react/projects/pnpm-lock.yaml,,minimatch,9.0.5,9.0.7,npm,,minimatch has ReDoS: matchOne() combinatorial backtracking via multiple non-adjacent GLOBSTAR segments,3.0
TanStack/db,grype,GHSA-7r86-cg39-jmmj,High,/examples/react/todo/pnpm-lock.yaml,,minimatch,3.1.2,3.1.3,npm,,minimatch has ReDoS: matchOne() combinatorial backtracking via multiple non-adjacent GLOBSTAR segments,3.0
TanStack/db,grype,GHSA-7r86-cg39-jmmj,High,/examples/react/todo/pnpm-lock.yaml,,minimatch,9.0.5,9.0.7,npm,,minimatch has ReDoS: matchOne() combinatorial backtracking via multiple non-adjacent GLOBSTAR segments,3.0
TanStack/db,grype,GHSA-7r86-cg39-jmmj,High,/examples/solid/todo/pnpm-lock.yaml,,minimatch,3.1.2,3.1.3,npm,,minimatch has ReDoS: matchOne() combinatorial backtracking via multiple non-adjacent GLOBSTAR segments,3.0
TanStack/db,grype,GHSA-7r86-cg39-jmmj,High,/examples/solid/todo/pnpm-lock.yaml,,minimatch,9.0.5,9.0.7,npm,,minimatch has ReDoS: matchOne() combinatorial backtracking via multiple non-adjacent GLOBSTAR segments,3.0
TanStack/db,grype,GHSA-7r86-cg39-jmmj,High,/pnpm-lock.yaml,,minimatch,3.0.8,3.1.3,npm,,minimatch has ReDoS: matchOne() combinatorial backtracking via multiple non-adjacent GLOBSTAR segments,3.0
TanStack/db,grype,GHSA-7r86-cg39-jmmj,High,/pnpm-lock.yaml,,minimatch,9.0.5,9.0.7,npm,,minimatch has ReDoS: matchOne() combinatorial backtracking via multiple non-adjacent GLOBSTAR segments,3.0
TanStack/db,grype,GHSA-7w5x-hrqm-74c2,High,/pnpm-lock.yaml,,smol-toml,1.5.2,1.7.1,npm,,smol-toml: Denial of Service via malformed TOML documents,3.0
TanStack/db,grype,GHSA-7w99-5wm4-3g79,High,/examples/react/projects/pnpm-lock.yaml,,better-auth,1.3.4,1.6.11,npm,,@better-auth/oauth-provider's OAuth authorization-code grant allows concurrent redemption when two token requests race the find-then-delete primitive,3.0
TanStack/db,grype,GHSA-82fw-gwwq-j7x9,Medium,/examples/react/projects/pnpm-lock.yaml,,@vitest/mocker,3.2.4,4.1.11,npm,,Vitest: Path Traversal / Arbitrary File Read via @vitest/mocker Redirect Mock,2.0
TanStack/db,grype,GHSA-82fw-gwwq-j7x9,Medium,/examples/react/projects/pnpm-lock.yaml,,vitest,3.2.4,4.1.11,npm,,Vitest: Path Traversal / Arbitrary File Read via @vitest/mocker Redirect Mock,2.0
TanStack/db,grype,GHSA-82fw-gwwq-j7x9,Medium,/pnpm-lock.yaml,,@vitest/mocker,3.2.4,4.1.11,npm,,Vitest: Path Traversal / Arbitrary File Read via @vitest/mocker Redirect Mock,2.0
TanStack/db,grype,GHSA-82fw-gwwq-j7x9,Medium,/pnpm-lock.yaml,,vitest,3.2.4,4.1.11,npm,,Vitest: Path Traversal / Arbitrary File Read via @vitest/mocker Redirect Mock,2.0
TanStack/db,grype,GHSA-82x6-q7mm-w9cf,High,/examples/react/projects/pnpm-lock.yaml,,toml,3.0.0,4.2.0,npm,,toml-node: Uncontrolled Recursion,3.0
TanStack/db,grype,GHSA-8344-3jmq-59r6,High,/pnpm-lock.yaml,,@xmldom/xmldom,0.8.11,0.8.15,npm,,xmldom: Quadratic-time attribute deduplication,3.0
TanStack/db,grype,GHSA-83g3-92jg-28cx,High,/examples/react/projects/pnpm-lock.yaml,,tar,7.4.3,7.5.8,npm,,Arbitrary File Read/Write via Hardlink Target Escape Through Symlink Chain in node-tar Extraction,3.0
TanStack/db,grype,GHSA-83g3-92jg-28cx,High,/pnpm-lock.yaml,,tar,7.5.7,7.5.8,npm,,Arbitrary File Read/Write via Hardlink Target Escape Through Symlink Chain in node-tar Extraction,3.0
TanStack/db,grype,GHSA-8436-99hf-9mmv,Low,/examples/react/projects/pnpm-lock.yaml,,undici,7.12.0,7.29.1,npm,,undici vulnerable to caching and replay of unsafe HTTP method responses,1.0
TanStack/db,grype,GHSA-8436-99hf-9mmv,Low,/pnpm-lock.yaml,,undici,7.24.4,7.29.1,npm,,undici vulnerable to caching and replay of unsafe HTTP method responses,1.0
TanStack/db,grype,GHSA-858h-whjf-mvg5,High,/pnpm-lock.yaml,,simple-git,3.30.0,4.0.0,npm,,simple-git: unsafe-operations plugin bypass via git long-option abbreviation (--receive-p/--exe) -> command execution (residual of CVE-2026-28291),3.0
TanStack/db,grype,GHSA-859w-5945-r5v3,Medium,/examples/react/todo/pnpm-lock.yaml,,vite,6.1.1,6.1.6,npm,,Vite's server.fs.deny bypassed with /. for files under project root,2.0
TanStack/db,grype,GHSA-859w-5945-r5v3,Medium,/examples/solid/todo/pnpm-lock.yaml,,vite,6.1.1,6.1.6,npm,,Vite's server.fs.deny bypassed with /. for files under project root,2.0
TanStack/db,grype,GHSA-85c8-ppgw-ccpr,Critical,/examples/react/projects/pnpm-lock.yaml,,tinypool,1.1.1,2.1.2,npm,,Tinypool: Prototype Pollution Gadget to RCE in run() options,4.0
TanStack/db,grype,GHSA-85c8-ppgw-ccpr,Critical,/pnpm-lock.yaml,,tinypool,1.1.1,2.1.2,npm,,Tinypool: Prototype Pollution Gadget to RCE in run() options,4.0
TanStack/db,grype,GHSA-86j7-9j95-vpqj,High,/examples/react/projects/pnpm-lock.yaml,,better-auth,1.3.4,1.6.13,npm,,Better Auth has stored XSS in the auth-server origin via javascript: redirect_uri in oidc-provider and mcp,3.0
TanStack/db,grype,GHSA-86w9-cpqp-85rv,High,/examples/react/projects/pnpm-lock.yaml,,node-forge,1.3.1,,npm,,node-forge RSA PKCS#1 v1.5 signature verification accepts extra nested DigestAlgorithm elements,3.0
TanStack/db,grype,GHSA-86w9-cpqp-85rv,High,/pnpm-lock.yaml,,node-forge,1.3.3,,npm,,node-forge RSA PKCS#1 v1.5 signature verification accepts extra nested DigestAlgorithm elements,3.0
TanStack/db,grype,GHSA-88fw-hqm2-52qc,High,/pnpm-lock.yaml,,hono,4.11.9,4.12.25,npm,,hono: CORS Middleware reflects any Origin with credentials when `origin` defaults to the wildcard,3.0
TanStack/db,grype,GHSA-898c-q2cr-xwhg,Medium,/pnpm-lock.yaml,,axios,1.13.6,1.16.0,npm,,axios has DoS & Header Injection via Prototype Pollution Read-Side Gadgets in axios merge functions,2.0
TanStack/db,grype,GHSA-8cpq-38p9-67gx,High,/examples/react/projects/pnpm-lock.yaml,,kysely,0.28.3,0.28.14,npm,,Kysely has a MySQL SQL Injection via Insufficient Backslash Escaping in `sql.lit(string)` usage or similar methods that append string literal values into the compiled SQL strings,3.0
TanStack/db,grype,GHSA-8cpq-38p9-67gx,High,/examples/react/todo/pnpm-lock.yaml,,kysely,0.27.5,0.28.14,npm,,Kysely has a MySQL SQL Injection via Insufficient Backslash Escaping in `sql.lit(string)` usage or similar methods that append string literal values into the compiled SQL strings,3.0
TanStack/db,grype,GHSA-8cpq-38p9-67gx,High,/examples/solid/todo/pnpm-lock.yaml,,kysely,0.27.5,0.28.14,npm,,Kysely has a MySQL SQL Injection via Insufficient Backslash Escaping in `sql.lit(string)` usage or similar methods that append string literal values into the compiled SQL strings,3.0
TanStack/db,grype,GHSA-8j4g-w8fx-2239,Medium,/pnpm-lock.yaml,,hono,4.11.9,4.12.34,npm,,Hono: ReDoS in CORS middleware via Access-Control-Request-Headers,2.0
TanStack/db,grype,GHSA-8qq5-rm4j-mr97,High,/examples/react/projects/pnpm-lock.yaml,,tar,7.4.3,7.5.3,npm,,node-tar is Vulnerable to Arbitrary File Overwrite and Symlink Poisoning via Insufficient Path Sanitization,3.0
TanStack/db,grype,GHSA-8x88-c5mf-7j5w,High,/examples/react/projects/pnpm-lock.yaml,,tar,7.4.3,7.5.18,npm,,node-tar: Negative tar entry size causes infinite loop in archive replace,3.0
TanStack/db,grype,GHSA-8x88-c5mf-7j5w,High,/pnpm-lock.yaml,,tar,7.5.7,7.5.18,npm,,node-tar: Negative tar entry size causes infinite loop in archive replace,3.0
TanStack/db,grype,GHSA-8xcm-r25x-g524,Medium,/examples/react/projects/pnpm-lock.yaml,,undici,7.12.0,7.29.0,npm,,undici vulnerable to downstream response desynchronization via retry interceptor,2.0
TanStack/db,grype,GHSA-8xcm-r25x-g524,Medium,/pnpm-lock.yaml,,undici,6.23.0,6.28.0,npm,,undici vulnerable to downstream response desynchronization via retry interceptor,2.0
TanStack/db,grype,GHSA-8xcm-r25x-g524,Medium,/pnpm-lock.yaml,,undici,7.24.4,7.29.0,npm,,undici vulnerable to downstream response desynchronization via retry interceptor,2.0
TanStack/db,grype,GHSA-92pp-h63x-v22m,Medium,/pnpm-lock.yaml,,@hono/node-server,1.19.9,1.19.13,npm,,@hono/node-server: Middleware bypass via repeated slashes in serveStatic,2.0
TanStack/db,grype,GHSA-93m4-6634-74q7,Medium,/examples/react/projects/pnpm-lock.yaml,,vite,6.3.5,6.4.1,npm,,vite allows server.fs.deny bypass via backslash on Windows,2.0
TanStack/db,grype,GHSA-93m4-6634-74q7,Medium,/examples/react/todo/pnpm-lock.yaml,,vite,6.1.1,6.4.1,npm,,vite allows server.fs.deny bypass via backslash on Windows,2.0
TanStack/db,grype,GHSA-93m4-6634-74q7,Medium,/examples/solid/todo/pnpm-lock.yaml,,vite,6.1.1,6.4.1,npm,,vite allows server.fs.deny bypass via backslash on Windows,2.0
TanStack/db,grype,GHSA-93r5-fhx6-vmg9,High,/pnpm-lock.yaml,,@xmldom/xmldom,0.8.11,0.8.15,npm,,xmldom: Quadratic-time parsing via the malformed-input recovery path — `parseElementStartPart` re-scan and `normalize()` adjacent-text merge,3.0
TanStack/db,grype,GHSA-965w-775f-mr7g,High,/pnpm-lock.yaml,,@xmldom/xmldom,0.8.11,0.8.15,npm,,xmldom: Quadratic-memory consumption,3.0
TanStack/db,grype,GHSA-968p-4wvh-cqc8,Medium,/examples/react/todo/pnpm-lock.yaml,,@babel/helpers,7.26.9,7.26.10,npm,,Babel has inefficient RegExp complexity in generated code with .replace when transpiling named capturing groups,2.0
TanStack/db,grype,GHSA-968p-4wvh-cqc8,Medium,/examples/solid/todo/pnpm-lock.yaml,,@babel/helpers,7.26.9,7.26.10,npm,,Babel has inefficient RegExp complexity in generated code with .replace when transpiling named capturing groups,2.0
TanStack/db,grype,GHSA-96hv-2xvq-fx4p,High,/examples/react/projects/pnpm-lock.yaml,,ws,8.18.3,8.21.0,npm,,ws: Memory exhaustion DoS from tiny fragments and data chunks,3.0
TanStack/db,grype,GHSA-96hv-2xvq-fx4p,High,/pnpm-lock.yaml,,ws,6.2.3,6.2.4,npm,,ws: Memory exhaustion DoS from tiny fragments and data chunks,3.0
TanStack/db,grype,GHSA-96hv-2xvq-fx4p,High,/pnpm-lock.yaml,,ws,7.5.10,7.5.11,npm,,ws: Memory exhaustion DoS from tiny fragments and data chunks,3.0
TanStack/db,grype,GHSA-96hv-2xvq-fx4p,High,/pnpm-lock.yaml,,ws,8.18.0,8.21.0,npm,,ws: Memory exhaustion DoS from tiny fragments and data chunks,3.0
TanStack/db,grype,GHSA-96hv-2xvq-fx4p,High,/pnpm-lock.yaml,,ws,8.19.0,8.21.0,npm,,ws: Memory exhaustion DoS from tiny fragments and data chunks,3.0
TanStack/db,grype,GHSA-96hv-2xvq-fx4p,High,/pnpm-lock.yaml,,ws,8.20.0,8.21.0,npm,,ws: Memory exhaustion DoS from tiny fragments and data chunks,3.0
TanStack/db,grype,GHSA-99h5-pjcv-gr6v,High,/examples/react/projects/pnpm-lock.yaml,,better-auth,1.3.4,1.3.26,npm,,Better Auth: Unauthenticated API key creation through api-key plugin,3.0
TanStack/db,grype,GHSA-9fr6-4gfg-395g,Medium,/pnpm-lock.yaml,,axios,1.13.6,1.20.0,npm,,Axios: Prototype-Pollution Gadget in the Default Instance Allows Inherited Object.prototype.method to Override HTTP Method,2.0
TanStack/db,grype,GHSA-9h47-pqcx-hjr4,High,/examples/react/projects/pnpm-lock.yaml,,better-auth,1.3.4,1.6.11,npm,,Better Auth has insecure cryptographic defaults in oidcProvider: alg=none advertised and plain PKCE accepted by default,3.0
TanStack/db,grype,GHSA-9m65-766c-r333,Medium,/examples/react/projects/pnpm-lock.yaml,,@tanstack/start-server-core,1.130.3,1.167.30,npm,,TanStack Start - Server Core: Inbound server-function request deserialization could invoke a sibling client-referenced server function,2.0
TanStack/db,grype,GHSA-9phm-9p8f-hw5m,Medium,/examples/react/projects/pnpm-lock.yaml,,nitropack,2.12.4,2.13.4,npm,,Nitro has an Open Redirect via Protocol-Relative URL Bypass in Wildcard Route Rules,2.0
TanStack/db,grype,GHSA-9ppj-qmqm-q256,High,/examples/react/projects/pnpm-lock.yaml,,tar,7.4.3,7.5.11,npm,,node-tar Symlink Path Traversal via Drive-Relative Linkpath,3.0
TanStack/db,grype,GHSA-9ppj-qmqm-q256,High,/pnpm-lock.yaml,,tar,7.5.7,7.5.11,npm,,node-tar Symlink Path Traversal via Drive-Relative Linkpath,3.0
TanStack/db,grype,GHSA-9vqf-7f2p-gf9v,Medium,/pnpm-lock.yaml,,hono,4.11.9,4.12.16,npm,,Hono: bodyLimit() can be bypassed for chunked / unknown-length requests,2.0
TanStack/db,grype,GHSA-c2c7-rcm5-vvqj,High,/examples/react/projects/pnpm-lock.yaml,,picomatch,2.3.1,2.3.2,npm,,Picomatch has a ReDoS vulnerability via extglob quantifiers,3.0
TanStack/db,grype,GHSA-c2c7-rcm5-vvqj,High,/examples/react/projects/pnpm-lock.yaml,,picomatch,4.0.2,4.0.4,npm,,Picomatch has a ReDoS vulnerability via extglob quantifiers,3.0
TanStack/db,grype,GHSA-c2c7-rcm5-vvqj,High,/examples/react/projects/pnpm-lock.yaml,,picomatch,4.0.3,4.0.4,npm,,Picomatch has a ReDoS vulnerability via extglob quantifiers,3.0
TanStack/db,grype,GHSA-c2c7-rcm5-vvqj,High,/examples/react/todo/pnpm-lock.yaml,,picomatch,2.3.1,2.3.2,npm,,Picomatch has a ReDoS vulnerability via extglob quantifiers,3.0
TanStack/db,grype,GHSA-c2c7-rcm5-vvqj,High,/examples/solid/todo/pnpm-lock.yaml,,picomatch,2.3.1,2.3.2,npm,,Picomatch has a ReDoS vulnerability via extglob quantifiers,3.0
TanStack/db,grype,GHSA-c7q8-3ch8-vqpv,High,/pnpm-lock.yaml,,@xmldom/xmldom,0.8.11,0.8.15,npm,,xmldom: Processing Instruction Target Injection Bypasses requireWellFormed,3.0
TanStack/db,grype,GHSA-c83g-rgw3-j3cx,High,/examples/react/projects/pnpm-lock.yaml,,browserslist,4.25.1,4.28.7,npm,,"Browserslist: Unbounded memory growth (no cache eviction) via distinct query results, leading to eventual OOM",3.0
TanStack/db,grype,GHSA-c83g-rgw3-j3cx,High,/examples/react/todo/pnpm-lock.yaml,,browserslist,4.24.4,4.28.7,npm,,"Browserslist: Unbounded memory growth (no cache eviction) via distinct query results, leading to eventual OOM",3.0
TanStack/db,grype,GHSA-c83g-rgw3-j3cx,High,/examples/solid/todo/pnpm-lock.yaml,,browserslist,4.24.4,4.28.7,npm,,"Browserslist: Unbounded memory growth (no cache eviction) via distinct query results, leading to eventual OOM",3.0
TanStack/db,grype,GHSA-c83g-rgw3-j3cx,High,/pnpm-lock.yaml,,browserslist,4.28.1,4.28.7,npm,,"Browserslist: Unbounded memory growth (no cache eviction) via distinct query results, leading to eventual OOM",3.0
TanStack/db,grype,GHSA-ch52-4w7c-c8xp,High,/pnpm-lock.yaml,,http-cache-semantics,4.2.0,,npm,,http-cache-semantics max-stale handling can disclose cross-user cached responses,3.0
TanStack/db,grype,GHSA-cjq9-62q9-8jv4,High,/pnpm-lock.yaml,,next,16.3.6,16.3.8,npm,,Next.js has Server-Side Request Forgery in Image Optimization,3.0
TanStack/db,grype,GHSA-crvj-82cr-hjcx,Medium,/pnpm-lock.yaml,,hono,4.11.9,4.13.5,npm,,"Hono: Query parser reads parameters after the URL fragment, causing cache-key and proxy interpretation differentials",2.0
TanStack/db,grype,GHSA-f23m-r3pf-42rh,Medium,/examples/react/projects/pnpm-lock.yaml,,lodash,4.17.21,4.18.0,npm,,lodash vulnerable to Prototype Pollution via array path bypass in `_.unset` and `_.omit`,2.0
TanStack/db,grype,GHSA-f23m-r3pf-42rh,Medium,/examples/react/projects/pnpm-lock.yaml,,lodash-es,4.17.21,4.18.0,npm,,lodash vulnerable to Prototype Pollution via array path bypass in `_.unset` and `_.omit`,2.0
TanStack/db,grype,GHSA-f23m-r3pf-42rh,Medium,/examples/react/todo/pnpm-lock.yaml,,lodash,4.17.21,4.18.0,npm,,lodash vulnerable to Prototype Pollution via array path bypass in `_.unset` and `_.omit`,2.0
TanStack/db,grype,GHSA-f23m-r3pf-42rh,Medium,/examples/solid/todo/pnpm-lock.yaml,,lodash,4.17.21,4.18.0,npm,,lodash vulnerable to Prototype Pollution via array path bypass in `_.unset` and `_.omit`,2.0
TanStack/db,grype,GHSA-f23m-r3pf-42rh,Medium,/pnpm-lock.yaml,,lodash,4.17.21,4.18.0,npm,,lodash vulnerable to Prototype Pollution via array path bypass in `_.unset` and `_.omit`,2.0
TanStack/db,grype,GHSA-f23p-vx2j-j53r,Medium,/pnpm-lock.yaml,,hono,4.11.9,4.12.34,npm,,"Hono: `memo()` retains SSR output across requests, leading to cross-user data disclosure",2.0
TanStack/db,grype,GHSA-f269-vfmq-vjvj,High,/examples/react/projects/pnpm-lock.yaml,,undici,7.12.0,7.24.0,npm,,Undici: Malicious WebSocket 64-bit length overflows parser and crashes the client,3.0
TanStack/db,grype,GHSA-f269-vfmq-vjvj,High,/pnpm-lock.yaml,,undici,6.23.0,6.24.0,npm,,Undici: Malicious WebSocket 64-bit length overflows parser and crashes the client,3.0
TanStack/db,grype,GHSA-f577-qrjj-4474,Medium,/pnpm-lock.yaml,,hono,4.11.9,4.12.21,npm,,"Hono: JWT middleware accepts any Authorization scheme, not only Bearer",2.0
TanStack/db,grype,GHSA-f65p-4m7j-42xc,High,/pnpm-lock.yaml,,fast-uri,3.1.0,3.1.6,npm,,fast-uri vulnerable to server-side request forgery via malformed IPv6 normalization,3.0
TanStack/db,grype,GHSA-f6ww-3ggp-fr8h,High,/pnpm-lock.yaml,,@xmldom/xmldom,0.8.11,0.8.13,npm,,xmldom has XML injection through unvalidated DocumentType serialization,3.0
TanStack/db,grype,GHSA-f87g-xv8r-7p7x,Medium,/pnpm-lock.yaml,,next,16.3.6,16.3.8,npm,,Next.js has information disclosure in App Router metadata image routes via dynamicParams bypass,2.0
TanStack/db,grype,GHSA-f886-m6hf-6m8v,Medium,/examples/react/projects/pnpm-lock.yaml,,brace-expansion,1.1.12,1.1.13,npm,,brace-expansion: Zero-step sequence causes process hang and memory exhaustion,2.0
TanStack/db,grype,GHSA-f886-m6hf-6m8v,Medium,/examples/react/projects/pnpm-lock.yaml,,brace-expansion,2.0.2,2.0.3,npm,,brace-expansion: Zero-step sequence causes process hang and memory exhaustion,2.0
TanStack/db,grype,GHSA-f886-m6hf-6m8v,Medium,/examples/react/todo/pnpm-lock.yaml,,brace-expansion,1.1.11,1.1.13,npm,,brace-expansion: Zero-step sequence causes process hang and memory exhaustion,2.0
TanStack/db,grype,GHSA-f886-m6hf-6m8v,Medium,/examples/react/todo/pnpm-lock.yaml,,brace-expansion,2.0.1,2.0.3,npm,,brace-expansion: Zero-step sequence causes process hang and memory exhaustion,2.0
TanStack/db,grype,GHSA-f886-m6hf-6m8v,Medium,/examples/solid/todo/pnpm-lock.yaml,,brace-expansion,1.1.11,1.1.13,npm,,brace-expansion: Zero-step sequence causes process hang and memory exhaustion,2.0
TanStack/db,grype,GHSA-f886-m6hf-6m8v,Medium,/examples/solid/todo/pnpm-lock.yaml,,brace-expansion,2.0.1,2.0.3,npm,,brace-expansion: Zero-step sequence causes process hang and memory exhaustion,2.0
TanStack/db,grype,GHSA-f88m-g3jw-g9cj,High,/pnpm-lock.yaml,,sharp,0.34.5,0.35.0,npm,,"sharp inherited vulnerabilities in libvips: CVE-2026-33327, CVE-2026-33328, CVE-2026-35590, CVE-2026-35591",3.0
TanStack/db,grype,GHSA-fmh4-wcc4-5jm3,High,/examples/react/projects/pnpm-lock.yaml,,better-auth,1.3.4,1.6.11,npm,,Better Auth vulnerable to unauthorized invitation acceptance via unverified email match in organization plugin,3.0
TanStack/db,grype,GHSA-frvp-7c67-39w9,Medium,/pnpm-lock.yaml,,@hono/node-server,1.19.9,1.19.15,npm,,Node.js Adapter for Hono: Path traversal in `serve-static` on Windows via encoded backslash (`%5C`),2.0
TanStack/db,grype,GHSA-fvcv-3m26-pcqx,Medium,/pnpm-lock.yaml,,axios,1.13.6,1.15.0,npm,,Axios has Unrestricted Cloud Metadata Exfiltration via Header Injection Chain,2.0
TanStack/db,grype,GHSA-fx2h-pf6j-xcff,High,/examples/react/projects/pnpm-lock.yaml,,vite,6.3.5,6.4.3,npm,,vite: `server.fs.deny` bypass on Windows alternate paths,3.0
TanStack/db,grype,GHSA-fx2h-pf6j-xcff,High,/examples/react/todo/pnpm-lock.yaml,,vite,6.1.1,6.4.3,npm,,vite: `server.fs.deny` bypass on Windows alternate paths,3.0
TanStack/db,grype,GHSA-fx2h-pf6j-xcff,High,/examples/solid/todo/pnpm-lock.yaml,,vite,6.1.1,6.4.3,npm,,vite: `server.fs.deny` bypass on Windows alternate paths,3.0
TanStack/db,grype,GHSA-fxqj-rqcc-2cmp,Medium,/examples/react/projects/pnpm-lock.yaml,,postcss,8.5.6,8.5.23,npm,,PostCSS: incomplete fix of GHSA-6g55-p6wh-862q — attacker-controlled sourceMappingURL reads arbitrary .map files when `from` is unset,2.0
TanStack/db,grype,GHSA-fxqj-rqcc-2cmp,Medium,/examples/react/todo/pnpm-lock.yaml,,postcss,8.5.3,8.5.23,npm,,PostCSS: incomplete fix of GHSA-6g55-p6wh-862q — attacker-controlled sourceMappingURL reads arbitrary .map files when `from` is unset,2.0
TanStack/db,grype,GHSA-fxqj-rqcc-2cmp,Medium,/examples/solid/todo/pnpm-lock.yaml,,postcss,8.5.3,8.5.23,npm,,PostCSS: incomplete fix of GHSA-6g55-p6wh-862q — attacker-controlled sourceMappingURL reads arbitrary .map files when `from` is unset,2.0
TanStack/db,grype,GHSA-fxqj-rqcc-2cmp,Medium,/pnpm-lock.yaml,,postcss,8.4.49,8.5.23,npm,,PostCSS: incomplete fix of GHSA-6g55-p6wh-862q — attacker-controlled sourceMappingURL reads arbitrary .map files when `from` is unset,2.0
TanStack/db,grype,GHSA-g2v6-rqmx-r4w6,High,/pnpm-lock.yaml,,@vue/server-renderer,3.5.28,3.5.42,npm,,@vue/server-renderer: XSS via missing CR in attribute-name blacklist,3.0
TanStack/db,grype,GHSA-g38m-r43w-p2q7,High,/examples/react/projects/pnpm-lock.yaml,,better-auth,1.3.4,1.6.11,npm,,Better Auth has an account takeover issue via OAuth auto-link to unverified pre-registered email,3.0
TanStack/db,grype,GHSA-g4jq-h2w9-997c,Low,/examples/react/projects/pnpm-lock.yaml,,vite,6.3.5,6.3.6,npm,,Vite middleware may serve files starting with the same name with the public directory,1.0
TanStack/db,grype,GHSA-g4jq-h2w9-997c,Low,/examples/react/todo/pnpm-lock.yaml,,vite,6.1.1,6.3.6,npm,,Vite middleware may serve files starting with the same name with the public directory,1.0
TanStack/db,grype,GHSA-g4jq-h2w9-997c,Low,/examples/solid/todo/pnpm-lock.yaml,,vite,6.1.1,6.3.6,npm,,Vite middleware may serve files starting with the same name with the public directory,1.0
TanStack/db,grype,GHSA-g4wm-2vf7-vfgr,High,/pnpm-lock.yaml,,simple-git,3.30.0,4.0.0,npm,,simple-git allows command execution through unblocked Git configuration includes,3.0
TanStack/db,grype,GHSA-g6gw-c38x-mqfc,Medium,/pnpm-lock.yaml,,hono,4.11.9,4.13.5,npm,,Hono: Unbounded dot-notation nesting in `parseBody()` can cause memory exhaustion,2.0
TanStack/db,grype,GHSA-g7r4-m6w7-qqqr,Low,/pnpm-lock.yaml,,esbuild,0.27.3,0.28.1,npm,,esbuild allows arbitrary file read when running the development server on Windows,1.0
TanStack/db,grype,GHSA-g7r4-m6w7-qqqr,Low,/pnpm-lock.yaml,,esbuild,0.27.7,0.28.1,npm,,esbuild allows arbitrary file read when running the development server on Windows,1.0
TanStack/db,grype,GHSA-g8m3-5g58-fq7m,Low,/examples/react/projects/pnpm-lock.yaml,,undici,7.12.0,7.28.0,npm,,undici vulnerable to Set-Cookie SameSite attribute downgrade via permissive substring matching,1.0
TanStack/db,grype,GHSA-g8m3-5g58-fq7m,Low,/pnpm-lock.yaml,,undici,6.23.0,6.27.0,npm,,undici vulnerable to Set-Cookie SameSite attribute downgrade via permissive substring matching,1.0
TanStack/db,grype,GHSA-g8m3-5g58-fq7m,Low,/pnpm-lock.yaml,,undici,7.24.4,7.28.0,npm,,undici vulnerable to Set-Cookie SameSite attribute downgrade via permissive substring matching,1.0
TanStack/db,grype,GHSA-g9mf-h72j-4rw9,Medium,/examples/react/projects/pnpm-lock.yaml,,undici,7.12.0,7.18.2,npm,,Undici has an unbounded decompression chain in HTTP responses on Node.js Fetch API via Content-Encoding leads to resource exhaustion,2.0
TanStack/db,grype,GHSA-gg4h-3hg2-grpc,Low,/pnpm-lock.yaml,,joi,18.0.2,18.2.4,npm,,joi: object().rename() with a template target can set the validated object's prototype,1.0
TanStack/db,grype,GHSA-gpj5-g38j-94v9,High,/examples/react/projects/pnpm-lock.yaml,,drizzle-orm,0.44.3,0.45.2,npm,,Drizzle ORM has SQL injection via improperly escaped SQL identifiers,3.0
TanStack/db,grype,GHSA-gpj5-g38j-94v9,High,/examples/react/todo/pnpm-lock.yaml,,drizzle-orm,0.39.3,0.45.2,npm,,Drizzle ORM has SQL injection via improperly escaped SQL identifiers,3.0
TanStack/db,grype,GHSA-gpj5-g38j-94v9,High,/examples/solid/todo/pnpm-lock.yaml,,drizzle-orm,0.39.3,0.45.2,npm,,Drizzle ORM has SQL injection via improperly escaped SQL identifiers,3.0
TanStack/db,grype,GHSA-gpj5-g38j-94v9,High,/pnpm-lock.yaml,,drizzle-orm,0.45.1,0.45.2,npm,,Drizzle ORM has SQL injection via improperly escaped SQL identifiers,3.0
TanStack/db,grype,GHSA-gq3j-xvxp-8hrf,Low,/pnpm-lock.yaml,,hono,4.11.9,4.11.10,npm,,Hono added timing comparison hardening in basicAuth and bearerAuth,1.0
TanStack/db,grype,GHSA-gqvv-2mrq-wpjv,Medium,/pnpm-lock.yaml,,hono,4.11.9,4.13.5,npm,,Hono: Incomplete fix for CVE-2026-39408: `toSSG()` still writes files outside the output directory,2.0
TanStack/db,grype,GHSA-gvwx-54wh-qm9j,Medium,/examples/react/projects/pnpm-lock.yaml,,tar,7.4.3,7.5.17,npm,,node-tar: Uncaught Exception DoS via NUL byte in PAX path/linkpath records,2.0
TanStack/db,grype,GHSA-gvwx-54wh-qm9j,Medium,/pnpm-lock.yaml,,tar,7.5.7,7.5.17,npm,,node-tar: Uncaught Exception DoS via NUL byte in PAX path/linkpath records,2.0
TanStack/db,grype,GHSA-gxm5-99cw-xjw9,Medium,/examples/react/projects/pnpm-lock.yaml,,@fastify/busboy,3.1.1,3.2.2,npm,,@fastify/busboy vulnerable to CRLF injection via multipart Content-Disposition filename and name,2.0
TanStack/db,grype,GHSA-h3mg-xc3c-68pw,Medium,/pnpm-lock.yaml,,ip-address,10.0.1,10.7.1,npm,,"ip-address: Address6 builds a parse diagnostic proportional to the input with no length bound, allowing a single long string to stall or crash the process",2.0
TanStack/db,grype,GHSA-h67p-54hq-rp68,Medium,/examples/react/projects/pnpm-lock.yaml,,js-yaml,3.14.1,3.15.0,npm,,JS-YAML: Quadratic-complexity DoS in merge key handling via repeated aliases,2.0
TanStack/db,grype,GHSA-h67p-54hq-rp68,Medium,/examples/react/projects/pnpm-lock.yaml,,js-yaml,4.1.0,4.2.0,npm,,JS-YAML: Quadratic-complexity DoS in merge key handling via repeated aliases,2.0
TanStack/db,grype,GHSA-h67p-54hq-rp68,Medium,/examples/react/todo/pnpm-lock.yaml,,js-yaml,4.1.0,4.2.0,npm,,JS-YAML: Quadratic-complexity DoS in merge key handling via repeated aliases,2.0
TanStack/db,grype,GHSA-h67p-54hq-rp68,Medium,/examples/solid/todo/pnpm-lock.yaml,,js-yaml,4.1.0,4.2.0,npm,,JS-YAML: Quadratic-complexity DoS in merge key handling via repeated aliases,2.0
TanStack/db,grype,GHSA-h67p-54hq-rp68,Medium,/pnpm-lock.yaml,,js-yaml,3.14.1,3.15.0,npm,,JS-YAML: Quadratic-complexity DoS in merge key handling via repeated aliases,2.0
TanStack/db,grype,GHSA-h67p-54hq-rp68,Medium,/pnpm-lock.yaml,,js-yaml,4.1.1,4.2.0,npm,,JS-YAML: Quadratic-complexity DoS in merge key handling via repeated aliases,2.0
TanStack/db,grype,GHSA-hffm-xvc3-vprc,High,/pnpm-lock.yaml,,simple-git,3.30.0,3.36.0,npm,,simple-git is vulnerable to Remote Code Execution,3.0
TanStack/db,grype,GHSA-hfxv-24rg-xrqf,High,/pnpm-lock.yaml,,axios,1.13.6,1.16.0,npm,,Axios: Regular Expression Denial of Service (ReDoS) via Cookie Name Injection,3.0
TanStack/db,grype,GHSA-hj76-42vx-jwp4,High,/examples/react/projects/pnpm-lock.yaml,,seroval,1.3.2,1.4.1,npm,,seroval Affected by Prototype Pollution via JSON Deserialization,3.0
TanStack/db,grype,GHSA-hm8q-7f3q-5f36,Low,/pnpm-lock.yaml,,hono,4.11.9,4.12.18,npm,,"Hono has improper validation of NumericDate claims (exp, nbf, iat) in JWT verify()",1.0
TanStack/db,grype,GHSA-hm92-r4w5-c3mj,High,/pnpm-lock.yaml,,undici,7.24.4,7.28.0,npm,,undici vulnerable to cross-origin request routing via SOCKS5 proxy pool reuse,3.0
TanStack/db,grype,GHSA-hmw2-7cc7-3qxx,High,/pnpm-lock.yaml,,form-data,4.0.5,4.0.6,npm,,form-data: CRLF injection in form-data via unescaped multipart field names and filenames,3.0
TanStack/db,grype,GHSA-hp3w-g68c-fv3c,Medium,/examples/react/projects/pnpm-lock.yaml,,sprintf-js,1.0.3,,npm,,sprintf-js vulnerable to denial of service through unbounded precision specifiers,2.0
TanStack/db,grype,GHSA-hp3w-g68c-fv3c,Medium,/pnpm-lock.yaml,,sprintf-js,1.0.3,,npm,,sprintf-js vulnerable to denial of service through unbounded precision specifiers,2.0
TanStack/db,grype,GHSA-hrr3-gc8f-f4qj,Medium,/pnpm-lock.yaml,,fast-uri,3.1.0,3.1.8,npm,,fast-uri vulnerable to inconsistent host case normalization via percent-encoded octets,2.0
TanStack/db,grype,GHSA-hvrm-45r6-mjfj,Medium,/pnpm-lock.yaml,,hono,4.11.9,4.12.27,npm,,"hono/jsx does not isolate context per request, leading to cross-request data disclosure",2.0
TanStack/db,grype,GHSA-hx9m-jf43-8ffr,High,/examples/react/projects/pnpm-lock.yaml,,seroval,1.3.2,1.4.1,npm,,seroval affected by Denial of Service via RegExp serialization,3.0
TanStack/db,grype,GHSA-hxh3-vqpv-xpqv,Medium,/pnpm-lock.yaml,,hono,4.11.9,4.13.7,npm,,"hono/jsx renders plain strings unescaped in boundary components, leading to XSS",2.0
TanStack/db,grype,GHSA-j3q9-mxjg-w52f,High,/pnpm-lock.yaml,,path-to-regexp,8.3.0,8.4.0,npm,,path-to-regexp vulnerable to Denial of Service via sequential optional groups,3.0
TanStack/db,grype,GHSA-j5f8-grm9-p9fc,High,/pnpm-lock.yaml,,axios,1.13.6,1.16.0,npm,,Axios: Proxy-Authorization header leaks to redirect target when proxy is re-evaluated to direct connection,3.0
TanStack/db,grype,GHSA-j6c9-x7qj-28xf,Medium,/pnpm-lock.yaml,,hono,4.11.9,4.12.25,npm,,"hono: AWS Lambda adapter merges multiple `Set-Cookie` headers into one value, dropping cookies on ALB single-header and Lattice",2.0
TanStack/db,grype,GHSA-j6r3-76f7-8jcv,Medium,/pnpm-lock.yaml,,ip-address,10.0.1,10.7.1,npm,,"ip-address: isInSubnet() and isHostInSubnet() compare addresses of different families as if they shared an address space, allowing an allowlist check to admit an address outside its range",2.0
TanStack/db,grype,GHSA-j759-j44w-7fr8,High,/pnpm-lock.yaml,,@xmldom/xmldom,0.8.11,0.8.13,npm,,xmldom has XML node injection through unvalidated comment serialization,3.0
TanStack/db,grype,GHSA-j8rh-479h-cp32,Medium,/pnpm-lock.yaml,,axios,1.13.6,1.20.0,npm,,Axios: Header Injection via Inherited headers After Minimal Interceptor,2.0
TanStack/db,grype,GHSA-jcxm-m3jx-f287,High,/pnpm-lock.yaml,,simple-git,3.30.0,3.32.0,npm,,simple-git Affected by Command Execution via Option-Parsing Bypass,3.0
TanStack/db,grype,GHSA-jfc7-64v2-mr8c,Medium,/pnpm-lock.yaml,,@sigstore/core,3.1.0,3.2.1,npm,,@sigstore/core has DSSE payloadType type-binding failure,2.0
TanStack/db,grype,GHSA-jhpw-976m-542j,High,/pnpm-lock.yaml,,@angular/common,20.3.16,20.3.27,npm,,Angular: Cache-Key Ambiguity in HttpTransferCache Leading to Cross-Request Response Reuse and State Poisoning,3.0
TanStack/db,grype,GHSA-jmr9-qjv8-65gv,High,/examples/react/projects/pnpm-lock.yaml,,extract-zip,2.0.1,,npm,,extract-zip unvalidated symlink path traversal,3.0
TanStack/db,grype,GHSA-jp82-f5mq-hwhp,High,/examples/react/projects/pnpm-lock.yaml,,seroval,1.3.2,1.6.3,npm,,Seroval: Memory exhaustion via unchecked TypedArray length in JSON deserialization,3.0
TanStack/db,grype,GHSA-jp82-f5mq-hwhp,High,/pnpm-lock.yaml,,seroval,1.5.3,1.6.3,npm,,Seroval: Memory exhaustion via unchecked TypedArray length in JSON deserialization,3.0
TanStack/db,grype,GHSA-jqcg-44mw-7w3h,Critical,/examples/react/todo/pnpm-lock.yaml,,proxy-addr,2.0.7,2.0.8,npm,,proxy-addr vulnerable to IP spoofing via IPv4-mapped IPv6 trust subnet,4.0
TanStack/db,grype,GHSA-jqcg-44mw-7w3h,Critical,/examples/solid/todo/pnpm-lock.yaml,,proxy-addr,2.0.7,2.0.8,npm,,proxy-addr vulnerable to IP spoofing via IPv4-mapped IPv6 trust subnet,4.0
TanStack/db,grype,GHSA-jqcg-44mw-7w3h,Critical,/pnpm-lock.yaml,,proxy-addr,2.0.7,2.0.8,npm,,proxy-addr vulnerable to IP spoofing via IPv4-mapped IPv6 trust subnet,4.0
TanStack/db,grype,GHSA-jqff-g426-hqxp,High,/pnpm-lock.yaml,,fast-uri,3.1.0,3.1.6,npm,,fast-uri vulnerable to host confusion via percent-encoded scheme normalization,3.0
TanStack/db,grype,GHSA-jqfw-vq24-v9c3,Low,/examples/react/projects/pnpm-lock.yaml,,vite,6.3.5,6.3.6,npm,,Vite's `server.fs` settings were not applied to HTML files,1.0
TanStack/db,grype,GHSA-jqfw-vq24-v9c3,Low,/examples/react/todo/pnpm-lock.yaml,,vite,6.1.1,6.3.6,npm,,Vite's `server.fs` settings were not applied to HTML files,1.0
TanStack/db,grype,GHSA-jqfw-vq24-v9c3,Low,/examples/solid/todo/pnpm-lock.yaml,,vite,6.1.1,6.3.6,npm,,Vite's `server.fs` settings were not applied to HTML files,1.0
TanStack/db,grype,GHSA-jqh4-m9w3-8hp9,Medium,/pnpm-lock.yaml,,axios,1.13.6,1.18.0,npm,,Axios: Fetch adapter `ReadableStream` uploads bypass `maxBodyLength`,2.0
TanStack/db,grype,GHSA-jr45-8vmc-qm54,Medium,/examples/react/projects/pnpm-lock.yaml,,undici,7.12.0,7.29.0,npm,,undici vulnerable to cross-user information disclosure via whitespace around equals in Cache-Control directives,2.0
TanStack/db,grype,GHSA-jr45-8vmc-qm54,Medium,/pnpm-lock.yaml,,undici,7.24.4,7.29.0,npm,,undici vulnerable to cross-user information disclosure via whitespace around equals in Cache-Control directives,2.0
TanStack/db,grype,GHSA-m7pr-hjqh-92cm,Medium,/pnpm-lock.yaml,,axios,1.13.6,1.15.1,npm,,Axios: no_proxy bypass via IP alias allows SSRF,2.0
TanStack/db,grype,GHSA-m8rv-5g2x-5cg5,Medium,/examples/react/projects/pnpm-lock.yaml,,undici,7.12.0,7.29.0,npm,,undici vulnerable to CRLF Injection via blob-like body 'type' property,2.0
TanStack/db,grype,GHSA-m8rv-5g2x-5cg5,Medium,/pnpm-lock.yaml,,undici,6.23.0,6.28.0,npm,,undici vulnerable to CRLF Injection via blob-like body 'type' property,2.0
TanStack/db,grype,GHSA-m8rv-5g2x-5cg5,Medium,/pnpm-lock.yaml,,undici,7.24.4,7.29.0,npm,,undici vulnerable to CRLF Injection via blob-like body 'type' property,2.0
TanStack/db,grype,GHSA-mcj8-r9mp-w47p,Medium,/pnpm-lock.yaml,,next,16.3.6,16.3.8,npm,,Next.js has cache poisoning in SSG/ISR rendering that leads to cross-user content substitution and persistent denial of service,2.0
TanStack/db,grype,GHSA-mh29-5h37-fv8m,Medium,/examples/react/projects/pnpm-lock.yaml,,js-yaml,3.14.1,3.14.2,npm,,js-yaml has prototype pollution in merge (<<),2.0
TanStack/db,grype,GHSA-mh29-5h37-fv8m,Medium,/examples/react/projects/pnpm-lock.yaml,,js-yaml,4.1.0,4.1.1,npm,,js-yaml has prototype pollution in merge (<<),2.0
TanStack/db,grype,GHSA-mh29-5h37-fv8m,Medium,/examples/react/todo/pnpm-lock.yaml,,js-yaml,4.1.0,4.1.1,npm,,js-yaml has prototype pollution in merge (<<),2.0
TanStack/db,grype,GHSA-mh29-5h37-fv8m,Medium,/examples/solid/todo/pnpm-lock.yaml,,js-yaml,4.1.0,4.1.1,npm,,js-yaml has prototype pollution in merge (<<),2.0
TanStack/db,grype,GHSA-mh29-5h37-fv8m,Medium,/pnpm-lock.yaml,,js-yaml,3.14.1,3.14.2,npm,,js-yaml has prototype pollution in merge (<<),2.0
TanStack/db,grype,GHSA-mh99-v99m-4gvg,High,/examples/react/projects/pnpm-lock.yaml,,brace-expansion,1.1.12,1.1.17,npm,,brace-expansion: DoS via unbounded expansion length causing an out-of-memory process crash,3.0
TanStack/db,grype,GHSA-mh99-v99m-4gvg,High,/examples/react/projects/pnpm-lock.yaml,,brace-expansion,2.0.2,2.1.3,npm,,brace-expansion: DoS via unbounded expansion length causing an out-of-memory process crash,3.0
TanStack/db,grype,GHSA-mh99-v99m-4gvg,High,/examples/react/todo/pnpm-lock.yaml,,brace-expansion,1.1.11,1.1.17,npm,,brace-expansion: DoS via unbounded expansion length causing an out-of-memory process crash,3.0
TanStack/db,grype,GHSA-mh99-v99m-4gvg,High,/examples/react/todo/pnpm-lock.yaml,,brace-expansion,2.0.1,2.1.3,npm,,brace-expansion: DoS via unbounded expansion length causing an out-of-memory process crash,3.0
TanStack/db,grype,GHSA-mh99-v99m-4gvg,High,/examples/solid/todo/pnpm-lock.yaml,,brace-expansion,1.1.11,1.1.17,npm,,brace-expansion: DoS via unbounded expansion length causing an out-of-memory process crash,3.0
TanStack/db,grype,GHSA-mh99-v99m-4gvg,High,/examples/solid/todo/pnpm-lock.yaml,,brace-expansion,2.0.1,2.1.3,npm,,brace-expansion: DoS via unbounded expansion length causing an out-of-memory process crash,3.0
TanStack/db,grype,GHSA-mh99-v99m-4gvg,High,/pnpm-lock.yaml,,brace-expansion,1.1.14,1.1.17,npm,,brace-expansion: DoS via unbounded expansion length causing an out-of-memory process crash,3.0
TanStack/db,grype,GHSA-mmx7-hfxf-jppx,Medium,/pnpm-lock.yaml,,axios,1.13.6,1.18.0,npm,,Axios: Prototype pollution gadgets can alter axios request construction,2.0
TanStack/db,grype,GHSA-mp2g-9vg9-f4cg,High,/examples/react/projects/pnpm-lock.yaml,,h3,1.13.0,1.15.5,npm,,h3 v1 has Request Smuggling (TE.TE) issue,3.0
TanStack/db,grype,GHSA-mp2g-9vg9-f4cg,High,/examples/react/projects/pnpm-lock.yaml,,h3,1.15.3,1.15.5,npm,,h3 v1 has Request Smuggling (TE.TE) issue,3.0
TanStack/db,grype,GHSA-mv8w-475r-vwqw,Critical,/examples/react/projects/pnpm-lock.yaml,,seroval,1.3.2,1.5.3,npm,,seroval: `seroval.fromJSON()` Promise resolver type confusion invokes attacker-controlled methods during deserialization,4.0
TanStack/db,grype,GHSA-mw96-cpmx-2vgc,High,/examples/react/projects/pnpm-lock.yaml,,rollup,4.44.1,4.59.0,npm,,Rollup 4 has Arbitrary File Write via Path Traversal,3.0
TanStack/db,grype,GHSA-mw96-cpmx-2vgc,High,/examples/react/projects/pnpm-lock.yaml,,rollup,4.46.1,4.59.0,npm,,Rollup 4 has Arbitrary File Write via Path Traversal,3.0
TanStack/db,grype,GHSA-mw96-cpmx-2vgc,High,/examples/react/todo/pnpm-lock.yaml,,rollup,4.34.8,4.59.0,npm,,Rollup 4 has Arbitrary File Write via Path Traversal,3.0
TanStack/db,grype,GHSA-mw96-cpmx-2vgc,High,/examples/solid/todo/pnpm-lock.yaml,,rollup,4.34.8,4.59.0,npm,,Rollup 4 has Arbitrary File Write via Path Traversal,3.0
TanStack/db,grype,GHSA-mwf2-3pr3-8698,Medium,/pnpm-lock.yaml,,axios,1.13.6,1.18.0,npm,,Axios: HTTP/2 streamed uploads bypass `maxBodyLength`,2.0
TanStack/db,grype,GHSA-mwp4-54f8-5fhr,High,/pnpm-lock.yaml,,ip-address,10.0.1,10.3.1,npm,,"ip-address: Address4 decodes leading-zero octets as decimal while resolvers decode them as octal, allowing SSRF and trust-boundary bypass",3.0
TanStack/db,grype,GHSA-p297-fm68-3q8c,Medium,/pnpm-lock.yaml,,@angular/common,20.3.16,20.3.28,npm,,Angular: Information Leak via `HttpTransferCache` Bypass When Using `withRequestsMadeViaParent`,2.0
TanStack/db,grype,GHSA-p3vc-36g9-x9gr,High,/pnpm-lock.yaml,,@angular/common,20.3.16,20.3.22,npm,,@angular/common: Denial of Service (DoS) via OOM in Number Formatting (digitsInfo),3.0
TanStack/db,grype,GHSA-p498-v437-472g,Medium,/examples/react/projects/pnpm-lock.yaml,,@humanfs/node,0.16.6,0.16.8,npm,,humanfs: Recursive copy follows symlinked files and copies data from outside the source tree,2.0
TanStack/db,grype,GHSA-p498-v437-472g,Medium,/examples/react/todo/pnpm-lock.yaml,,@humanfs/node,0.16.6,0.16.8,npm,,humanfs: Recursive copy follows symlinked files and copies data from outside the source tree,2.0
TanStack/db,grype,GHSA-p498-v437-472g,Medium,/examples/solid/todo/pnpm-lock.yaml,,@humanfs/node,0.16.6,0.16.8,npm,,humanfs: Recursive copy follows symlinked files and copies data from outside the source tree,2.0
TanStack/db,grype,GHSA-p498-v437-472g,Medium,/pnpm-lock.yaml,,@humanfs/node,0.16.7,0.16.8,npm,,humanfs: Recursive copy follows symlinked files and copies data from outside the source tree,2.0
TanStack/db,grype,GHSA-p6v2-xcpg-h6xw,High,/examples/react/projects/pnpm-lock.yaml,,better-auth,1.3.4,1.4.17,npm,,Better Auth: Rate limiter keys IPv6 addresses individually and is bypassable via prefix rotation,3.0
TanStack/db,grype,GHSA-p6vx-979v-rg4c,Critical,/examples/react/projects/pnpm-lock.yaml,,seroval,1.3.2,1.6.2,npm,,Seroval: `fromJSON()` Promise thenable assimilation invokes plugin-produced callables (bypass of GHSA-mv8w-475r-vwqw),4.0
TanStack/db,grype,GHSA-p6vx-979v-rg4c,Critical,/pnpm-lock.yaml,,seroval,1.5.3,1.6.2,npm,,Seroval: `fromJSON()` Promise thenable assimilation invokes plugin-produced callables (bypass of GHSA-mv8w-475r-vwqw),4.0
TanStack/db,grype,GHSA-p6xx-57qc-3wxr,Medium,/pnpm-lock.yaml,,hono,4.11.9,4.12.4,npm,,Hono Vulnerable to SSE Control Field Injection via CR/LF in writeSSE(),2.0
TanStack/db,grype,GHSA-p77w-8qqv-26rm,Medium,/pnpm-lock.yaml,,hono,4.11.9,4.12.18,npm,,Hono's Cache Middleware ignores Vary: Authorization / Vary: Cookie leading to cross-user cache leakage,2.0
TanStack/db,grype,GHSA-p88m-4jfj-68fv,Medium,/examples/react/projects/pnpm-lock.yaml,,undici,7.12.0,7.28.0,npm,,undici vulnerable to HTTP header injection via Set-Cookie percent-decoding,2.0
TanStack/db,grype,GHSA-p88m-4jfj-68fv,Medium,/pnpm-lock.yaml,,undici,6.23.0,6.27.0,npm,,undici vulnerable to HTTP header injection via Set-Cookie percent-decoding,2.0
TanStack/db,grype,GHSA-p88m-4jfj-68fv,Medium,/pnpm-lock.yaml,,undici,7.24.4,7.28.0,npm,,undici vulnerable to HTTP header injection via Set-Cookie percent-decoding,2.0
TanStack/db,grype,GHSA-p92q-9vqr-4j8v,High,/pnpm-lock.yaml,,axios,1.13.6,1.16.0,npm,,Axios: Proxy-Authorization Credential Leak to Origin Server Across HTTP-to-HTTPS Redirect in Axios Node.js HTTP Adapter,3.0
TanStack/db,grype,GHSA-p9ff-h696-f583,High,/examples/react/projects/pnpm-lock.yaml,,vite,6.3.5,6.4.2,npm,,Vite Vulnerable to Arbitrary File Read via Vite Dev Server WebSocket,3.0
TanStack/db,grype,GHSA-p9ff-h696-f583,High,/examples/react/todo/pnpm-lock.yaml,,vite,6.1.1,6.4.2,npm,,Vite Vulnerable to Arbitrary File Read via Vite Dev Server WebSocket,3.0
TanStack/db,grype,GHSA-p9ff-h696-f583,High,/examples/solid/todo/pnpm-lock.yaml,,vite,6.1.1,6.4.2,npm,,Vite Vulnerable to Arbitrary File Read via Vite Dev Server WebSocket,3.0
TanStack/db,grype,GHSA-pf86-5x62-jrwf,High,/pnpm-lock.yaml,,axios,1.13.6,1.15.1,npm,,"Axios: Prototype Pollution Gadgets - Response Tampering, Data Exfiltration, and Request Hijacking",3.0
TanStack/db,grype,GHSA-ph9p-34f9-6g65,High,/examples/react/projects/pnpm-lock.yaml,,tmp,0.2.3,0.2.6,npm,,tmp has Path Traversal via unsanitized prefix/postfix that enables directory escape,3.0
TanStack/db,grype,GHSA-pmjh-fq2x-6v4x,Medium,/examples/react/projects/pnpm-lock.yaml,,undici,7.12.0,7.29.1,npm,,undici vulnerable to Denial of Service via orphaned RetryHandler response body,2.0
TanStack/db,grype,GHSA-pmjh-fq2x-6v4x,Medium,/pnpm-lock.yaml,,undici,7.24.4,7.29.1,npm,,undici vulnerable to Denial of Service via orphaned RetryHandler response body,2.0
TanStack/db,grype,GHSA-pmv8-rq9r-6j72,Medium,/pnpm-lock.yaml,,axios,1.13.6,1.18.0,npm,,Axios: Deep formToJSON Key Recursion Can Cause Denial of Service,2.0
TanStack/db,grype,GHSA-pmwg-cvhr-8vh7,High,/pnpm-lock.yaml,,axios,1.13.6,1.15.1,npm,,Axios: Incomplete Fix for CVE-2025-62718 — NO_PROXY Protection Bypassed via RFC 1122 Loopback Subnet (127.0.0.0/8) in Axios 1.15.0,3.0
TanStack/db,grype,GHSA-ppp5-5v6c-4jwp,High,/examples/react/projects/pnpm-lock.yaml,,node-forge,1.3.1,1.4.0,npm,,Forge has signature forgery in RSA-PKCS due to ASN.1 extra field,3.0
TanStack/db,grype,GHSA-ppp5-5v6c-4jwp,High,/pnpm-lock.yaml,,node-forge,1.3.3,1.4.0,npm,,Forge has signature forgery in RSA-PKCS due to ASN.1 extra field,3.0
TanStack/db,grype,GHSA-pr7r-676h-xcf6,Medium,/examples/react/projects/pnpm-lock.yaml,,undici,7.12.0,7.28.0,npm,,undici vulnerable to cross-user information disclosure via shared cache whitespace bypass,2.0
TanStack/db,grype,GHSA-pr7r-676h-xcf6,Medium,/pnpm-lock.yaml,,undici,7.24.4,7.28.0,npm,,undici vulnerable to cross-user information disclosure via shared cache whitespace bypass,2.0
TanStack/db,grype,GHSA-pv5w-4p9q-p3v2,High,/examples/react/projects/pnpm-lock.yaml,,kysely,0.28.3,0.28.17,npm,,Kysely: JSON-path traversal injection via unsanitized path-leg metacharacters in `JSONPathBuilder.key()` / `.at()`,3.0
TanStack/db,grype,GHSA-pv5w-4p9q-p3v2,High,/examples/react/todo/pnpm-lock.yaml,,kysely,0.27.5,0.28.17,npm,,Kysely: JSON-path traversal injection via unsanitized path-leg metacharacters in `JSONPathBuilder.key()` / `.at()`,3.0
TanStack/db,grype,GHSA-pv5w-4p9q-p3v2,High,/examples/solid/todo/pnpm-lock.yaml,,kysely,0.27.5,0.28.17,npm,,Kysely: JSON-path traversal injection via unsanitized path-leg metacharacters in `JSONPathBuilder.key()` / `.at()`,3.0
TanStack/db,grype,GHSA-pw9m-5jxm-xr6h,Critical,/examples/react/projects/pnpm-lock.yaml,,better-auth,1.3.4,1.6.11,npm,,Better Auth: OAuth refresh-token replay via missing client authentication on oidc-provider and mcp plugins,4.0
TanStack/db,grype,GHSA-px8p-9vwx-vf98,Medium,/pnpm-lock.yaml,,fflate,0.8.2,0.8.3,npm,,fflate unzipSync can enter an infinite loop when parsing malformed ZIP64 archives,2.0
TanStack/db,grype,GHSA-q2hr-2g5m-vwhr,Medium,/examples/react/projects/pnpm-lock.yaml,,brace-expansion,1.1.12,1.1.21,npm,,"brace-expansion: Quadratic-time expansion of the `{a},b}` rewrite causes CPU denial of service",2.0
TanStack/db,grype,GHSA-q2hr-2g5m-vwhr,Medium,/examples/react/projects/pnpm-lock.yaml,,brace-expansion,2.0.2,2.1.7,npm,,"brace-expansion: Quadratic-time expansion of the `{a},b}` rewrite causes CPU denial of service",2.0
TanStack/db,grype,GHSA-q2hr-2g5m-vwhr,Medium,/examples/react/todo/pnpm-lock.yaml,,brace-expansion,1.1.11,1.1.21,npm,,"brace-expansion: Quadratic-time expansion of the `{a},b}` rewrite causes CPU denial of service",2.0
TanStack/db,grype,GHSA-q2hr-2g5m-vwhr,Medium,/examples/react/todo/pnpm-lock.yaml,,brace-expansion,2.0.1,2.1.7,npm,,"brace-expansion: Quadratic-time expansion of the `{a},b}` rewrite causes CPU denial of service",2.0
TanStack/db,grype,GHSA-q2hr-2g5m-vwhr,Medium,/examples/solid/todo/pnpm-lock.yaml,,brace-expansion,1.1.11,1.1.21,npm,,"brace-expansion: Quadratic-time expansion of the `{a},b}` rewrite causes CPU denial of service",2.0
TanStack/db,grype,GHSA-q2hr-2g5m-vwhr,Medium,/examples/solid/todo/pnpm-lock.yaml,,brace-expansion,2.0.1,2.1.7,npm,,"brace-expansion: Quadratic-time expansion of the `{a},b}` rewrite causes CPU denial of service",2.0
TanStack/db,grype,GHSA-q2hr-2g5m-vwhr,Medium,/pnpm-lock.yaml,,brace-expansion,1.1.14,1.1.21,npm,,"brace-expansion: Quadratic-time expansion of the `{a},b}` rewrite causes CPU denial of service",2.0
TanStack/db,grype,GHSA-q3j6-qgpj-74h6,High,/pnpm-lock.yaml,,fast-uri,3.1.0,3.1.1,npm,,fast-uri vulnerable to path traversal via percent-encoded dot segments,3.0
TanStack/db,grype,GHSA-q5qw-h33p-qvwr,High,/pnpm-lock.yaml,,hono,4.11.9,4.12.4,npm,,Hono vulnerable to arbitrary file access via serveStatic vulnerability,3.0
TanStack/db,grype,GHSA-q67f-28xg-22rw,High,/examples/react/projects/pnpm-lock.yaml,,node-forge,1.3.1,1.4.0,npm,,Forge has signature forgery in Ed25519 due to missing S > L check,3.0
TanStack/db,grype,GHSA-q67f-28xg-22rw,High,/pnpm-lock.yaml,,node-forge,1.3.3,1.4.0,npm,,Forge has signature forgery in Ed25519 due to missing S > L check,3.0
TanStack/db,grype,GHSA-q6f4-qqrg-jv6x,High,/pnpm-lock.yaml,,@angular/common,20.3.16,20.3.22,npm,,@angular/common: Information Leak via Default Caching of Credentialed Requests in HttpTransferCache,3.0
TanStack/db,grype,GHSA-q7cg-457f-vx79,Medium,/pnpm-lock.yaml,,joi,18.0.2,18.2.1,npm,,joi has an uncaught RangeError on deeply nested input through recursive `link()` schemas,2.0
TanStack/db,grype,GHSA-q8mj-m7cp-5q26,Medium,/examples/react/projects/pnpm-lock.yaml,,qs,6.14.0,6.15.2,npm,,qs has a remotely triggerable DoS: qs.stringify crashes with TypeError on null/undefined entries in comma-format arrays when encodeValuesOnly is set,2.0
TanStack/db,grype,GHSA-q8mj-m7cp-5q26,Medium,/examples/react/todo/pnpm-lock.yaml,,qs,6.13.0,6.15.2,npm,,qs has a remotely triggerable DoS: qs.stringify crashes with TypeError on null/undefined entries in comma-format arrays when encodeValuesOnly is set,2.0
TanStack/db,grype,GHSA-q8mj-m7cp-5q26,Medium,/examples/solid/todo/pnpm-lock.yaml,,qs,6.13.0,6.15.2,npm,,qs has a remotely triggerable DoS: qs.stringify crashes with TypeError on null/undefined entries in comma-format arrays when encodeValuesOnly is set,2.0
TanStack/db,grype,GHSA-q8mj-m7cp-5q26,Medium,/pnpm-lock.yaml,,qs,6.14.1,6.15.2,npm,,qs has a remotely triggerable DoS: qs.stringify crashes with TypeError on null/undefined entries in comma-format arrays when encodeValuesOnly is set,2.0
TanStack/db,grype,GHSA-q8qp-cvcw-x6jj,High,/pnpm-lock.yaml,,axios,1.13.6,1.15.2,npm,,Axios has prototype pollution read-side gadgets in HTTP adapter that allow credential injection and request hijacking,3.0
TanStack/db,grype,GHSA-qffp-2rhf-9h96,High,/examples/react/projects/pnpm-lock.yaml,,tar,7.4.3,7.5.10,npm,,tar has Hardlink Path Traversal via Drive-Relative Linkpath,3.0
TanStack/db,grype,GHSA-qffp-2rhf-9h96,High,/pnpm-lock.yaml,,tar,7.5.7,7.5.10,npm,,tar has Hardlink Path Traversal via Drive-Relative Linkpath,3.0
TanStack/db,grype,GHSA-qhr7-859c-m2p7,High,/examples/react/projects/pnpm-lock.yaml,,brace-expansion,1.1.12,1.1.20,npm,,brace-expansion: DoS via uncontrolled recursion on nested brace groups causing stack exhaustion,3.0
TanStack/db,grype,GHSA-qhr7-859c-m2p7,High,/examples/react/projects/pnpm-lock.yaml,,brace-expansion,2.0.2,2.1.6,npm,,brace-expansion: DoS via uncontrolled recursion on nested brace groups causing stack exhaustion,3.0
TanStack/db,grype,GHSA-qhr7-859c-m2p7,High,/examples/react/todo/pnpm-lock.yaml,,brace-expansion,1.1.11,1.1.20,npm,,brace-expansion: DoS via uncontrolled recursion on nested brace groups causing stack exhaustion,3.0
TanStack/db,grype,GHSA-qhr7-859c-m2p7,High,/examples/react/todo/pnpm-lock.yaml,,brace-expansion,2.0.1,2.1.6,npm,,brace-expansion: DoS via uncontrolled recursion on nested brace groups causing stack exhaustion,3.0
TanStack/db,grype,GHSA-qhr7-859c-m2p7,High,/examples/solid/todo/pnpm-lock.yaml,,brace-expansion,1.1.11,1.1.20,npm,,brace-expansion: DoS via uncontrolled recursion on nested brace groups causing stack exhaustion,3.0
TanStack/db,grype,GHSA-qhr7-859c-m2p7,High,/examples/solid/todo/pnpm-lock.yaml,,brace-expansion,2.0.1,2.1.6,npm,,brace-expansion: DoS via uncontrolled recursion on nested brace groups causing stack exhaustion,3.0
TanStack/db,grype,GHSA-qhr7-859c-m2p7,High,/pnpm-lock.yaml,,brace-expansion,1.1.14,1.1.20,npm,,brace-expansion: DoS via uncontrolled recursion on nested brace groups causing stack exhaustion,3.0
TanStack/db,grype,GHSA-qj8w-gfj5-8c6v,Medium,/examples/react/projects/pnpm-lock.yaml,,serialize-javascript,6.0.2,7.0.5,npm,,Serialize JavaScript has CPU Exhaustion Denial of Service via crafted array-like objects,2.0
TanStack/db,grype,GHSA-qp7p-654g-cw7p,Medium,/pnpm-lock.yaml,,hono,4.11.9,4.12.18,npm,,Hono has CSS Declaration Injection via Style Object Values in JSX SSR,2.0
TanStack/db,grype,GHSA-qq9h-g4jm-xgf3,High,/examples/react/projects/pnpm-lock.yaml,,better-auth,1.3.4,1.6.22,npm,,Better Auth: Account takeover via pre-account hijacking on magic-link and email-OTP sign-in,3.0
TanStack/db,grype,GHSA-qw65-cvwx-89v3,High,/pnpm-lock.yaml,,fast-uri,3.1.0,3.1.7,npm,,fast-uri vulnerable to authority injection via an unvalidated port in serialize,3.0
TanStack/db,grype,GHSA-qx2v-qp2m-jg93,Medium,/examples/react/projects/pnpm-lock.yaml,,postcss,8.5.6,8.5.10,npm,,PostCSS has XSS via Unescaped </style> in its CSS Stringify Output,2.0
TanStack/db,grype,GHSA-qx2v-qp2m-jg93,Medium,/examples/react/todo/pnpm-lock.yaml,,postcss,8.5.3,8.5.10,npm,,PostCSS has XSS via Unescaped </style> in its CSS Stringify Output,2.0
TanStack/db,grype,GHSA-qx2v-qp2m-jg93,Medium,/examples/solid/todo/pnpm-lock.yaml,,postcss,8.5.3,8.5.10,npm,,PostCSS has XSS via Unescaped </style> in its CSS Stringify Output,2.0
TanStack/db,grype,GHSA-qx2v-qp2m-jg93,Medium,/pnpm-lock.yaml,,postcss,8.4.49,8.5.10,npm,,PostCSS has XSS via Unescaped </style> in its CSS Stringify Output,2.0
TanStack/db,grype,GHSA-r275-fr43-pm7q,Critical,/pnpm-lock.yaml,,simple-git,3.30.0,3.32.3,npm,,simple-git has blockUnsafeOperationsPlugin bypass via case-insensitive protocol.allow config key enables RCE,4.0
TanStack/db,grype,GHSA-r28c-9q8g-f849,High,/examples/react/projects/pnpm-lock.yaml,,postcss,8.5.6,8.5.18,npm,,PostCSS: Path Traversal in Previous Source Map Auto-Loading (sourceMappingURL) leads to Arbitrary .map File Disclosure,3.0
TanStack/db,grype,GHSA-r28c-9q8g-f849,High,/examples/react/todo/pnpm-lock.yaml,,postcss,8.5.3,8.5.18,npm,,PostCSS: Path Traversal in Previous Source Map Auto-Loading (sourceMappingURL) leads to Arbitrary .map File Disclosure,3.0
TanStack/db,grype,GHSA-r28c-9q8g-f849,High,/examples/solid/todo/pnpm-lock.yaml,,postcss,8.5.3,8.5.18,npm,,PostCSS: Path Traversal in Previous Source Map Auto-Loading (sourceMappingURL) leads to Arbitrary .map File Disclosure,3.0
TanStack/db,grype,GHSA-r28c-9q8g-f849,High,/pnpm-lock.yaml,,postcss,8.4.49,8.5.18,npm,,PostCSS: Path Traversal in Previous Source Map Auto-Loading (sourceMappingURL) leads to Arbitrary .map File Disclosure,3.0
TanStack/db,grype,GHSA-r292-9mhp-454m,High,/examples/react/projects/pnpm-lock.yaml,,tar,7.4.3,7.5.21,npm,,node-tar: Uncontrolled recursion in mapHas/filesFilter allows uncatchable stack-overflow DoS via crafted long-path tar with member selection,3.0
TanStack/db,grype,GHSA-r292-9mhp-454m,High,/pnpm-lock.yaml,,tar,7.5.7,7.5.21,npm,,node-tar: Uncontrolled recursion in mapHas/filesFilter allows uncatchable stack-overflow DoS via crafted long-path tar with member selection,3.0
TanStack/db,grype,GHSA-r4q5-vmmm-2653,Medium,/pnpm-lock.yaml,,follow-redirects,1.15.11,1.16.0,npm,,follow-redirects leaks Custom Authentication Headers to Cross-Domain Redirect Targets,2.0
TanStack/db,grype,GHSA-r4xh-jqrq-34v2,Medium,/pnpm-lock.yaml,,smol-toml,1.5.2,1.9.0,npm,,smol-toml: Quadratic-time parse() from parseKey rescanning to end of document on each key line,2.0
TanStack/db,grype,GHSA-r53p-7pc4-xj5r,Low,/examples/react/projects/pnpm-lock.yaml,,undici,7.12.0,7.29.1,npm,,undici vulnerable to downstream response splitting via retry interceptor,1.0
TanStack/db,grype,GHSA-r53p-7pc4-xj5r,Low,/pnpm-lock.yaml,,undici,6.23.0,6.28.1,npm,,undici vulnerable to downstream response splitting via retry interceptor,1.0
TanStack/db,grype,GHSA-r53p-7pc4-xj5r,Low,/pnpm-lock.yaml,,undici,7.24.4,7.29.1,npm,,undici vulnerable to downstream response splitting via retry interceptor,1.0
TanStack/db,grype,GHSA-r5fr-rjxr-66jc,High,/examples/react/projects/pnpm-lock.yaml,,lodash,4.17.21,4.18.0,npm,,lodash vulnerable to Code Injection via `_.template` imports key names,3.0
TanStack/db,grype,GHSA-r5fr-rjxr-66jc,High,/examples/react/projects/pnpm-lock.yaml,,lodash-es,4.17.21,4.18.0,npm,,lodash vulnerable to Code Injection via `_.template` imports key names,3.0
TanStack/db,grype,GHSA-r5fr-rjxr-66jc,High,/examples/react/todo/pnpm-lock.yaml,,lodash,4.17.21,4.18.0,npm,,lodash vulnerable to Code Injection via `_.template` imports key names,3.0
TanStack/db,grype,GHSA-r5fr-rjxr-66jc,High,/examples/solid/todo/pnpm-lock.yaml,,lodash,4.17.21,4.18.0,npm,,lodash vulnerable to Code Injection via `_.template` imports key names,3.0
TanStack/db,grype,GHSA-r5fr-rjxr-66jc,High,/pnpm-lock.yaml,,lodash,4.17.21,4.18.0,npm,,lodash vulnerable to Code Injection via `_.template` imports key names,3.0
TanStack/db,grype,GHSA-r5rp-j6wh-rvv4,Medium,/pnpm-lock.yaml,,hono,4.11.9,4.12.12,npm,,Hono: Non-breaking space prefix bypass in cookie name handling in getCookie(),2.0
TanStack/db,grype,GHSA-r6q2-hw4h-h46w,High,/examples/react/projects/pnpm-lock.yaml,,tar,7.4.3,7.5.4,npm,,Race Condition in node-tar Path Reservations via Unicode Ligature Collisions on macOS APFS,3.0
TanStack/db,grype,GHSA-rf6f-7fwh-wjgh,High,/examples/react/projects/pnpm-lock.yaml,,flatted,3.3.3,3.4.2,npm,,Prototype Pollution via parse() in NodeJS flatted,3.0
TanStack/db,grype,GHSA-rf6f-7fwh-wjgh,High,/examples/react/todo/pnpm-lock.yaml,,flatted,3.3.3,3.4.2,npm,,Prototype Pollution via parse() in NodeJS flatted,3.0
TanStack/db,grype,GHSA-rf6f-7fwh-wjgh,High,/examples/solid/todo/pnpm-lock.yaml,,flatted,3.3.3,3.4.2,npm,,Prototype Pollution via parse() in NodeJS flatted,3.0
TanStack/db,grype,GHSA-rf6f-7fwh-wjgh,High,/pnpm-lock.yaml,,flatted,3.3.3,3.4.2,npm,,Prototype Pollution via parse() in NodeJS flatted,3.0
TanStack/db,grype,GHSA-rfgv-xxqx-mfg5,High,/examples/react/projects/pnpm-lock.yaml,,undici,7.12.0,7.29.1,npm,,undici vulnerable to Denial of Service via unrequested WebSocket subprotocol,3.0
TanStack/db,grype,GHSA-rfgv-xxqx-mfg5,High,/pnpm-lock.yaml,,undici,6.23.0,6.28.1,npm,,undici vulnerable to Denial of Service via unrequested WebSocket subprotocol,3.0
TanStack/db,grype,GHSA-rfgv-xxqx-mfg5,High,/pnpm-lock.yaml,,undici,7.24.4,7.29.1,npm,,undici vulnerable to Denial of Service via unrequested WebSocket subprotocol,3.0
TanStack/db,grype,GHSA-rgj7-g3m4-5g8c,High,/pnpm-lock.yaml,,sharp,0.34.5,0.35.4,npm,,sharp: Vulnerabilities in libheif: GHSA-g89c-p67h-r497 and GHSA-2jg2-4ch7-h545,3.0
TanStack/db,grype,GHSA-rgw5-rvv9-x895,High,/examples/react/projects/pnpm-lock.yaml,,brace-expansion,1.1.12,1.1.18,npm,,"brace-expansion: DoS via unbounded intermediate arrays, bypassing the CVE-2026-14257 mitigation",3.0
TanStack/db,grype,GHSA-rgw5-rvv9-x895,High,/examples/react/projects/pnpm-lock.yaml,,brace-expansion,2.0.2,2.1.4,npm,,"brace-expansion: DoS via unbounded intermediate arrays, bypassing the CVE-2026-14257 mitigation",3.0
TanStack/db,grype,GHSA-rgw5-rvv9-x895,High,/examples/react/todo/pnpm-lock.yaml,,brace-expansion,1.1.11,1.1.18,npm,,"brace-expansion: DoS via unbounded intermediate arrays, bypassing the CVE-2026-14257 mitigation",3.0
TanStack/db,grype,GHSA-rgw5-rvv9-x895,High,/examples/react/todo/pnpm-lock.yaml,,brace-expansion,2.0.1,2.1.4,npm,,"brace-expansion: DoS via unbounded intermediate arrays, bypassing the CVE-2026-14257 mitigation",3.0
TanStack/db,grype,GHSA-rgw5-rvv9-x895,High,/examples/solid/todo/pnpm-lock.yaml,,brace-expansion,1.1.11,1.1.18,npm,,"brace-expansion: DoS via unbounded intermediate arrays, bypassing the CVE-2026-14257 mitigation",3.0
TanStack/db,grype,GHSA-rgw5-rvv9-x895,High,/examples/solid/todo/pnpm-lock.yaml,,brace-expansion,2.0.1,2.1.4,npm,,"brace-expansion: DoS via unbounded intermediate arrays, bypassing the CVE-2026-14257 mitigation",3.0
TanStack/db,grype,GHSA-rgw5-rvv9-x895,High,/pnpm-lock.yaml,,brace-expansion,1.1.14,1.1.18,npm,,"brace-expansion: DoS via unbounded intermediate arrays, bypassing the CVE-2026-14257 mitigation",3.0
TanStack/db,grype,GHSA-rpw4-54j3-4h4q,Medium,/pnpm-lock.yaml,,ip-address,10.0.1,10.5.1,npm,,"ip-address: Address6.isLinkLocal() recognizes fe80::/64 rather than fe80::/10, allowing SSRF and trust-boundary bypass to on-link hosts",2.0
TanStack/db,grype,GHSA-rv63-4mwf-qqc2,Medium,/pnpm-lock.yaml,,hono,4.11.9,4.12.25,npm,,hono: Body Limit Middleware can be bypassed on AWS Lambda by understating `Content-Length`,2.0
TanStack/db,grype,GHSA-rvm3-566m-v7fv,Critical,/pnpm-lock.yaml,,@capacitor/android,8.2.0,,npm,,Capacitor Android and iOS: remote content can be loaded at the app origin via the internal HTTP proxy path,4.0
TanStack/db,grype,GHSA-rvm3-566m-v7fv,Critical,/pnpm-lock.yaml,,@capacitor/ios,8.2.0,,npm,,Capacitor Android and iOS: remote content can be loaded at the app origin via the internal HTTP proxy path,4.0
TanStack/db,grype,GHSA-rx4f-c7p8-82vq,Medium,/examples/react/projects/pnpm-lock.yaml,,undici,7.12.0,7.29.1,npm,,undici vulnerable to Denial of Service via WebSocketStream unclean close,2.0
TanStack/db,grype,GHSA-rx4f-c7p8-82vq,Medium,/pnpm-lock.yaml,,undici,7.24.4,7.29.1,npm,,undici vulnerable to Denial of Service via WebSocketStream unclean close,2.0
TanStack/db,grype,GHSA-v245-v573-v5vm,High,/pnpm-lock.yaml,,linkify-it,5.0.0,5.0.2,npm,,linkify-it: Quadratic-complexity DoS via the `mailto:` validator scan-loop on attacker text,3.0
TanStack/db,grype,GHSA-v2hh-gcrm-f6hx,High,/pnpm-lock.yaml,,fast-uri,3.1.0,3.1.4,npm,,fast-uri vulnerable to host confusion via literal backslash authority delimiter,3.0
TanStack/db,grype,GHSA-v2v4-37r5-5v8g,Medium,/pnpm-lock.yaml,,ip-address,10.0.1,10.1.1,npm,,ip-address has XSS in Address6 HTML-emitting methods,2.0
TanStack/db,grype,GHSA-v39h-62p7-jpjc,High,/pnpm-lock.yaml,,fast-uri,3.1.0,3.1.2,npm,,fast-uri vulnerable to host confusion via percent-encoded authority delimiters,3.0
TanStack/db,grype,GHSA-v3r7-h72x-cjcm,Medium,/examples/react/projects/pnpm-lock.yaml,,undici,7.12.0,7.29.0,npm,,undici vulnerable to cookie attribute injection via unsanitized domain and unparsed setCookie fields,2.0
TanStack/db,grype,GHSA-v3r7-h72x-cjcm,Medium,/pnpm-lock.yaml,,undici,6.23.0,6.28.0,npm,,undici vulnerable to cookie attribute injection via unsanitized domain and unparsed setCookie fields,2.0
TanStack/db,grype,GHSA-v3r7-h72x-cjcm,Medium,/pnpm-lock.yaml,,undici,7.24.4,7.29.0,npm,,undici vulnerable to cookie attribute injection via unsanitized domain and unparsed setCookie fields,2.0
TanStack/db,grype,GHSA-v3rj-xjv7-4jmq,Medium,/pnpm-lock.yaml,,smol-toml,1.5.2,1.6.1,npm,,smol-toml: Denial of Service via TOML documents containing thousands of consecutive commented lines,2.0
TanStack/db,grype,GHSA-v422-hmwv-36x6,Low,/examples/react/todo/pnpm-lock.yaml,,body-parser,1.20.3,1.20.6,npm,,body-parser vulnerable to denial of service when invalid limit value silently disables size enforcement,1.0
TanStack/db,grype,GHSA-v422-hmwv-36x6,Low,/examples/solid/todo/pnpm-lock.yaml,,body-parser,1.20.3,1.20.6,npm,,body-parser vulnerable to denial of service when invalid limit value silently disables size enforcement,1.0
TanStack/db,grype,GHSA-v422-hmwv-36x6,Low,/pnpm-lock.yaml,,body-parser,2.2.2,2.3.0,npm,,body-parser vulnerable to denial of service when invalid limit value silently disables size enforcement,1.0
TanStack/db,grype,GHSA-v56q-mh7h-f735,High,/pnpm-lock.yaml,,immutable,5.1.3,5.1.8,npm,,Immutable.js `List` 32-bit trie overflow → unrecoverable DoS,3.0
TanStack/db,grype,GHSA-v5mp-jgw5-2x6j,High,/examples/react/projects/pnpm-lock.yaml,,toml,3.0.0,4.1.2,npm,,toml-node: Prototype Pollution Leads to `Object.prototype` Corruption via `__proto__` Key-Path Desynchronization,3.0
TanStack/db,grype,GHSA-v6h2-p8h4-qcjw,Low,/examples/react/todo/pnpm-lock.yaml,,brace-expansion,1.1.11,1.1.12,npm,,brace-expansion Regular Expression Denial of Service vulnerability,1.0
TanStack/db,grype,GHSA-v6h2-p8h4-qcjw,Low,/examples/react/todo/pnpm-lock.yaml,,brace-expansion,2.0.1,2.0.2,npm,,brace-expansion Regular Expression Denial of Service vulnerability,1.0
TanStack/db,grype,GHSA-v6h2-p8h4-qcjw,Low,/examples/solid/todo/pnpm-lock.yaml,,brace-expansion,1.1.11,1.1.12,npm,,brace-expansion Regular Expression Denial of Service vulnerability,1.0
TanStack/db,grype,GHSA-v6h2-p8h4-qcjw,Low,/examples/solid/todo/pnpm-lock.yaml,,brace-expansion,2.0.1,2.0.2,npm,,brace-expansion Regular Expression Denial of Service vulnerability,1.0
TanStack/db,grype,GHSA-v6wh-96g9-6wx3,Medium,/examples/react/projects/pnpm-lock.yaml,,vite,6.3.5,6.4.3,npm,,launch-editor: NTLMv2 hash disclosure via UNC path handling on Windows,2.0
TanStack/db,grype,GHSA-v6wh-96g9-6wx3,Medium,/examples/react/todo/pnpm-lock.yaml,,vite,6.1.1,6.4.3,npm,,launch-editor: NTLMv2 hash disclosure via UNC path handling on Windows,2.0
TanStack/db,grype,GHSA-v6wh-96g9-6wx3,Medium,/examples/solid/todo/pnpm-lock.yaml,,vite,6.1.1,6.4.3,npm,,launch-editor: NTLMv2 hash disclosure via UNC path handling on Windows,2.0
TanStack/db,grype,GHSA-v8w9-8mx6-g223,Medium,/pnpm-lock.yaml,,hono,4.11.9,4.12.7,npm,,Hono vulnerable to Prototype Pollution possible through __proto__ key allowed in parseBody({ dot: true }),2.0
TanStack/db,grype,GHSA-v9p9-hfj2-hcw8,High,/examples/react/projects/pnpm-lock.yaml,,undici,7.12.0,7.24.0,npm,,Undici has Unhandled Exception in WebSocket Client Due to Invalid server_max_window_bits Validation,3.0
TanStack/db,grype,GHSA-v9p9-hfj2-hcw8,High,/pnpm-lock.yaml,,undici,6.23.0,6.24.0,npm,,Undici has Unhandled Exception in WebSocket Client Due to Invalid server_max_window_bits Validation,3.0
TanStack/db,grype,GHSA-vc2v-76pw-4v95,High,/pnpm-lock.yaml,,compression,1.8.1,1.8.2,npm,,compression vulnerable to Denial of Service via memory leak on premature response close,3.0
TanStack/db,grype,GHSA-vcc3-ghjq-m6fr,Medium,/pnpm-lock.yaml,,decode-uri-component,0.2.2,0.5.0,npm,,decode-uri-component: Denial of service via exponential decoding of malformed percent-encoded input,2.0
TanStack/db,grype,GHSA-vf2m-468p-8v99,Medium,/pnpm-lock.yaml,,axios,1.13.6,1.15.1,npm,,Axios: HTTP adapter streamed responses bypass maxContentLength,2.0
TanStack/db,grype,GHSA-vfj7-8cjw-p6xm,High,/examples/react/projects/pnpm-lock.yaml,,braces,3.0.3,,npm,,braces vulnerable to stack-exhaustion denial of service through deeply nested patterns,3.0
TanStack/db,grype,GHSA-vfj7-8cjw-p6xm,High,/examples/react/todo/pnpm-lock.yaml,,braces,3.0.3,,npm,,braces vulnerable to stack-exhaustion denial of service through deeply nested patterns,3.0
TanStack/db,grype,GHSA-vfj7-8cjw-p6xm,High,/examples/solid/todo/pnpm-lock.yaml,,braces,3.0.3,,npm,,braces vulnerable to stack-exhaustion denial of service through deeply nested patterns,3.0
TanStack/db,grype,GHSA-vfj7-8cjw-p6xm,High,/pnpm-lock.yaml,,braces,3.0.3,,npm,,braces vulnerable to stack-exhaustion denial of service through deeply nested patterns,3.0
TanStack/db,grype,GHSA-vh66-26gq-q6x8,Medium,/pnpm-lock.yaml,,axios,1.13.6,1.20.0,npm,,Axios: Prototype pollution gadget in fetch adapter can alter outbound requests,2.0
TanStack/db,grype,GHSA-vmf3-w455-68vh,Medium,/examples/react/projects/pnpm-lock.yaml,,tar,7.4.3,7.5.16,npm,,"node-tar applies PAX size override to intermediary GNU long-name/long-link headers, causing tar parser interpretation differential (file smuggling)",2.0
TanStack/db,grype,GHSA-vmf3-w455-68vh,Medium,/pnpm-lock.yaml,,tar,7.5.7,7.5.16,npm,,"node-tar applies PAX size override to intermediary GNU long-name/long-link headers, causing tar parser interpretation differential (file smuggling)",2.0
TanStack/db,grype,GHSA-vmh5-mc38-953g,High,/pnpm-lock.yaml,,undici,7.24.4,7.28.0,npm,,undici vulnerable to TLS certificate validation bypass via dropped requestTls in SOCKS5 ProxyAgent,3.0
TanStack/db,grype,GHSA-vrm6-8vpv-qv8q,High,/examples/react/projects/pnpm-lock.yaml,,undici,7.12.0,7.24.0,npm,,Undici has Unbounded Memory Consumption in WebSocket permessage-deflate Decompression,3.0
TanStack/db,grype,GHSA-vrm6-8vpv-qv8q,High,/pnpm-lock.yaml,,undici,6.23.0,6.24.0,npm,,Undici has Unbounded Memory Consumption in WebSocket permessage-deflate Decompression,3.0
TanStack/db,grype,GHSA-vxpw-j846-p89q,High,/examples/react/projects/pnpm-lock.yaml,,undici,7.12.0,7.28.0,npm,,undici WebSocket client vulnerable to denial of service via fragment count bypass,3.0
TanStack/db,grype,GHSA-vxpw-j846-p89q,High,/pnpm-lock.yaml,,undici,6.23.0,6.27.0,npm,,undici WebSocket client vulnerable to denial of service via fragment count bypass,3.0
TanStack/db,grype,GHSA-vxpw-j846-p89q,High,/pnpm-lock.yaml,,undici,7.24.4,7.28.0,npm,,undici WebSocket client vulnerable to denial of service via fragment count bypass,3.0
TanStack/db,grype,GHSA-w293-vg96-wgc3,High,/pnpm-lock.yaml,,undici,7.24.4,7.29.1,npm,,undici vulnerable to TLS certificate validation bypass via dropped connect options in BalancedPool,3.0
TanStack/db,grype,GHSA-w2rr-34g9-rvrj,High,/pnpm-lock.yaml,,@xmldom/xmldom,0.8.11,0.8.14,npm,,xmldom: Element name injection via createElement() bypasses requireWellFormed,3.0
TanStack/db,grype,GHSA-w3rx-r6r6-pgpr,High,/examples/react/projects/pnpm-lock.yaml,,image-size,2.0.2,2.0.3,npm,,image-size: ICNS parser allows denial of service through an infinite loop,3.0
TanStack/db,grype,GHSA-w3rx-r6r6-pgpr,High,/pnpm-lock.yaml,,image-size,1.2.1,2.0.3,npm,,image-size: ICNS parser allows denial of service through an infinite loop,3.0
TanStack/db,grype,GHSA-w5hq-g745-h8pq,Medium,/examples/react/projects/pnpm-lock.yaml,,uuid,11.1.0,11.1.1,npm,,uuid: Missing buffer bounds check in v3/v5/v6 when buf is provided,2.0
TanStack/db,grype,GHSA-w5hq-g745-h8pq,Medium,/pnpm-lock.yaml,,uuid,13.0.0,13.0.1,npm,,uuid: Missing buffer bounds check in v3/v5/v6 when buf is provided,2.0
TanStack/db,grype,GHSA-w5hq-g745-h8pq,Medium,/pnpm-lock.yaml,,uuid,7.0.3,11.1.1,npm,,uuid: Missing buffer bounds check in v3/v5/v6 when buf is provided,2.0
TanStack/db,grype,GHSA-w5vr-8v7q-w6rv,Medium,/pnpm-lock.yaml,,baseline-browser-mapping,2.9.19,2.11.0,npm,,baseline-browser-mapping process termination on invalid input causes denial of service,2.0
TanStack/db,grype,GHSA-w62v-xxxg-mg59,Medium,/pnpm-lock.yaml,,hono,4.11.9,4.12.27,npm,,Hono: Server-Side XSS via JSX Escaping Bypass in cx() Utility,2.0
TanStack/db,grype,GHSA-w7fw-mjwx-w883,Low,/examples/react/projects/pnpm-lock.yaml,,qs,6.14.0,6.14.2,npm,,qs's arrayLimit bypass in comma parsing allows denial of service,1.0
TanStack/db,grype,GHSA-w7fw-mjwx-w883,Low,/examples/react/todo/pnpm-lock.yaml,,qs,6.13.0,6.14.2,npm,,qs's arrayLimit bypass in comma parsing allows denial of service,1.0
TanStack/db,grype,GHSA-w7fw-mjwx-w883,Low,/examples/solid/todo/pnpm-lock.yaml,,qs,6.13.0,6.14.2,npm,,qs's arrayLimit bypass in comma parsing allows denial of service,1.0
TanStack/db,grype,GHSA-w7fw-mjwx-w883,Low,/pnpm-lock.yaml,,qs,6.14.1,6.14.2,npm,,qs's arrayLimit bypass in comma parsing allows denial of service,1.0
TanStack/db,grype,GHSA-w7jw-789q-3m8p,Critical,/examples/react/projects/pnpm-lock.yaml,,shell-quote,1.8.3,1.8.4,npm,,shell-quote quote() does not escape newlines in object .op values,4.0
TanStack/db,grype,GHSA-w7jw-789q-3m8p,Critical,/examples/react/todo/pnpm-lock.yaml,,shell-quote,1.8.2,1.8.4,npm,,shell-quote quote() does not escape newlines in object .op values,4.0
TanStack/db,grype,GHSA-w7jw-789q-3m8p,Critical,/examples/solid/todo/pnpm-lock.yaml,,shell-quote,1.8.2,1.8.4,npm,,shell-quote quote() does not escape newlines in object .op values,4.0
TanStack/db,grype,GHSA-w7jw-789q-3m8p,Critical,/pnpm-lock.yaml,,shell-quote,1.8.3,1.8.4,npm,,shell-quote quote() does not escape newlines in object .op values,4.0
TanStack/db,grype,GHSA-w8wr-v893-vjvp,Medium,/examples/react/projects/pnpm-lock.yaml,,tar,7.4.3,7.5.18,npm,,node-tar: Process crash via PAX numeric path type confusion,2.0
TanStack/db,grype,GHSA-w8wr-v893-vjvp,Medium,/pnpm-lock.yaml,,tar,7.5.7,7.5.18,npm,,node-tar: Process crash via PAX numeric path type confusion,2.0
TanStack/db,grype,GHSA-w9j2-pvgh-6h63,Medium,/pnpm-lock.yaml,,axios,1.13.6,1.15.1,npm,,Axios: Authentication Bypass via Prototype Pollution Gadget in `validateStatus` Merge Strategy,2.0
TanStack/db,grype,GHSA-wc8c-qw6v-h7f6,High,/pnpm-lock.yaml,,@hono/node-server,1.19.9,1.19.10,npm,,@hono/node-server has authorization bypass for protected static paths via encoded slashes in Serve Static Middleware,3.0
TanStack/db,grype,GHSA-wf6x-7x77-mvgw,High,/pnpm-lock.yaml,,immutable,5.1.3,5.1.5,npm,,Immutable is vulnerable to Prototype Pollution,3.0
TanStack/db,grype,GHSA-wgpf-jwqj-8h8p,Medium,/pnpm-lock.yaml,,hono,4.11.9,4.12.25,npm,,"hono: Lambda@Edge adapter keeps only the last value of a repeated request header, dropping the rest",2.0
TanStack/db,grype,GHSA-wh4c-j3r5-mjhp,High,/pnpm-lock.yaml,,@xmldom/xmldom,0.8.11,0.8.12,npm,,xmldom: XML injection via unsafe CDATA serialization allows attacker-controlled markup insertion,3.0
TanStack/db,grype,GHSA-wmmm-f939-6g9c,Medium,/pnpm-lock.yaml,,hono,4.11.9,4.12.12,npm,,Hono: Middleware bypass via repeated slashes in serveStatic,2.0
TanStack/db,grype,GHSA-wmrf-hv6w-mr66,High,/examples/react/projects/pnpm-lock.yaml,,kysely,0.28.3,0.28.12,npm,,SQL Injection via unsanitized JSON path keys when ignoring/silencing compilation errors or using `Kysely<any>`.,3.0
TanStack/db,grype,GHSA-wmrf-hv6w-mr66,High,/examples/react/todo/pnpm-lock.yaml,,kysely,0.27.5,0.28.12,npm,,SQL Injection via unsanitized JSON path keys when ignoring/silencing compilation errors or using `Kysely<any>`.,3.0
TanStack/db,grype,GHSA-wmrf-hv6w-mr66,High,/examples/solid/todo/pnpm-lock.yaml,,kysely,0.27.5,0.28.12,npm,,SQL Injection via unsanitized JSON path keys when ignoring/silencing compilation errors or using `Kysely<any>`.,3.0
TanStack/db,grype,GHSA-wq5f-xc86-pv6w,High,/pnpm-lock.yaml,,sharp,0.34.5,0.35.5,npm,,sharp : Vulnerability in librsvg dependency CVE-2026-96889,3.0
TanStack/db,grype,GHSA-wr44-6hxh-3jwq,Medium,/pnpm-lock.yaml,,joi,18.0.2,18.2.9,npm,,joi messages compilation allows prototype replacement through __proto__ error codes,2.0
TanStack/db,grype,GHSA-wr4h-v87w-p3r7,Medium,/examples/react/projects/pnpm-lock.yaml,,h3,1.13.0,1.15.6,npm,,h3 has a Path Traversal via Percent-Encoded Dot Segments in serveStatic Allows Arbitrary File Read,2.0
TanStack/db,grype,GHSA-wr4h-v87w-p3r7,Medium,/examples/react/projects/pnpm-lock.yaml,,h3,1.15.3,1.15.6,npm,,h3 has a Path Traversal via Percent-Encoded Dot Segments in serveStatic Allows Arbitrary File Read,2.0
TanStack/db,grype,GHSA-wwfh-h76j-fc44,Medium,/pnpm-lock.yaml,,hono,4.11.9,4.12.25,npm,,hono: Path traversal in `serve-static` on Windows via encoded backslash (`%5C`),2.0
TanStack/db,grype,GHSA-wxw3-q3m9-c3jr,Medium,/examples/react/projects/pnpm-lock.yaml,,better-auth,1.3.4,1.6.2,npm,,Better Auth: OAuth callback accepts mismatched `state` when cookie-backed state storage is used without PKCE,2.0
TanStack/db,grype,GHSA-x4fp-j954-r2f4,High,/pnpm-lock.yaml,,@xmldom/xmldom,0.8.11,0.8.15,npm,,xmldom: End-tag Whitespace-Trim Regex ReDoS — quadratic backtracking in the 0.8.x end-tag parser,3.0
TanStack/db,grype,GHSA-x574-m823-4x7w,Medium,/examples/react/todo/pnpm-lock.yaml,,vite,6.1.1,6.1.2,npm,,Vite bypasses server.fs.deny when using ?raw??,2.0
TanStack/db,grype,GHSA-x574-m823-4x7w,Medium,/examples/solid/todo/pnpm-lock.yaml,,vite,6.1.1,6.1.2,npm,,Vite bypasses server.fs.deny when using ?raw??,2.0
TanStack/db,grype,GHSA-x6jw-m9v5-85vh,Critical,/pnpm-lock.yaml,,simple-git,3.30.0,4.0.1,npm,,simple-git unsafe-operation guard does not block trailer command configuration,4.0
TanStack/db,grype,GHSA-x6wf-f3px-wcqx,High,/pnpm-lock.yaml,,@xmldom/xmldom,0.8.11,0.8.13,npm,,xmldom has XML node injection through unvalidated processing instruction serialization,3.0
TanStack/db,grype,GHSA-x732-6j76-qmhm,High,/examples/react/projects/pnpm-lock.yaml,,better-auth,1.3.4,1.4.5,npm,,Better Auth's rou3 Dependency has Double-Slash Path Normalization which can Bypass disabledPaths Config and Rate Limits,3.0
TanStack/db,grype,GHSA-x8mw-p69m-v3mx,High,/examples/react/projects/pnpm-lock.yaml,,@fastify/busboy,3.1.1,3.2.1,npm,,@fastify/busboy vulnerable to Denial of Service via prototype-named multipart part header,3.0
TanStack/db,grype,GHSA-xcj6-pq6g-qj4x,Medium,/examples/react/todo/pnpm-lock.yaml,,vite,6.1.1,6.1.4,npm,,Vite allows server.fs.deny to be bypassed with .svg or relative paths,2.0
TanStack/db,grype,GHSA-xcj6-pq6g-qj4x,Medium,/examples/solid/todo/pnpm-lock.yaml,,vite,6.1.1,6.1.4,npm,,Vite allows server.fs.deny to be bypassed with .svg or relative paths,2.0
TanStack/db,grype,GHSA-xf4j-xp2r-rqqx,Medium,/pnpm-lock.yaml,,hono,4.11.9,4.12.12,npm,,Hono: Path traversal in toSSG() allows writing files outside the output directory,2.0
TanStack/db,grype,GHSA-xffm-g5w8-qvg7,Low,/examples/react/todo/pnpm-lock.yaml,,@eslint/plugin-kit,0.2.7,0.3.4,npm,,@eslint/plugin-kit is vulnerable to Regular Expression Denial of Service attacks through ConfigCommentParser,1.0
TanStack/db,grype,GHSA-xffm-g5w8-qvg7,Low,/examples/solid/todo/pnpm-lock.yaml,,@eslint/plugin-kit,0.2.7,0.3.4,npm,,@eslint/plugin-kit is vulnerable to Regular Expression Denial of Service attacks through ConfigCommentParser,1.0
TanStack/db,grype,GHSA-xg6x-h9c9-2m83,Critical,/examples/react/projects/pnpm-lock.yaml,,better-auth,1.3.4,1.4.9,npm,,Better Auth Has Two-Factor Authentication Bypass via Premature Session Caching (session.cookieCache),4.0
TanStack/db,grype,GHSA-xgjw-pm74-86q4,Medium,/pnpm-lock.yaml,,@sigstore/verify,3.1.0,3.1.1,npm,,sigstore-js has Insufficient Verification of Data Authenticity,2.0
TanStack/db,grype,GHSA-xgm2-5f3f-mvvc,Medium,/pnpm-lock.yaml,,hono,4.11.9,4.12.27,npm,,Hono: API Gateway v1 adapter can drop a distinct repeated request header value during de-duplication,2.0
TanStack/db,grype,GHSA-xhjh-pmcv-23jw,Low,/pnpm-lock.yaml,,axios,1.13.6,1.15.1,npm,,Axios: Null Byte Injection via Reverse-Encoding in AxiosURLSearchParams,1.0
TanStack/db,grype,GHSA-xjh9-v7x6-24jw,High,/examples/react/projects/pnpm-lock.yaml,,@fastify/busboy,3.1.1,3.2.1,npm,,@fastify/busboy vulnerable to Denial of Service via oversized multipart boundary,3.0
TanStack/db,grype,GHSA-xpcf-pg52-r92g,Medium,/pnpm-lock.yaml,,hono,4.11.9,4.12.12,npm,,Hono has incorrect IP matching in ipRestriction() for IPv4-mapped IPv6 addresses,2.0
TanStack/db,grype,GHSA-xrhx-7g5j-rcj5,Medium,/pnpm-lock.yaml,,hono,4.11.9,4.12.21,npm,,Hono: IP Restriction bypasses static deny rules for non-canonical IPv6,2.0
TanStack/db,grype,GHSA-xvcm-6775-5m9r,High,/pnpm-lock.yaml,,immutable,5.1.3,5.1.8,npm,,Immutable: Hash-collision algorithmic complexity denial of service in Immutable.Map/Set,3.0
TanStack/db,grype,GHSA-xwg4-73v4-xw9w,High,/examples/react/projects/pnpm-lock.yaml,,nanoid,3.3.11,3.3.12,npm,,nanoid: Integer Overflow or Wraparound,3.0
TanStack/db,grype,GHSA-xwg4-73v4-xw9w,High,/examples/react/todo/pnpm-lock.yaml,,nanoid,3.3.8,3.3.12,npm,,nanoid: Integer Overflow or Wraparound,3.0
TanStack/db,grype,GHSA-xwg4-73v4-xw9w,High,/examples/solid/todo/pnpm-lock.yaml,,nanoid,3.3.8,3.3.12,npm,,nanoid: Integer Overflow or Wraparound,3.0
TanStack/db,grype,GHSA-xx6v-rp6x-q39c,Medium,/pnpm-lock.yaml,,axios,1.13.6,1.15.1,npm,,Axios: XSRF Token Cross-Origin Leakage via Prototype Pollution Gadget in `withXSRFToken` Boolean Coercion,2.0
TanStack/db,grype,GHSA-xxjr-mmjv-4gpg,Medium,/examples/react/projects/pnpm-lock.yaml,,lodash,4.17.21,4.17.23,npm,,Lodash has Prototype Pollution Vulnerability in `_.unset` and `_.omit` functions,2.0
TanStack/db,grype,GHSA-xxjr-mmjv-4gpg,Medium,/examples/react/projects/pnpm-lock.yaml,,lodash-es,4.17.21,4.17.23,npm,,Lodash has Prototype Pollution Vulnerability in `_.unset` and `_.omit` functions,2.0
TanStack/db,grype,GHSA-xxjr-mmjv-4gpg,Medium,/examples/react/todo/pnpm-lock.yaml,,lodash,4.17.21,4.17.23,npm,,Lodash has Prototype Pollution Vulnerability in `_.unset` and `_.omit` functions,2.0
TanStack/db,grype,GHSA-xxjr-mmjv-4gpg,Medium,/examples/solid/todo/pnpm-lock.yaml,,lodash,4.17.21,4.17.23,npm,,Lodash has Prototype Pollution Vulnerability in `_.unset` and `_.omit` functions,2.0
TanStack/db,grype,GHSA-xxjr-mmjv-4gpg,Medium,/pnpm-lock.yaml,,lodash,4.17.21,4.17.23,npm,,Lodash has Prototype Pollution Vulnerability in `_.unset` and `_.omit` functions,2.0
TanStack/devtools,grype,GHSA-22cc-p3c6-wpvm,High,/examples/solid/start/pnpm-lock.yaml,,h3,1.15.3,1.15.6,npm,,h3 has a Server-Sent Events Injection via Unsanitized Newlines in Event Stream Fields,3.0
TanStack/devtools,grype,GHSA-22cc-p3c6-wpvm,High,/pnpm-lock.yaml,,h3,1.15.3,1.15.6,npm,,h3 has a Server-Sent Events Injection via Unsanitized Newlines in Event Stream Fields,3.0
TanStack/devtools,grype,GHSA-22p9-wv53-3rq4,High,/pnpm-lock.yaml,,linkify-it,5.0.0,5.0.1,npm,,LinkifyIt#match scan loop has quadratic algorithmic complexity,3.0
TanStack/devtools,grype,GHSA-2328-f5f3-gj25,High,/examples/solid/start/pnpm-lock.yaml,,node-forge,1.3.1,1.4.0,npm,,Forge has a basicConstraints bypass in its certificate chain verification (RFC 5280 violation),3.0
TanStack/devtools,grype,GHSA-238p-pmpm-9mq7,Low,/pnpm-lock.yaml,,katex,0.16.44,0.18.2,npm,,KaTeX: Existing prototype pollution can bypass trust restrictions,1.0
TanStack/devtools,grype,GHSA-23c5-xmqv-rm74,High,/examples/solid/start/pnpm-lock.yaml,,minimatch,5.1.6,5.1.8,npm,,minimatch ReDoS: nested *() extglobs generate catastrophically backtracking regular expressions,3.0
TanStack/devtools,grype,GHSA-23c5-xmqv-rm74,High,/examples/solid/start/pnpm-lock.yaml,,minimatch,9.0.5,9.0.7,npm,,minimatch ReDoS: nested *() extglobs generate catastrophically backtracking regular expressions,3.0
TanStack/devtools,grype,GHSA-23c5-xmqv-rm74,High,/pnpm-lock.yaml,,minimatch,3.0.8,3.1.4,npm,,minimatch ReDoS: nested *() extglobs generate catastrophically backtracking regular expressions,3.0
TanStack/devtools,grype,GHSA-23c5-xmqv-rm74,High,/pnpm-lock.yaml,,minimatch,9.0.3,9.0.7,npm,,minimatch ReDoS: nested *() extglobs generate catastrophically backtracking regular expressions,3.0
TanStack/devtools,grype,GHSA-23hp-3jrh-7fpw,Critical,/examples/solid/start/pnpm-lock.yaml,,tar,7.4.3,7.5.19,npm,,node-tar: Decompression/parse DoS via unlimited input,4.0
TanStack/devtools,grype,GHSA-23hp-3jrh-7fpw,Critical,/pnpm-lock.yaml,,tar,7.5.13,7.5.19,npm,,node-tar: Decompression/parse DoS via unlimited input,4.0
TanStack/devtools,grype,GHSA-253c-mchw-3w2r,Medium,/pnpm-lock.yaml,,markdown-it,14.1.1,14.3.1,npm,,"markdown-it linkify: true has two quadratic paths, so a few hundred KB of markdown blocks the event loop for tens of seconds",2.0
TanStack/devtools,grype,GHSA-2883-xcg3-v3hh,High,/pnpm-lock.yaml,,js-yaml,3.14.2,3.15.2,npm,,js-yaml: maxTotalMergeKeys does not limit CPU use for empty merge sources,3.0
TanStack/devtools,grype,GHSA-2883-xcg3-v3hh,High,/pnpm-lock.yaml,,js-yaml,4.1.1,4.3.2,npm,,js-yaml: maxTotalMergeKeys does not limit CPU use for empty merge sources,3.0
TanStack/devtools,grype,GHSA-28wg-ghj8-5hjv,High,/examples/react/a11y-devtools/pnpm-lock.yaml,,nanoid,3.3.11,3.3.16,npm,,nanoid: non-secure generators can loop indefinitely with negative size,3.0
TanStack/devtools,grype,GHSA-28wg-ghj8-5hjv,High,/examples/solid/start/pnpm-lock.yaml,,nanoid,3.3.11,3.3.16,npm,,nanoid: non-secure generators can loop indefinitely with negative size,3.0
TanStack/devtools,grype,GHSA-28wg-ghj8-5hjv,High,/pnpm-lock.yaml,,nanoid,3.3.11,3.3.16,npm,,nanoid: non-secure generators can loop indefinitely with negative size,3.0
TanStack/devtools,grype,GHSA-28wg-ghj8-5hjv,High,/pnpm-lock.yaml,,nanoid,5.1.7,5.1.16,npm,,nanoid: non-secure generators can loop indefinitely with negative size,3.0
TanStack/devtools,grype,GHSA-2g4f-4pwh-qvx6,Medium,/pnpm-lock.yaml,,ajv,8.12.0,8.18.0,npm,,ajv has ReDoS when using `$data` option,2.0
TanStack/devtools,grype,GHSA-2g4f-4pwh-qvx6,Medium,/pnpm-lock.yaml,,ajv,8.13.0,8.18.0,npm,,ajv has ReDoS when using `$data` option,2.0
TanStack/devtools,grype,GHSA-2gcr-mfcq-wcc3,Medium,/pnpm-lock.yaml,,hono,4.12.12,4.12.21,npm,,"Hono: app.mount() strips mount prefix using undecoded path, causing incorrect routing for percent-encoded paths",2.0
TanStack/devtools,grype,GHSA-2gqq-gqf2-x968,Low,/pnpm-lock.yaml,,undici,7.24.4,7.29.1,npm,,undici vulnerable to response truncation via oversized chunked responses in the dump interceptor,1.0
TanStack/devtools,grype,GHSA-2gqq-gqf2-x968,Low,/pnpm-lock.yaml,,undici,7.24.8,7.29.1,npm,,undici vulnerable to response truncation via oversized chunked responses in the dump interceptor,1.0
TanStack/devtools,grype,GHSA-2jfj-6hjv-fm6j,Medium,/pnpm-lock.yaml,,undici,7.24.4,7.29.1,npm,,undici vulnerable to cross-user cookie disclosure via Set-Cookie caching in shared caches,2.0
TanStack/devtools,grype,GHSA-2jfj-6hjv-fm6j,Medium,/pnpm-lock.yaml,,undici,7.24.8,7.29.1,npm,,undici vulnerable to cross-user cookie disclosure via Set-Cookie caching in shared caches,2.0
TanStack/devtools,grype,GHSA-2v37-7h3g-55p8,High,/examples/react/a11y-devtools/pnpm-lock.yaml,,nanoid,3.3.11,3.3.18,npm,,nanoid: custom generators can loop indefinitely when size is zero,3.0
TanStack/devtools,grype,GHSA-2v37-7h3g-55p8,High,/examples/solid/start/pnpm-lock.yaml,,nanoid,3.3.11,3.3.18,npm,,nanoid: custom generators can loop indefinitely when size is zero,3.0
TanStack/devtools,grype,GHSA-2v37-7h3g-55p8,High,/pnpm-lock.yaml,,nanoid,3.3.11,3.3.18,npm,,nanoid: custom generators can loop indefinitely when size is zero,3.0
TanStack/devtools,grype,GHSA-2v8p-3f2j-5mp7,Medium,/pnpm-lock.yaml,,mermaid,11.13.0,11.16.1,npm,,Mermaid XY Charts are vulnerable to an infinite loop DoS,2.0
TanStack/devtools,grype,GHSA-34x7-hfp2-rc4v,High,/examples/solid/start/pnpm-lock.yaml,,tar,7.4.3,7.5.7,npm,,node-tar Vulnerable to Arbitrary File Creation/Overwrite via Hardlink Path Traversal,3.0
TanStack/devtools,grype,GHSA-35jp-ww65-95wh,High,/pnpm-lock.yaml,,axios,1.15.0,1.16.0,npm,,axios Vulnerable to Full Man-in-the-Middle via Prototype Pollution Gadget in `config.proxy`,3.0
TanStack/devtools,grype,GHSA-35p6-xmwp-9g52,Low,/pnpm-lock.yaml,,undici,7.24.4,7.28.0,npm,,undici vulnerable to HTTP response queue poisoning via keep-alive socket reuse,1.0
TanStack/devtools,grype,GHSA-35p6-xmwp-9g52,Low,/pnpm-lock.yaml,,undici,7.24.8,7.28.0,npm,,undici vulnerable to HTTP response queue poisoning via keep-alive socket reuse,1.0
TanStack/devtools,grype,GHSA-395f-4hp3-45gv,High,/pnpm-lock.yaml,,shell-quote,1.8.3,1.9.0,npm,,shell-quote: Quadratic-complexity Denial of Service in `parse()` (CWE-407),3.0
TanStack/devtools,grype,GHSA-39pv-4j6c-2g6v,High,/pnpm-lock.yaml,,@angular/common,21.2.12,21.2.17,npm,,@angular/common: Weak 32-Bit Cache Key Hashing in `HttpTransferCache` Leading to Cross-Request Data Leakage and State Poisoning,3.0
TanStack/devtools,grype,GHSA-39q2-94rc-95cp,Medium,/pnpm-lock.yaml,,dompurify,3.3.3,3.4.0,npm,,DOMPurify's ADD_TAGS function form bypasses FORBID_TAGS due to short-circuit evaluation,2.0
TanStack/devtools,grype,GHSA-3g43-6gmg-66jw,High,/pnpm-lock.yaml,,axios,1.15.0,1.15.2,npm,,axios Vulnerable to Credential Theft and Response Hijacking via Prototype Pollution Gadget in Config Merge,3.0
TanStack/devtools,grype,GHSA-3hrh-pfw6-9m5x,Medium,/pnpm-lock.yaml,,hono,4.12.12,4.12.21,npm,,"Hono: Cookie helper does not sanitize sameSite and priority, allowing Set-Cookie injection",2.0
TanStack/devtools,grype,GHSA-3j22-8qj3-26mx,High,/examples/react/a11y-devtools/pnpm-lock.yaml,,seroval,1.3.2,1.4.1,npm,,Seroval affected by Denial of Service via Deeply Nested Objects,3.0
TanStack/devtools,grype,GHSA-3j22-8qj3-26mx,High,/examples/solid/start/pnpm-lock.yaml,,seroval,1.3.2,1.4.1,npm,,Seroval affected by Denial of Service via Deeply Nested Objects,3.0
TanStack/devtools,grype,GHSA-3jxr-9vmj-r5cp,High,/examples/solid/start/pnpm-lock.yaml,,brace-expansion,2.0.2,2.1.2,npm,,brace-expansion: DoS via exponential-time expansion of consecutive non-expanding {} groups,3.0
TanStack/devtools,grype,GHSA-3jxr-9vmj-r5cp,High,/pnpm-lock.yaml,,brace-expansion,1.1.13,1.1.16,npm,,brace-expansion: DoS via exponential-time expansion of consecutive non-expanding {} groups,3.0
TanStack/devtools,grype,GHSA-3jxr-9vmj-r5cp,High,/pnpm-lock.yaml,,brace-expansion,2.0.3,2.1.2,npm,,brace-expansion: DoS via exponential-time expansion of consecutive non-expanding {} groups,3.0
TanStack/devtools,grype,GHSA-3jxr-9vmj-r5cp,High,/pnpm-lock.yaml,,brace-expansion,5.0.5,5.0.7,npm,,brace-expansion: DoS via exponential-time expansion of consecutive non-expanding {} groups,3.0
TanStack/devtools,grype,GHSA-3ppc-4f35-3m26,High,/examples/solid/start/pnpm-lock.yaml,,minimatch,5.1.6,5.1.7,npm,,minimatch has a ReDoS via repeated wildcards with non-matching literal in pattern,3.0
TanStack/devtools,grype,GHSA-3ppc-4f35-3m26,High,/examples/solid/start/pnpm-lock.yaml,,minimatch,9.0.5,9.0.6,npm,,minimatch has a ReDoS via repeated wildcards with non-matching literal in pattern,3.0
TanStack/devtools,grype,GHSA-3ppc-4f35-3m26,High,/pnpm-lock.yaml,,minimatch,3.0.8,3.1.3,npm,,minimatch has a ReDoS via repeated wildcards with non-matching literal in pattern,3.0
TanStack/devtools,grype,GHSA-3ppc-4f35-3m26,High,/pnpm-lock.yaml,,minimatch,9.0.3,9.0.6,npm,,minimatch has a ReDoS via repeated wildcards with non-matching literal in pattern,3.0
TanStack/devtools,grype,GHSA-3pq3-5fj3-cg6v,High,/pnpm-lock.yaml,,axios,1.15.0,1.20.0,npm,,Axios: HTTP/2 adapter bypasses configured DNS lookup and proxy controls,3.0
TanStack/devtools,grype,GHSA-3rrr-jr9j-h3q3,Medium,/pnpm-lock.yaml,,mermaid,11.13.0,11.16.1,npm,,Mermaid Architecture diagrams are vulnerable to prototype pollution,2.0
TanStack/devtools,grype,GHSA-3rxj-6cgf-8cfw,High,/examples/react/a11y-devtools/pnpm-lock.yaml,,seroval,1.3.2,1.4.1,npm,,seroval Affected by Remote Code Execution via JSON Deserialization,3.0
TanStack/devtools,grype,GHSA-3rxj-6cgf-8cfw,High,/examples/solid/start/pnpm-lock.yaml,,seroval,1.3.2,1.4.1,npm,,seroval Affected by Remote Code Execution via JSON Deserialization,3.0
TanStack/devtools,grype,GHSA-3v7f-55p6-f55p,Medium,/examples/react/a11y-devtools/pnpm-lock.yaml,,picomatch,4.0.3,4.0.4,npm,,Picomatch: Method Injection in POSIX Character Classes causes incorrect Glob Matching,2.0
TanStack/devtools,grype,GHSA-3v7f-55p6-f55p,Medium,/examples/solid/start/pnpm-lock.yaml,,picomatch,2.3.1,2.3.2,npm,,Picomatch: Method Injection in POSIX Character Classes causes incorrect Glob Matching,2.0
TanStack/devtools,grype,GHSA-3v7f-55p6-f55p,Medium,/examples/solid/start/pnpm-lock.yaml,,picomatch,4.0.3,4.0.4,npm,,Picomatch: Method Injection in POSIX Character Classes causes incorrect Glob Matching,2.0
TanStack/devtools,grype,GHSA-3w6x-2g7m-8v23,Medium,/pnpm-lock.yaml,,axios,1.15.0,1.15.2,npm,,Axios: Invisible JSON Response Tampering via Prototype Pollution Gadget in `parseReviver`,2.0
TanStack/devtools,grype,GHSA-3xpg-4rpp-hhhm,Medium,/pnpm-lock.yaml,,undici,7.24.4,7.29.1,npm,,undici vulnerable to Denial of Service via unbounded decompression of compressed responses,2.0
TanStack/devtools,grype,GHSA-3xpg-4rpp-hhhm,Medium,/pnpm-lock.yaml,,undici,7.24.8,7.29.1,npm,,undici vulnerable to Denial of Service via unbounded decompression of compressed responses,2.0
TanStack/devtools,grype,GHSA-42h9-826w-cgv3,Medium,/pnpm-lock.yaml,,axios,1.15.0,1.18.0,npm,,Axios: Excessive recursion in formDataToJSON can cause denial of service,2.0
TanStack/devtools,grype,GHSA-445q-vr5w-6q77,Medium,/pnpm-lock.yaml,,axios,1.15.0,1.15.1,npm,,Axios: CRLF Injection in multipart/form-data body via unsanitized blob.type in formDataToStream,2.0
TanStack/devtools,grype,GHSA-44g4-m2mj-wpvx,Medium,/pnpm-lock.yaml,,axios,1.15.0,1.20.0,npm,,"Axios: CIDR-form NO_PROXY entries are ignored, causing proxy exclusion bypass for internal IP ranges",2.0
TanStack/devtools,grype,GHSA-458j-xx4x-4375,Medium,/pnpm-lock.yaml,,hono,4.12.12,4.12.14,npm,,hono Improperly Handles JSX Attribute Names Allows HTML Injection in hono/jsx SSR,2.0
TanStack/devtools,grype,GHSA-48r7-hpm6-gfxm,High,/pnpm-lock.yaml,,@angular/common,21.2.12,21.2.17,npm,,@angular/common: Denial of Service (DoS) via OOM in Date Formatting (formatDate),3.0
TanStack/devtools,grype,GHSA-4c8g-83qw-93j6,High,/pnpm-lock.yaml,,fast-uri,3.1.0,3.1.3,npm,,fast-uri vulnerable to host confusion via failed IDN canonicalization,3.0
TanStack/devtools,grype,GHSA-4cwx-7wf7-3272,High,/pnpm-lock.yaml,,undici,7.24.4,7.29.0,npm,,undici vulnerable to cross-user information disclosure and parse-time crash via degenerate private cache directives,3.0
TanStack/devtools,grype,GHSA-4cwx-7wf7-3272,High,/pnpm-lock.yaml,,undici,7.24.8,7.29.0,npm,,undici vulnerable to cross-user information disclosure and parse-time crash via degenerate private cache directives,3.0
TanStack/devtools,grype,GHSA-4fh9-h7wg-q85m,Medium,/examples/solid/start/pnpm-lock.yaml,,mdast-util-to-hast,13.2.0,13.2.1,npm,,mdast-util-to-hast has unsanitized class attribute,2.0
TanStack/devtools,grype,GHSA-4hqw-qxg8-jxx2,Medium,/pnpm-lock.yaml,,axios,1.15.0,1.20.0,npm,,Axios: Fetch Adapter Header Injection via Inherited FormData getHeaders,2.0
TanStack/devtools,grype,GHSA-4hxc-9384-m385,Medium,/examples/solid/start/pnpm-lock.yaml,,h3,1.15.3,1.15.9,npm,,h3: SSE Event Injection via Unsanitized Carriage Return (`\r`) in EventStream Data and Comment Fields (Bypass of CVE Fix),2.0
TanStack/devtools,grype,GHSA-4hxc-9384-m385,Medium,/pnpm-lock.yaml,,h3,1.15.3,1.15.9,npm,,h3: SSE Event Injection via Unsanitized Carriage Return (`\r`) in EventStream Data and Comment Fields (Bypass of CVE Fix),2.0
TanStack/devtools,grype,GHSA-4mjr-xmp4-gh2g,Medium,/examples/solid/start/pnpm-lock.yaml,,qs,6.14.0,6.16.0,npm,,qs: Denial of Service via Attacker Controlled isBuffer,2.0
TanStack/devtools,grype,GHSA-4mjr-xmp4-gh2g,Medium,/pnpm-lock.yaml,,qs,6.15.1,6.16.0,npm,,qs: Denial of Service via Attacker Controlled isBuffer,2.0
TanStack/devtools,grype,GHSA-4q55-j62x-fr9h,Medium,/pnpm-lock.yaml,,devalue,5.8.0,5.9.3,npm,,devalue: Malformed null-prototype object keys bypass __proto__ rejection via property-key coercion,2.0
TanStack/devtools,grype,GHSA-4w7w-66w2-5vf9,Medium,/examples/react/a11y-devtools/pnpm-lock.yaml,,vite,7.3.1,7.3.2,npm,,Vite Vulnerable to Path Traversal in Optimized Deps `.map` Handling,2.0
TanStack/devtools,grype,GHSA-4w7w-66w2-5vf9,Medium,/examples/solid/start/pnpm-lock.yaml,,vite,6.3.5,6.4.2,npm,,Vite Vulnerable to Path Traversal in Optimized Deps `.map` Handling,2.0
TanStack/devtools,grype,GHSA-4w7w-66w2-5vf9,Medium,/pnpm-lock.yaml,,vite,6.4.1,6.4.2,npm,,Vite Vulnerable to Path Traversal in Optimized Deps `.map` Handling,2.0
TanStack/devtools,grype,GHSA-4x5r-pxfx-6jf8,Low,/examples/react/a11y-devtools/pnpm-lock.yaml,,@babel/core,7.28.6,7.29.6,npm,,@babel/core: Arbitrary File Read via sourceMappingURL Comment,1.0
TanStack/devtools,grype,GHSA-4x5r-pxfx-6jf8,Low,/examples/solid/start/pnpm-lock.yaml,,@babel/core,7.28.0,7.29.6,npm,,@babel/core: Arbitrary File Read via sourceMappingURL Comment,1.0
TanStack/devtools,grype,GHSA-4x5r-pxfx-6jf8,Low,/pnpm-lock.yaml,,@babel/core,7.29.0,7.29.6,npm,,@babel/core: Arbitrary File Read via sourceMappingURL Comment,1.0
TanStack/devtools,grype,GHSA-52cp-r559-cp3m,High,/pnpm-lock.yaml,,js-yaml,3.14.2,3.15.0,npm,,js-yaml: YAML merge-key chains can force quadratic CPU consumption,3.0
TanStack/devtools,grype,GHSA-52cp-r559-cp3m,High,/pnpm-lock.yaml,,js-yaml,4.1.1,4.3.0,npm,,js-yaml: YAML merge-key chains can force quadratic CPU consumption,3.0
TanStack/devtools,grype,GHSA-52v5-jr5w-gjxr,High,/pnpm-lock.yaml,,sigstore,4.1.0,4.1.1,npm,,sigstore's `certificateOIDs` verification constraints are silently dropped and never enforced,3.0
TanStack/devtools,grype,GHSA-542g-h47m-68v8,High,/pnpm-lock.yaml,,axios,1.15.0,1.20.0,npm,,Axios: Denial of Service via Unhandled 'error' Event in HTTP/2 ClientHttp2Session Initialization,3.0
TanStack/devtools,grype,GHSA-54fx-42gc-7vw4,Medium,/pnpm-lock.yaml,,hono,4.12.12,4.12.34,npm,,Hono: Algorithmic Complexity DoS in Language Middleware,2.0
TanStack/devtools,grype,GHSA-554w-wpv2-vw27,High,/examples/solid/start/pnpm-lock.yaml,,node-forge,1.3.1,1.3.2,npm,,node-forge has ASN.1 Unbounded Recursion,3.0
TanStack/devtools,grype,GHSA-55q2-fjhq-7xh7,Medium,/pnpm-lock.yaml,,dompurify,3.3.3,3.4.13,npm,,"DOMPurify: IN_PLACE hook removal leaves a detached subtree executable, causing XSS",2.0
TanStack/devtools,grype,GHSA-58qx-3vcg-4xpx,Medium,/examples/react/a11y-devtools/pnpm-lock.yaml,,ws,8.19.0,8.20.1,npm,,ws: Uninitialized memory disclosure,2.0
TanStack/devtools,grype,GHSA-58qx-3vcg-4xpx,Medium,/examples/solid/start/pnpm-lock.yaml,,ws,8.18.3,8.20.1,npm,,ws: Uninitialized memory disclosure,2.0
TanStack/devtools,grype,GHSA-58qx-3vcg-4xpx,Medium,/pnpm-lock.yaml,,ws,8.18.0,8.20.1,npm,,ws: Uninitialized memory disclosure,2.0
TanStack/devtools,grype,GHSA-58qx-3vcg-4xpx,Medium,/pnpm-lock.yaml,,ws,8.20.0,8.20.1,npm,,ws: Uninitialized memory disclosure,2.0
TanStack/devtools,grype,GHSA-58w9-8g37-x9v5,Medium,/pnpm-lock.yaml,,@angular/compiler,21.2.12,21.2.17,npm,,@angular/compiler: Two-Way Property Binding Sanitization Bypass (XSS),2.0
TanStack/devtools,grype,GHSA-5c6j-r48x-rmvq,High,/examples/solid/start/pnpm-lock.yaml,,serialize-javascript,6.0.2,7.0.3,npm,,Serialize JavaScript is Vulnerable to RCE via RegExp.flags and Date.prototype.toISOString(),3.0
TanStack/devtools,grype,GHSA-5c9x-8gcm-mpgx,Medium,/pnpm-lock.yaml,,axios,1.15.0,1.15.1,npm,,Axios' HTTP adapter-streamed uploads bypass maxBodyLength when maxRedirects: 0,2.0
TanStack/devtools,grype,GHSA-5gfm-wpxj-wjgq,High,/examples/solid/start/pnpm-lock.yaml,,node-forge,1.3.1,1.3.2,npm,,node-forge has an Interpretation Conflict vulnerability via its ASN.1 Validator Desynchronization,3.0
TanStack/devtools,grype,GHSA-5j98-mcp5-4vw2,High,/examples/solid/start/pnpm-lock.yaml,,glob,10.4.5,10.5.0,npm,,glob CLI: Command injection via -c/--cmd executes matches with shell:true,3.0
TanStack/devtools,grype,GHSA-5m6q-g25r-mvwx,High,/examples/solid/start/pnpm-lock.yaml,,node-forge,1.3.1,1.4.0,npm,,Forge has Denial of Service via Infinite Loop in BigInteger.modInverse() with Zero Input,3.0
TanStack/devtools,grype,GHSA-5p4m-2wfm-xmqj,High,/pnpm-lock.yaml,,js-yaml,3.14.2,3.15.1,npm,,JS-YAML: Quadratic CPU consumption in !!omap resolution (3.x and 4.x) — CVE-2026-59870 fix not backported,3.0
TanStack/devtools,grype,GHSA-5p4m-2wfm-xmqj,High,/pnpm-lock.yaml,,js-yaml,4.1.1,4.3.1,npm,,JS-YAML: Quadratic CPU consumption in !!omap resolution (3.x and 4.x) — CVE-2026-59870 fix not backported,3.0
TanStack/devtools,grype,GHSA-5w89-w975-hf9q,Medium,/examples/solid/start/pnpm-lock.yaml,,nitropack,2.12.4,2.13.4,npm,,Nitro has a proxy scope bypass via percent-encoded path traversal in `routeRules`,2.0
TanStack/devtools,grype,GHSA-5w89-w975-hf9q,Medium,/pnpm-lock.yaml,,nitropack,2.13.2,2.13.4,npm,,Nitro has a proxy scope bypass via percent-encoded path traversal in `routeRules`,2.0
TanStack/devtools,grype,GHSA-62hf-57xw-28j9,Medium,/pnpm-lock.yaml,,axios,1.15.0,1.15.1,npm,,Axios: unbounded recursion in toFormData causes DoS via deeply nested request data,2.0
TanStack/devtools,grype,GHSA-65ch-62r8-g69g,Medium,/examples/solid/start/pnpm-lock.yaml,,node-forge,1.3.1,1.3.2,npm,,node-forge is vulnerable to ASN.1 OID Integer Truncation,2.0
TanStack/devtools,grype,GHSA-6688-9rhm-gjv2,Low,/pnpm-lock.yaml,,dompurify,3.3.3,3.4.16,npm,,DOMPurify: IN_PLACE returns a force-removed rawtext root whose text carries attacker markup — pure HTML reparse executes,1.0
TanStack/devtools,grype,GHSA-66fc-rw6m-c2q6,High,/examples/react/a11y-devtools/pnpm-lock.yaml,,seroval,1.3.2,1.4.1,npm,,Seroval affected by Denial of Service via Array serialization,3.0
TanStack/devtools,grype,GHSA-66fc-rw6m-c2q6,High,/examples/solid/start/pnpm-lock.yaml,,seroval,1.3.2,1.4.1,npm,,Seroval affected by Denial of Service via Array serialization,3.0
TanStack/devtools,grype,GHSA-67c8-pqhq-4rmx,Critical,/pnpm-lock.yaml,,piscina,5.1.4,5.3.2,npm,,piscina: Prototype-pollution gadget in ThreadPool.options allows RCE via execArgv / loadBalancer / env,4.0
TanStack/devtools,grype,GHSA-67mh-4wv8-2f99,Medium,/pnpm-lock.yaml,,esbuild,0.18.20,0.25.0,npm,,esbuild enables any website to send any requests to the development server and read the response,2.0
TanStack/devtools,grype,GHSA-68fv-2mgg-jv7q,High,/examples/react/a11y-devtools/pnpm-lock.yaml,,source-map-js,1.2.1,1.2.2,npm,,source-map-js allows event-loop denial of service through indexed source-map section offsets,3.0
TanStack/devtools,grype,GHSA-68fv-2mgg-jv7q,High,/examples/solid/start/pnpm-lock.yaml,,source-map-js,1.2.1,1.2.2,npm,,source-map-js allows event-loop denial of service through indexed source-map section offsets,3.0
TanStack/devtools,grype,GHSA-68fv-2mgg-jv7q,High,/pnpm-lock.yaml,,source-map-js,1.2.1,1.2.2,npm,,source-map-js allows event-loop denial of service through indexed source-map section offsets,3.0
TanStack/devtools,grype,GHSA-692r-grfm-v8x7,Medium,/pnpm-lock.yaml,,@angular/core,21.2.12,21.2.15,npm,,@angular/core: Angular Template and Dynamic Component Namespace Bypass leading to Cross-Site Scripting (XSS),2.0
TanStack/devtools,grype,GHSA-69xw-7hcm-h432,Medium,/pnpm-lock.yaml,,hono,4.12.12,4.12.16,npm,,hono/jsx has Unvalidated JSX Tag Names that May Allow HTML Injection,2.0
TanStack/devtools,grype,GHSA-6chq-wfr3-2hj9,High,/pnpm-lock.yaml,,axios,1.15.0,1.15.1,npm,,Axios: Header Injection via Prototype Pollution,3.0
TanStack/devtools,grype,GHSA-6g55-p6wh-862q,High,/examples/react/a11y-devtools/pnpm-lock.yaml,,postcss,8.5.6,8.5.12,npm,,PostCSS: Arbitrary file read and information disclosure via attacker-controlled sourceMappingURL in CSS comments,3.0
TanStack/devtools,grype,GHSA-6g55-p6wh-862q,High,/examples/solid/start/pnpm-lock.yaml,,postcss,8.5.6,8.5.12,npm,,PostCSS: Arbitrary file read and information disclosure via attacker-controlled sourceMappingURL in CSS comments,3.0
TanStack/devtools,grype,GHSA-6j4f-fj2g-mc7p,High,/examples/solid/start/pnpm-lock.yaml,,brace-expansion,2.0.2,2.1.5,npm,,brace-expansion: DoS via uncontrolled recursion in parseCommaParts causing stack exhaustion,3.0
TanStack/devtools,grype,GHSA-6j4f-fj2g-mc7p,High,/pnpm-lock.yaml,,brace-expansion,1.1.13,1.1.19,npm,,brace-expansion: DoS via uncontrolled recursion in parseCommaParts causing stack exhaustion,3.0
TanStack/devtools,grype,GHSA-6j4f-fj2g-mc7p,High,/pnpm-lock.yaml,,brace-expansion,2.0.3,2.1.5,npm,,brace-expansion: DoS via uncontrolled recursion in parseCommaParts causing stack exhaustion,3.0
TanStack/devtools,grype,GHSA-6j4f-fj2g-mc7p,High,/pnpm-lock.yaml,,brace-expansion,5.0.5,5.0.10,npm,,brace-expansion: DoS via uncontrolled recursion in parseCommaParts causing stack exhaustion,3.0
TanStack/devtools,grype,GHSA-6m6c-36f7-fhxh,Medium,/pnpm-lock.yaml,,mermaid,11.13.0,11.15.0,npm,,Mermaid Gantt Charts are vulnerable to an Infinite Loop DoS,2.0
TanStack/devtools,grype,GHSA-6qxp-vccf-f47h,High,/pnpm-lock.yaml,,@modelcontextprotocol/sdk,1.26.0,1.31.0,npm,,MCP TypeScript SDK: OAuth client could send credentials to an authorization server chosen by the MCP server,3.0
TanStack/devtools,grype,GHSA-6rw7-vpxm-498p,Medium,/examples/solid/start/pnpm-lock.yaml,,qs,6.14.0,6.14.1,npm,,qs's arrayLimit bypass in its bracket notation allows DoS via memory exhaustion,2.0
TanStack/devtools,grype,GHSA-6v5v-wf23-fmfq,Medium,/pnpm-lock.yaml,,markdown-it,14.1.1,14.2.0,npm,,markdown-it: Quadratic complexity DoS in smartquotes rule via replaceAt string operations,2.0
TanStack/devtools,grype,GHSA-6x64-9x62-f2gx,Medium,/pnpm-lock.yaml,,mermaid,11.13.0,11.16.1,npm,,Mermaid allows CSS injection applying to sibling elements of the diagram,2.0
TanStack/devtools,grype,GHSA-72gr-qfp7-vwhw,Medium,/examples/solid/start/pnpm-lock.yaml,,h3,1.15.3,1.15.9,npm,,h3: Double Decoding in `serveStatic` Bypasses `resolveDotSegments` Path Traversal Protection via `%252e%252e`,2.0
TanStack/devtools,grype,GHSA-72gr-qfp7-vwhw,Medium,/pnpm-lock.yaml,,h3,1.15.3,1.15.9,npm,,h3: Double Decoding in `serveStatic` Bypasses `resolveDotSegments` Path Traversal Protection via `%252e%252e`,2.0
TanStack/devtools,grype,GHSA-737v-mqg7-c878,High,/examples/solid/start/pnpm-lock.yaml,,defu,6.1.4,6.1.5,npm,,defu: Prototype pollution via `__proto__` key in defaults argument,3.0
TanStack/devtools,grype,GHSA-737v-mqg7-c878,High,/pnpm-lock.yaml,,defu,6.1.4,6.1.5,npm,,defu: Prototype pollution via `__proto__` key in defaults argument,3.0
TanStack/devtools,grype,GHSA-73rr-hh4g-fpgx,Low,/examples/solid/start/pnpm-lock.yaml,,diff,8.0.2,8.0.3,npm,,jsdiff has a Denial of Service vulnerability in parsePatch and applyPatch,1.0
TanStack/devtools,grype,GHSA-73wf-gq98-2v4g,High,/examples/react/a11y-devtools/pnpm-lock.yaml,,browserslist,4.28.1,4.28.7,npm,,Browserslist: Uncaught crash / prototype write via untrusted browserslist-stats.json custom stats (normalizeStats),3.0
TanStack/devtools,grype,GHSA-73wf-gq98-2v4g,High,/examples/solid/start/pnpm-lock.yaml,,browserslist,4.25.2,4.28.7,npm,,Browserslist: Uncaught crash / prototype write via untrusted browserslist-stats.json custom stats (normalizeStats),3.0
TanStack/devtools,grype,GHSA-73wf-gq98-2v4g,High,/pnpm-lock.yaml,,browserslist,4.28.2,4.28.7,npm,,Browserslist: Uncaught crash / prototype write via untrusted browserslist-stats.json custom stats (normalizeStats),3.0
TanStack/devtools,grype,GHSA-76mc-f452-cxcm,Medium,/pnpm-lock.yaml,,dompurify,3.3.3,3.4.7,npm,,DOMPurify: Hook mutation of `data.allowedTags` / `data.allowedAttributes` permanently pollutes `DEFAULT_ALLOWED_TAGS` / `DEFAULT_ALLOWED_ATTR`,2.0
TanStack/devtools,grype,GHSA-777c-7fjr-54vf,High,/pnpm-lock.yaml,,axios,1.15.0,1.16.0,npm,,Allocation of Resources Without Limits or Throttling in Axios,3.0
TanStack/devtools,grype,GHSA-77vg-94rm-hx3p,High,/pnpm-lock.yaml,,devalue,5.8.0,5.8.1,npm,,Svelte devalue: DoS via sparse array deserialization,3.0
TanStack/devtools,grype,GHSA-79cf-xcqc-c78w,Medium,/pnpm-lock.yaml,,webpack-dev-server,5.2.2,5.2.4,npm,,webpack-dev-server vulnerable to cross-origin source code exposure on non-HTTPS origins,2.0
TanStack/devtools,grype,GHSA-79qm-7rj5-m7r9,Low,/pnpm-lock.yaml,,hono,4.12.12,4.12.34,npm,,Hono: Proxy Helper does not remove response headers listed in the `Connection` header,1.0
TanStack/devtools,grype,GHSA-7p8r-x3mc-p8w7,High,/pnpm-lock.yaml,,fast-uri,3.1.0,3.1.5,npm,,fast-uri vulnerable to host confusion via backslash authority introducer,3.0
TanStack/devtools,grype,GHSA-7pqw-9j4j-h8q3,High,/examples/solid/start/pnpm-lock.yaml,,extract-zip,2.0.1,,npm,,extract-zip allows arbitrary file writes through symlink archive entries,3.0
TanStack/devtools,grype,GHSA-7q8q-rj6j-mhjq,Medium,/pnpm-lock.yaml,,axios,1.15.0,1.18.0,npm,,Axios: Nested axios option objects can consume polluted prototype values,2.0
TanStack/devtools,grype,GHSA-7r86-cg39-jmmj,High,/examples/solid/start/pnpm-lock.yaml,,minimatch,5.1.6,5.1.8,npm,,minimatch has ReDoS: matchOne() combinatorial backtracking via multiple non-adjacent GLOBSTAR segments,3.0
TanStack/devtools,grype,GHSA-7r86-cg39-jmmj,High,/examples/solid/start/pnpm-lock.yaml,,minimatch,9.0.5,9.0.7,npm,,minimatch has ReDoS: matchOne() combinatorial backtracking via multiple non-adjacent GLOBSTAR segments,3.0
TanStack/devtools,grype,GHSA-7r86-cg39-jmmj,High,/pnpm-lock.yaml,,minimatch,3.0.8,3.1.3,npm,,minimatch has ReDoS: matchOne() combinatorial backtracking via multiple non-adjacent GLOBSTAR segments,3.0
TanStack/devtools,grype,GHSA-7r86-cg39-jmmj,High,/pnpm-lock.yaml,,minimatch,9.0.3,9.0.7,npm,,minimatch has ReDoS: matchOne() combinatorial backtracking via multiple non-adjacent GLOBSTAR segments,3.0
TanStack/devtools,grype,GHSA-7w5x-hrqm-74c2,High,/pnpm-lock.yaml,,smol-toml,1.6.1,1.7.1,npm,,smol-toml: Denial of Service via malformed TOML documents,3.0
TanStack/devtools,grype,GHSA-82fw-gwwq-j7x9,Medium,/pnpm-lock.yaml,,@vitest/mocker,4.1.10,4.1.11,npm,,Vitest: Path Traversal / Arbitrary File Read via @vitest/mocker Redirect Mock,2.0
TanStack/devtools,grype,GHSA-82fw-gwwq-j7x9,Medium,/pnpm-lock.yaml,,vitest,4.1.10,4.1.11,npm,,Vitest: Path Traversal / Arbitrary File Read via @vitest/mocker Redirect Mock,2.0
TanStack/devtools,grype,GHSA-82x6-q7mm-w9cf,High,/examples/solid/start/pnpm-lock.yaml,,toml,3.0.0,4.2.0,npm,,toml-node: Uncontrolled Recursion,3.0
TanStack/devtools,grype,GHSA-83g3-92jg-28cx,High,/examples/solid/start/pnpm-lock.yaml,,tar,7.4.3,7.5.8,npm,,Arbitrary File Read/Write via Hardlink Target Escape Through Symlink Chain in node-tar Extraction,3.0
TanStack/devtools,grype,GHSA-8436-99hf-9mmv,Low,/pnpm-lock.yaml,,undici,7.24.4,7.29.1,npm,,undici vulnerable to caching and replay of unsafe HTTP method responses,1.0
TanStack/devtools,grype,GHSA-8436-99hf-9mmv,Low,/pnpm-lock.yaml,,undici,7.24.8,7.29.1,npm,,undici vulnerable to caching and replay of unsafe HTTP method responses,1.0
TanStack/devtools,grype,GHSA-86w9-cpqp-85rv,High,/examples/solid/start/pnpm-lock.yaml,,node-forge,1.3.1,,npm,,node-forge RSA PKCS#1 v1.5 signature verification accepts extra nested DigestAlgorithm elements,3.0
TanStack/devtools,grype,GHSA-86w9-cpqp-85rv,High,/pnpm-lock.yaml,,node-forge,1.4.0,,npm,,node-forge RSA PKCS#1 v1.5 signature verification accepts extra nested DigestAlgorithm elements,3.0
TanStack/devtools,grype,GHSA-87f9-hvmw-gh4p,Medium,/pnpm-lock.yaml,,mermaid,11.13.0,11.15.0,npm,,Mermaid: Improper sanitization of configuration leads to CSS injection,2.0
TanStack/devtools,grype,GHSA-88fw-hqm2-52qc,High,/pnpm-lock.yaml,,hono,4.12.12,4.12.25,npm,,hono: CORS Middleware reflects any Origin with credentials when `origin` defaults to the wildcard,3.0
TanStack/devtools,grype,GHSA-898c-q2cr-xwhg,Medium,/pnpm-lock.yaml,,axios,1.15.0,1.16.0,npm,,axios has DoS & Header Injection via Prototype Pollution Read-Side Gadgets in axios merge functions,2.0
TanStack/devtools,grype,GHSA-8j4g-w8fx-2239,Medium,/pnpm-lock.yaml,,hono,4.12.12,4.12.34,npm,,Hono: ReDoS in CORS middleware via Access-Control-Request-Headers,2.0
TanStack/devtools,grype,GHSA-8qq5-rm4j-mr97,High,/examples/solid/start/pnpm-lock.yaml,,tar,7.4.3,7.5.3,npm,,node-tar is Vulnerable to Arbitrary File Overwrite and Symlink Poisoning via Insufficient Path Sanitization,3.0
TanStack/devtools,grype,GHSA-8x88-c5mf-7j5w,High,/examples/solid/start/pnpm-lock.yaml,,tar,7.4.3,7.5.18,npm,,node-tar: Negative tar entry size causes infinite loop in archive replace,3.0
TanStack/devtools,grype,GHSA-8x88-c5mf-7j5w,High,/pnpm-lock.yaml,,tar,7.5.13,7.5.18,npm,,node-tar: Negative tar entry size causes infinite loop in archive replace,3.0
TanStack/devtools,grype,GHSA-8xcm-r25x-g524,Medium,/pnpm-lock.yaml,,undici,7.24.4,7.29.0,npm,,undici vulnerable to downstream response desynchronization via retry interceptor,2.0
TanStack/devtools,grype,GHSA-8xcm-r25x-g524,Medium,/pnpm-lock.yaml,,undici,7.24.8,7.29.0,npm,,undici vulnerable to downstream response desynchronization via retry interceptor,2.0
TanStack/devtools,grype,GHSA-93m4-6634-74q7,Medium,/examples/solid/start/pnpm-lock.yaml,,vite,6.3.5,6.4.1,npm,,vite allows server.fs.deny bypass via backslash on Windows,2.0
TanStack/devtools,grype,GHSA-96hv-2xvq-fx4p,High,/examples/react/a11y-devtools/pnpm-lock.yaml,,ws,8.19.0,8.21.0,npm,,ws: Memory exhaustion DoS from tiny fragments and data chunks,3.0
TanStack/devtools,grype,GHSA-96hv-2xvq-fx4p,High,/examples/solid/start/pnpm-lock.yaml,,ws,8.18.3,8.21.0,npm,,ws: Memory exhaustion DoS from tiny fragments and data chunks,3.0
TanStack/devtools,grype,GHSA-96hv-2xvq-fx4p,High,/pnpm-lock.yaml,,ws,8.18.0,8.21.0,npm,,ws: Memory exhaustion DoS from tiny fragments and data chunks,3.0
TanStack/devtools,grype,GHSA-96hv-2xvq-fx4p,High,/pnpm-lock.yaml,,ws,8.20.0,8.21.0,npm,,ws: Memory exhaustion DoS from tiny fragments and data chunks,3.0
TanStack/devtools,grype,GHSA-9fr6-4gfg-395g,Medium,/pnpm-lock.yaml,,axios,1.15.0,1.20.0,npm,,Axios: Prototype-Pollution Gadget in the Default Instance Allows Inherited Object.prototype.method to Override HTTP Method,2.0
TanStack/devtools,grype,GHSA-9phm-9p8f-hw5m,Medium,/examples/solid/start/pnpm-lock.yaml,,nitropack,2.12.4,2.13.4,npm,,Nitro has an Open Redirect via Protocol-Relative URL Bypass in Wildcard Route Rules,2.0
TanStack/devtools,grype,GHSA-9phm-9p8f-hw5m,Medium,/pnpm-lock.yaml,,nitropack,2.13.2,2.13.4,npm,,Nitro has an Open Redirect via Protocol-Relative URL Bypass in Wildcard Route Rules,2.0
TanStack/devtools,grype,GHSA-9ppj-qmqm-q256,High,/examples/solid/start/pnpm-lock.yaml,,tar,7.4.3,7.5.11,npm,,node-tar Symlink Path Traversal via Drive-Relative Linkpath,3.0
TanStack/devtools,grype,GHSA-9rgm-9g3h-6x36,Medium,/pnpm-lock.yaml,,devalue,5.8.0,5.9.2,npm,,Svelte devalue: DoS via malformed input,2.0
TanStack/devtools,grype,GHSA-9rmh-mm8f-r9h6,Medium,/pnpm-lock.yaml,,svelte,5.55.1,5.55.7,npm,,Svelte: ReDoS in `<svelte:element>` Tag Validation,2.0
TanStack/devtools,grype,GHSA-9vqf-7f2p-gf9v,Medium,/pnpm-lock.yaml,,hono,4.12.12,4.12.16,npm,,Hono: bodyLimit() can be bypassed for chunked / unknown-length requests,2.0
TanStack/devtools,grype,GHSA-c2c7-rcm5-vvqj,High,/examples/react/a11y-devtools/pnpm-lock.yaml,,picomatch,4.0.3,4.0.4,npm,,Picomatch has a ReDoS vulnerability via extglob quantifiers,3.0
TanStack/devtools,grype,GHSA-c2c7-rcm5-vvqj,High,/examples/solid/start/pnpm-lock.yaml,,picomatch,2.3.1,2.3.2,npm,,Picomatch has a ReDoS vulnerability via extglob quantifiers,3.0
TanStack/devtools,grype,GHSA-c2c7-rcm5-vvqj,High,/examples/solid/start/pnpm-lock.yaml,,picomatch,4.0.3,4.0.4,npm,,Picomatch has a ReDoS vulnerability via extglob quantifiers,3.0
TanStack/devtools,grype,GHSA-c2j3-45gr-mqc4,Low,/pnpm-lock.yaml,,dompurify,3.3.3,3.4.12,npm,,DOMPurify: `CUSTOM_ELEMENT_HANDLING` bypasses `afterSanitizeElements` for allowed custom elements.,1.0
TanStack/devtools,grype,GHSA-c4c3-pg64-4m4v,Low,/pnpm-lock.yaml,,mermaid,11.13.0,11.16.1,npm,,Mermaid configuration APIs allow prototype pollution,1.0
TanStack/devtools,grype,GHSA-c83g-rgw3-j3cx,High,/examples/react/a11y-devtools/pnpm-lock.yaml,,browserslist,4.28.1,4.28.7,npm,,"Browserslist: Unbounded memory growth (no cache eviction) via distinct query results, leading to eventual OOM",3.0
TanStack/devtools,grype,GHSA-c83g-rgw3-j3cx,High,/examples/solid/start/pnpm-lock.yaml,,browserslist,4.25.2,4.28.7,npm,,"Browserslist: Unbounded memory growth (no cache eviction) via distinct query results, leading to eventual OOM",3.0
TanStack/devtools,grype,GHSA-c83g-rgw3-j3cx,High,/pnpm-lock.yaml,,browserslist,4.28.2,4.28.7,npm,,"Browserslist: Unbounded memory growth (no cache eviction) via distinct query results, leading to eventual OOM",3.0
TanStack/devtools,grype,GHSA-ch52-4w7c-c8xp,High,/pnpm-lock.yaml,,http-cache-semantics,4.2.0,,npm,,http-cache-semantics max-stale handling can disclose cross-user cached responses,3.0
TanStack/devtools,grype,GHSA-cmwh-pvxp-8882,Medium,/pnpm-lock.yaml,,dompurify,3.3.3,3.4.11,npm,,DOMPurify: Permanent `ALLOWED_ATTR` pollution via `setConfig()` bypassing the hook clone-guard (incomplete fix of the 3.4.7 hook-pollution patch),2.0
TanStack/devtools,grype,GHSA-crv5-9vww-q3g8,Medium,/pnpm-lock.yaml,,dompurify,3.3.3,3.4.0,npm,,DOMPurify has a SAFE_FOR_TEMPLATES bypass in RETURN_DOM mode,2.0
TanStack/devtools,grype,GHSA-crvj-82cr-hjcx,Medium,/pnpm-lock.yaml,,hono,4.12.12,4.13.5,npm,,"Hono: Query parser reads parameters after the URL fragment, causing cache-key and proxy interpretation differentials",2.0
TanStack/devtools,grype,GHSA-f23m-r3pf-42rh,Medium,/examples/solid/start/pnpm-lock.yaml,,lodash,4.17.21,4.18.0,npm,,lodash vulnerable to Prototype Pollution via array path bypass in `_.unset` and `_.omit`,2.0
TanStack/devtools,grype,GHSA-f23m-r3pf-42rh,Medium,/examples/solid/start/pnpm-lock.yaml,,lodash-es,4.17.21,4.18.0,npm,,lodash vulnerable to Prototype Pollution via array path bypass in `_.unset` and `_.omit`,2.0
TanStack/devtools,grype,GHSA-f23m-r3pf-42rh,Medium,/pnpm-lock.yaml,,lodash,4.17.21,4.18.0,npm,,lodash vulnerable to Prototype Pollution via array path bypass in `_.unset` and `_.omit`,2.0
TanStack/devtools,grype,GHSA-f23m-r3pf-42rh,Medium,/pnpm-lock.yaml,,lodash-es,4.17.23,4.18.0,npm,,lodash vulnerable to Prototype Pollution via array path bypass in `_.unset` and `_.omit`,2.0
TanStack/devtools,grype,GHSA-f23p-vx2j-j53r,Medium,/pnpm-lock.yaml,,hono,4.12.12,4.12.34,npm,,"Hono: `memo()` retains SSR output across requests, leading to cross-user data disclosure",2.0
TanStack/devtools,grype,GHSA-f38q-mgvj-vph7,Medium,/pnpm-lock.yaml,,protobufjs,7.5.8,7.6.3,npm,,protobufjs : Schema-derived names can shadow runtime-significant properties,2.0
TanStack/devtools,grype,GHSA-f3cj-j4f6-wq85,Medium,/pnpm-lock.yaml,,svelte,5.55.1,5.55.7,npm,,Svelte: SSR XSS via Insecure Promise Serialization in hydratable,2.0
TanStack/devtools,grype,GHSA-f3m7-gqxr-g87x,Medium,/pnpm-lock.yaml,,@angular/compiler,21.2.12,21.2.15,npm,,Angular: Template and Attribute Namespace Sanitization Bypass (XSS),2.0
TanStack/devtools,grype,GHSA-f3m7-gqxr-g87x,Medium,/pnpm-lock.yaml,,@angular/core,21.2.12,21.2.15,npm,,Angular: Template and Attribute Namespace Sanitization Bypass (XSS),2.0
TanStack/devtools,grype,GHSA-f4gw-2p7v-4548,Medium,/pnpm-lock.yaml,,axios,1.15.0,1.18.0,npm,,Axios: NO_PROXY bypass for 0.0.0.0 local addresses in axios,2.0
TanStack/devtools,grype,GHSA-f577-qrjj-4474,Medium,/pnpm-lock.yaml,,hono,4.12.12,4.12.21,npm,,"Hono: JWT middleware accepts any Authorization scheme, not only Bearer",2.0
TanStack/devtools,grype,GHSA-f5vj-f2hx-8m93,Medium,/pnpm-lock.yaml,,webpack-dev-server,5.2.2,5.2.6,npm,,webpack-dev-server vulnerable to cross-site request forgery via internal developer endpoints,2.0
TanStack/devtools,grype,GHSA-f65p-4m7j-42xc,High,/pnpm-lock.yaml,,fast-uri,3.1.0,3.1.6,npm,,fast-uri vulnerable to server-side request forgery via malformed IPv6 normalization,3.0
TanStack/devtools,grype,GHSA-f886-m6hf-6m8v,Medium,/examples/solid/start/pnpm-lock.yaml,,brace-expansion,2.0.2,2.0.3,npm,,brace-expansion: Zero-step sequence causes process hang and memory exhaustion,2.0
TanStack/devtools,grype,GHSA-f88m-g3jw-g9cj,High,/pnpm-lock.yaml,,sharp,0.34.5,0.35.0,npm,,"sharp inherited vulnerabilities in libvips: CVE-2026-33327, CVE-2026-33328, CVE-2026-35590, CVE-2026-35591",3.0
TanStack/devtools,grype,GHSA-ff3f-86qr-9cv3,High,/pnpm-lock.yaml,,@angular/router,21.2.12,21.2.24,npm,,Angular Server-Side Rendering (SSR): Denial of Service via Numeric URL Matrix Parameters,3.0
TanStack/devtools,grype,GHSA-frvp-7c67-39w9,Medium,/pnpm-lock.yaml,,@hono/node-server,1.19.13,1.19.15,npm,,Node.js Adapter for Hono: Path traversal in `serve-static` on Windows via encoded backslash (`%5C`),2.0
TanStack/devtools,grype,GHSA-fx2h-pf6j-xcff,High,/examples/react/a11y-devtools/pnpm-lock.yaml,,vite,7.3.1,7.3.5,npm,,vite: `server.fs.deny` bypass on Windows alternate paths,3.0
TanStack/devtools,grype,GHSA-fx2h-pf6j-xcff,High,/examples/solid/start/pnpm-lock.yaml,,vite,6.3.5,6.4.3,npm,,vite: `server.fs.deny` bypass on Windows alternate paths,3.0
TanStack/devtools,grype,GHSA-fx2h-pf6j-xcff,High,/pnpm-lock.yaml,,vite,6.4.1,6.4.3,npm,,vite: `server.fs.deny` bypass on Windows alternate paths,3.0
TanStack/devtools,grype,GHSA-fx2h-pf6j-xcff,High,/pnpm-lock.yaml,,vite,7.3.2,7.3.5,npm,,vite: `server.fs.deny` bypass on Windows alternate paths,3.0
TanStack/devtools,grype,GHSA-fx2h-pf6j-xcff,High,/pnpm-lock.yaml,,vite,8.0.12,8.0.16,npm,,vite: `server.fs.deny` bypass on Windows alternate paths,3.0
TanStack/devtools,grype,GHSA-fxqj-rqcc-2cmp,Medium,/examples/react/a11y-devtools/pnpm-lock.yaml,,postcss,8.5.6,8.5.23,npm,,PostCSS: incomplete fix of GHSA-6g55-p6wh-862q — attacker-controlled sourceMappingURL reads arbitrary .map files when `from` is unset,2.0
TanStack/devtools,grype,GHSA-fxqj-rqcc-2cmp,Medium,/examples/solid/start/pnpm-lock.yaml,,postcss,8.5.6,8.5.23,npm,,PostCSS: incomplete fix of GHSA-6g55-p6wh-862q — attacker-controlled sourceMappingURL reads arbitrary .map files when `from` is unset,2.0
TanStack/devtools,grype,GHSA-fxqj-rqcc-2cmp,Medium,/pnpm-lock.yaml,,postcss,8.5.14,8.5.23,npm,,PostCSS: incomplete fix of GHSA-6g55-p6wh-862q — attacker-controlled sourceMappingURL reads arbitrary .map files when `from` is unset,2.0
TanStack/devtools,grype,GHSA-g2r8-wvmj-jf5w,Medium,/pnpm-lock.yaml,,nx,22.1.3,22.7.2,npm,,`nx graph` dev server permissive CORS policy,2.0
TanStack/devtools,grype,GHSA-g2v6-rqmx-r4w6,High,/pnpm-lock.yaml,,@vue/server-renderer,3.5.34,3.5.42,npm,,@vue/server-renderer: XSS via missing CR in attribute-name blacklist,3.0
TanStack/devtools,grype,GHSA-g4jq-h2w9-997c,Low,/examples/solid/start/pnpm-lock.yaml,,vite,6.3.5,6.3.6,npm,,Vite middleware may serve files starting with the same name with the public directory,1.0
TanStack/devtools,grype,GHSA-g6gw-c38x-mqfc,Medium,/pnpm-lock.yaml,,hono,4.12.12,4.13.5,npm,,Hono: Unbounded dot-notation nesting in `parseBody()` can cause memory exhaustion,2.0
TanStack/devtools,grype,GHSA-g7r4-m6w7-qqqr,Low,/pnpm-lock.yaml,,esbuild,0.27.3,0.28.1,npm,,esbuild allows arbitrary file read when running the development server on Windows,1.0
TanStack/devtools,grype,GHSA-g7r4-m6w7-qqqr,Low,/pnpm-lock.yaml,,esbuild,0.27.4,0.28.1,npm,,esbuild allows arbitrary file read when running the development server on Windows,1.0
TanStack/devtools,grype,GHSA-g8m3-5g58-fq7m,Low,/pnpm-lock.yaml,,undici,7.24.4,7.28.0,npm,,undici vulnerable to Set-Cookie SameSite attribute downgrade via permissive substring matching,1.0
TanStack/devtools,grype,GHSA-g8m3-5g58-fq7m,Low,/pnpm-lock.yaml,,undici,7.24.8,7.28.0,npm,,undici vulnerable to Set-Cookie SameSite attribute downgrade via permissive substring matching,1.0
TanStack/devtools,grype,GHSA-ghcm-xqfw-q4vr,Medium,/pnpm-lock.yaml,,mermaid,11.13.0,11.15.0,npm,,Mermaid: Improper sanitization of `classDef` in state diagrams leads to HTML injection,2.0
TanStack/devtools,grype,GHSA-gqvv-2mrq-wpjv,Medium,/pnpm-lock.yaml,,hono,4.12.12,4.13.5,npm,,Hono: Incomplete fix for CVE-2026-39408: `toSSG()` still writes files outside the output directory,2.0
TanStack/devtools,grype,GHSA-gvmj-g25r-r7wr,Low,/pnpm-lock.yaml,,dompurify,3.3.3,3.4.8,npm,,DOMPurify: SAFE_FOR_TEMPLATES bypass - template expressions survive sanitization inside <template> content when using DOM output modes,1.0
TanStack/devtools,grype,GHSA-gvwx-54wh-qm9j,Medium,/examples/solid/start/pnpm-lock.yaml,,tar,7.4.3,7.5.17,npm,,node-tar: Uncaught Exception DoS via NUL byte in PAX path/linkpath records,2.0
TanStack/devtools,grype,GHSA-gvwx-54wh-qm9j,Medium,/pnpm-lock.yaml,,tar,7.5.13,7.5.17,npm,,node-tar: Uncaught Exception DoS via NUL byte in PAX path/linkpath records,2.0
TanStack/devtools,grype,GHSA-gxm5-99cw-xjw9,Medium,/examples/solid/start/pnpm-lock.yaml,,@fastify/busboy,3.1.1,3.2.2,npm,,@fastify/busboy vulnerable to CRLF injection via multipart Content-Disposition filename and name,2.0
TanStack/devtools,grype,GHSA-h3mg-xc3c-68pw,Medium,/pnpm-lock.yaml,,ip-address,10.1.0,10.7.1,npm,,"ip-address: Address6 builds a parse diagnostic proportional to the input with no length bound, allowing a single long string to stall or crash the process",2.0
TanStack/devtools,grype,GHSA-h67p-54hq-rp68,Medium,/pnpm-lock.yaml,,js-yaml,3.14.2,3.15.0,npm,,JS-YAML: Quadratic-complexity DoS in merge key handling via repeated aliases,2.0
TanStack/devtools,grype,GHSA-h67p-54hq-rp68,Medium,/pnpm-lock.yaml,,js-yaml,4.1.1,4.2.0,npm,,JS-YAML: Quadratic-complexity DoS in merge key handling via repeated aliases,2.0
TanStack/devtools,grype,GHSA-h7mw-gpvr-xq4m,Medium,/pnpm-lock.yaml,,dompurify,3.3.3,3.4.0,npm,,DOMPurify: FORBID_TAGS bypassed by function-based ADD_TAGS predicate (asymmetry with FORBID_ATTR fix),2.0
TanStack/devtools,grype,GHSA-hfxv-24rg-xrqf,High,/pnpm-lock.yaml,,axios,1.15.0,1.16.0,npm,,Axios: Regular Expression Denial of Service (ReDoS) via Cookie Name Injection,3.0
TanStack/devtools,grype,GHSA-hh8m-fm6v-7cvg,Medium,/pnpm-lock.yaml,,@angular/compiler,21.2.12,21.2.20,npm,,Angular: Sanitization bypass via directive host bindings on concrete host elements in @angular/core and @angular/compiler,2.0
TanStack/devtools,grype,GHSA-hh8m-fm6v-7cvg,Medium,/pnpm-lock.yaml,,@angular/core,21.2.12,21.2.20,npm,,Angular: Sanitization bypass via directive host bindings on concrete host elements in @angular/core and @angular/compiler,2.0
TanStack/devtools,grype,GHSA-hj76-42vx-jwp4,High,/examples/react/a11y-devtools/pnpm-lock.yaml,,seroval,1.3.2,1.4.1,npm,,seroval Affected by Prototype Pollution via JSON Deserialization,3.0
TanStack/devtools,grype,GHSA-hj76-42vx-jwp4,High,/examples/solid/start/pnpm-lock.yaml,,seroval,1.3.2,1.4.1,npm,,seroval Affected by Prototype Pollution via JSON Deserialization,3.0
TanStack/devtools,grype,GHSA-hm8q-7f3q-5f36,Low,/pnpm-lock.yaml,,hono,4.12.12,4.12.18,npm,,"Hono has improper validation of NumericDate claims (exp, nbf, iat) in JWT verify()",1.0
TanStack/devtools,grype,GHSA-hm92-r4w5-c3mj,High,/pnpm-lock.yaml,,undici,7.24.4,7.28.0,npm,,undici vulnerable to cross-origin request routing via SOCKS5 proxy pool reuse,3.0
TanStack/devtools,grype,GHSA-hm92-r4w5-c3mj,High,/pnpm-lock.yaml,,undici,7.24.8,7.28.0,npm,,undici vulnerable to cross-origin request routing via SOCKS5 proxy pool reuse,3.0
TanStack/devtools,grype,GHSA-hmw2-7cc7-3qxx,High,/pnpm-lock.yaml,,form-data,4.0.5,4.0.6,npm,,form-data: CRLF injection in form-data via unescaped multipart field names and filenames,3.0
TanStack/devtools,grype,GHSA-hp3w-g68c-fv3c,Medium,/pnpm-lock.yaml,,sprintf-js,1.0.3,,npm,,sprintf-js vulnerable to denial of service through unbounded precision specifiers,2.0
TanStack/devtools,grype,GHSA-hpcv-96wg-7vj8,Medium,/pnpm-lock.yaml,,dompurify,3.3.3,3.4.6,npm,,DOMPurify: Cross-realm IN_PLACE sanitization leaves executable markup intact via realm-bound `instanceof` checks,2.0
TanStack/devtools,grype,GHSA-hrr3-gc8f-f4qj,Medium,/pnpm-lock.yaml,,fast-uri,3.1.0,3.1.8,npm,,fast-uri vulnerable to inconsistent host case normalization via percent-encoded octets,2.0
TanStack/devtools,grype,GHSA-hrvq-x7jp-36xv,Medium,/pnpm-lock.yaml,,nx,22.1.3,22.7.10,npm,,Nx: Path traversal in nx migrate package-migrations extraction,2.0
TanStack/devtools,grype,GHSA-hvrm-45r6-mjfj,Medium,/pnpm-lock.yaml,,hono,4.12.12,4.12.27,npm,,"hono/jsx does not isolate context per request, leading to cross-request data disclosure",2.0
TanStack/devtools,grype,GHSA-hx4r-w6wj-j8fg,Medium,/pnpm-lock.yaml,,devalue,5.8.0,5.9.3,npm,,devalue: Residual sparse-array CPU amplification in uneval,2.0
TanStack/devtools,grype,GHSA-hx9m-jf43-8ffr,High,/examples/react/a11y-devtools/pnpm-lock.yaml,,seroval,1.3.2,1.4.1,npm,,seroval affected by Denial of Service via RegExp serialization,3.0
TanStack/devtools,grype,GHSA-hx9m-jf43-8ffr,High,/examples/solid/start/pnpm-lock.yaml,,seroval,1.3.2,1.4.1,npm,,seroval affected by Denial of Service via RegExp serialization,3.0
TanStack/devtools,grype,GHSA-hxh3-vqpv-xpqv,Medium,/pnpm-lock.yaml,,hono,4.12.12,4.13.7,npm,,"hono/jsx renders plain strings unescaped in boundary components, leading to XSS",2.0
TanStack/devtools,grype,GHSA-j22f-vq7h-c4qm,High,/pnpm-lock.yaml,,devalue,5.8.0,5.9.3,npm,,devalue: `stringify`/`uneval` serialize shared memory,3.0
TanStack/devtools,grype,GHSA-j3f2-48v5-ccww,Medium,/pnpm-lock.yaml,,protobufjs,7.5.8,7.6.5,npm,,protobufjs: Denial of Service via infinite loop in .proto option parsing,2.0
TanStack/devtools,grype,GHSA-j5f8-grm9-p9fc,High,/pnpm-lock.yaml,,axios,1.15.0,1.16.0,npm,,Axios: Proxy-Authorization header leaks to redirect target when proxy is re-evaluated to direct connection,3.0
TanStack/devtools,grype,GHSA-j6c9-x7qj-28xf,Medium,/pnpm-lock.yaml,,hono,4.12.12,4.12.25,npm,,"hono: AWS Lambda adapter merges multiple `Set-Cookie` headers into one value, dropping cookies on ALB single-header and Lattice",2.0
TanStack/devtools,grype,GHSA-j6r3-76f7-8jcv,Medium,/pnpm-lock.yaml,,ip-address,10.1.0,10.7.1,npm,,"ip-address: isInSubnet() and isHostInSubnet() compare addresses of different families as if they shared an address space, allowing an allowlist check to admit an address outside its range",2.0
TanStack/devtools,grype,GHSA-j8rh-479h-cp32,Medium,/pnpm-lock.yaml,,axios,1.15.0,1.20.0,npm,,Axios: Header Injection via Inherited headers After Minimal Interceptor,2.0
TanStack/devtools,grype,GHSA-jfc7-64v2-mr8c,Medium,/pnpm-lock.yaml,,@sigstore/core,3.2.0,3.2.1,npm,,@sigstore/core has DSSE payloadType type-binding failure,2.0
TanStack/devtools,grype,GHSA-jhpw-976m-542j,High,/pnpm-lock.yaml,,@angular/common,21.2.12,21.2.19,npm,,Angular: Cache-Key Ambiguity in HttpTransferCache Leading to Cross-Request Response Reuse and State Poisoning,3.0
TanStack/devtools,grype,GHSA-jj27-h5hq-8x99,High,/pnpm-lock.yaml,,@angular/compiler,21.2.12,21.2.19,npm,,Angular i18n: Cross-Site Scripting (XSS) via event-handler attributes,3.0
TanStack/devtools,grype,GHSA-jj27-h5hq-8x99,High,/pnpm-lock.yaml,,@angular/core,21.2.12,21.2.19,npm,,Angular i18n: Cross-Site Scripting (XSS) via event-handler attributes,3.0
TanStack/devtools,grype,GHSA-jmr9-qjv8-65gv,High,/examples/solid/start/pnpm-lock.yaml,,extract-zip,2.0.1,,npm,,extract-zip unvalidated symlink path traversal,3.0
TanStack/devtools,grype,GHSA-jp82-f5mq-hwhp,High,/examples/react/a11y-devtools/pnpm-lock.yaml,,seroval,1.3.2,1.6.3,npm,,Seroval: Memory exhaustion via unchecked TypedArray length in JSON deserialization,3.0
TanStack/devtools,grype,GHSA-jp82-f5mq-hwhp,High,/examples/solid/start/pnpm-lock.yaml,,seroval,1.3.2,1.6.3,npm,,Seroval: Memory exhaustion via unchecked TypedArray length in JSON deserialization,3.0
TanStack/devtools,grype,GHSA-jp82-f5mq-hwhp,High,/pnpm-lock.yaml,,seroval,1.5.4,1.6.3,npm,,Seroval: Memory exhaustion via unchecked TypedArray length in JSON deserialization,3.0
TanStack/devtools,grype,GHSA-jqcg-44mw-7w3h,Critical,/pnpm-lock.yaml,,proxy-addr,2.0.7,2.0.8,npm,,proxy-addr vulnerable to IP spoofing via IPv4-mapped IPv6 trust subnet,4.0
TanStack/devtools,grype,GHSA-jqff-g426-hqxp,High,/pnpm-lock.yaml,,fast-uri,3.1.0,3.1.6,npm,,fast-uri vulnerable to host confusion via percent-encoded scheme normalization,3.0
TanStack/devtools,grype,GHSA-jqfw-vq24-v9c3,Low,/examples/solid/start/pnpm-lock.yaml,,vite,6.3.5,6.3.6,npm,,Vite's `server.fs` settings were not applied to HTML files,1.0
TanStack/devtools,grype,GHSA-jqh4-m9w3-8hp9,Medium,/pnpm-lock.yaml,,axios,1.15.0,1.18.0,npm,,Axios: Fetch adapter `ReadableStream` uploads bypass `maxBodyLength`,2.0
TanStack/devtools,grype,GHSA-jr45-8vmc-qm54,Medium,/pnpm-lock.yaml,,undici,7.24.4,7.29.0,npm,,undici vulnerable to cross-user information disclosure via whitespace around equals in Cache-Control directives,2.0
TanStack/devtools,grype,GHSA-jr45-8vmc-qm54,Medium,/pnpm-lock.yaml,,undici,7.24.8,7.29.0,npm,,undici vulnerable to cross-user information disclosure via whitespace around equals in Cache-Control directives,2.0
TanStack/devtools,grype,GHSA-jxxr-4gwj-5jf2,Medium,/pnpm-lock.yaml,,brace-expansion,5.0.5,5.0.6,npm,,brace-expansion: Large numeric range defeats documented `max` DoS protection,2.0
TanStack/devtools,grype,GHSA-m28w-2pqf-7qgj,Medium,/pnpm-lock.yaml,,webpack-dev-server,5.2.2,5.2.6,npm,,webpack-dev-server vulnerable to denial of service via a malformed Host or Origin header,2.0
TanStack/devtools,grype,GHSA-m7pr-hjqh-92cm,Medium,/pnpm-lock.yaml,,axios,1.15.0,1.15.1,npm,,Axios: no_proxy bypass via IP alias allows SSRF,2.0
TanStack/devtools,grype,GHSA-m8rv-5g2x-5cg5,Medium,/pnpm-lock.yaml,,undici,7.24.4,7.29.0,npm,,undici vulnerable to CRLF Injection via blob-like body 'type' property,2.0
TanStack/devtools,grype,GHSA-m8rv-5g2x-5cg5,Medium,/pnpm-lock.yaml,,undici,7.24.8,7.29.0,npm,,undici vulnerable to CRLF Injection via blob-like body 'type' property,2.0
TanStack/devtools,grype,GHSA-mcm9-63f2-9j32,High,/pnpm-lock.yaml,,devalue,5.8.0,5.9.3,npm,,devalue: Repeated primitive strings cause quadratic expansion in uneval,3.0
TanStack/devtools,grype,GHSA-mghh-pgcx-3jjj,High,/pnpm-lock.yaml,,axios,1.15.0,1.20.0,npm,,"Axios: ReDoS (O(N²)) in shouldBypassProxy host normalization, reachable via untrusted redirect Location",3.0
TanStack/devtools,grype,GHSA-mh99-v99m-4gvg,High,/examples/solid/start/pnpm-lock.yaml,,brace-expansion,2.0.2,2.1.3,npm,,brace-expansion: DoS via unbounded expansion length causing an out-of-memory process crash,3.0
TanStack/devtools,grype,GHSA-mh99-v99m-4gvg,High,/pnpm-lock.yaml,,brace-expansion,1.1.13,1.1.17,npm,,brace-expansion: DoS via unbounded expansion length causing an out-of-memory process crash,3.0
TanStack/devtools,grype,GHSA-mh99-v99m-4gvg,High,/pnpm-lock.yaml,,brace-expansion,2.0.3,2.1.3,npm,,brace-expansion: DoS via unbounded expansion length causing an out-of-memory process crash,3.0
TanStack/devtools,grype,GHSA-mh99-v99m-4gvg,High,/pnpm-lock.yaml,,brace-expansion,5.0.5,5.0.8,npm,,brace-expansion: DoS via unbounded expansion length causing an out-of-memory process crash,3.0
TanStack/devtools,grype,GHSA-mmx7-hfxf-jppx,Medium,/pnpm-lock.yaml,,axios,1.15.0,1.18.0,npm,,Axios: Prototype pollution gadgets can alter axios request construction,2.0
TanStack/devtools,grype,GHSA-mp2g-9vg9-f4cg,High,/examples/solid/start/pnpm-lock.yaml,,h3,1.15.3,1.15.5,npm,,h3 v1 has Request Smuggling (TE.TE) issue,3.0
TanStack/devtools,grype,GHSA-mp2g-9vg9-f4cg,High,/pnpm-lock.yaml,,h3,1.15.3,1.15.5,npm,,h3 v1 has Request Smuggling (TE.TE) issue,3.0
TanStack/devtools,grype,GHSA-mv8w-475r-vwqw,Critical,/examples/react/a11y-devtools/pnpm-lock.yaml,,seroval,1.3.2,1.5.3,npm,,seroval: `seroval.fromJSON()` Promise resolver type confusion invokes attacker-controlled methods during deserialization,4.0
TanStack/devtools,grype,GHSA-mv8w-475r-vwqw,Critical,/examples/solid/start/pnpm-lock.yaml,,seroval,1.3.2,1.5.3,npm,,seroval: `seroval.fromJSON()` Promise resolver type confusion invokes attacker-controlled methods during deserialization,4.0
TanStack/devtools,grype,GHSA-mw96-cpmx-2vgc,High,/examples/react/a11y-devtools/pnpm-lock.yaml,,rollup,4.55.1,4.59.0,npm,,Rollup 4 has Arbitrary File Write via Path Traversal,3.0
TanStack/devtools,grype,GHSA-mw96-cpmx-2vgc,High,/examples/solid/start/pnpm-lock.yaml,,rollup,4.46.2,4.59.0,npm,,Rollup 4 has Arbitrary File Write via Path Traversal,3.0
TanStack/devtools,grype,GHSA-mwf2-3pr3-8698,Medium,/pnpm-lock.yaml,,axios,1.15.0,1.18.0,npm,,Axios: HTTP/2 streamed uploads bypass `maxBodyLength`,2.0
TanStack/devtools,grype,GHSA-mwp4-54f8-5fhr,High,/pnpm-lock.yaml,,ip-address,10.1.0,10.3.1,npm,,"ip-address: Address4 decodes leading-zero octets as decimal while resolvers decode them as octal, allowing SSRF and trust-boundary bypass",3.0
TanStack/devtools,grype,GHSA-mx8g-39q3-5c79,Medium,/pnpm-lock.yaml,,webpack-dev-server,5.2.2,5.2.5,npm,,webpack-dev-server vulnerable to HMR WebSocket interception via permissive user proxies,2.0
TanStack/devtools,grype,GHSA-p297-fm68-3q8c,Medium,/pnpm-lock.yaml,,@angular/common,21.2.12,21.2.20,npm,,Angular: Information Leak via `HttpTransferCache` Bypass When Using `withRequestsMadeViaParent`,2.0
TanStack/devtools,grype,GHSA-p3vc-36g9-x9gr,High,/pnpm-lock.yaml,,@angular/common,21.2.12,21.2.15,npm,,@angular/common: Denial of Service (DoS) via OOM in Number Formatting (digitsInfo),3.0
TanStack/devtools,grype,GHSA-p498-v437-472g,Medium,/pnpm-lock.yaml,,@humanfs/node,0.16.7,0.16.8,npm,,humanfs: Recursive copy follows symlinked files and copies data from outside the source tree,2.0
TanStack/devtools,grype,GHSA-p6vx-979v-rg4c,Critical,/examples/react/a11y-devtools/pnpm-lock.yaml,,seroval,1.3.2,1.6.2,npm,,Seroval: `fromJSON()` Promise thenable assimilation invokes plugin-produced callables (bypass of GHSA-mv8w-475r-vwqw),4.0
TanStack/devtools,grype,GHSA-p6vx-979v-rg4c,Critical,/examples/solid/start/pnpm-lock.yaml,,seroval,1.3.2,1.6.2,npm,,Seroval: `fromJSON()` Promise thenable assimilation invokes plugin-produced callables (bypass of GHSA-mv8w-475r-vwqw),4.0
TanStack/devtools,grype,GHSA-p6vx-979v-rg4c,Critical,/pnpm-lock.yaml,,seroval,1.5.4,1.6.2,npm,,Seroval: `fromJSON()` Promise thenable assimilation invokes plugin-produced callables (bypass of GHSA-mv8w-475r-vwqw),4.0
TanStack/devtools,grype,GHSA-p77w-8qqv-26rm,Medium,/pnpm-lock.yaml,,hono,4.12.12,4.12.18,npm,,Hono's Cache Middleware ignores Vary: Authorization / Vary: Cookie leading to cross-user cache leakage,2.0
TanStack/devtools,grype,GHSA-p88m-4jfj-68fv,Medium,/pnpm-lock.yaml,,undici,7.24.4,7.28.0,npm,,undici vulnerable to HTTP header injection via Set-Cookie percent-decoding,2.0
TanStack/devtools,grype,GHSA-p88m-4jfj-68fv,Medium,/pnpm-lock.yaml,,undici,7.24.8,7.28.0,npm,,undici vulnerable to HTTP header injection via Set-Cookie percent-decoding,2.0
TanStack/devtools,grype,GHSA-p92q-9vqr-4j8v,High,/pnpm-lock.yaml,,axios,1.15.0,1.16.0,npm,,Axios: Proxy-Authorization Credential Leak to Origin Server Across HTTP-to-HTTPS Redirect in Axios Node.js HTTP Adapter,3.0
TanStack/devtools,grype,GHSA-p9ff-h696-f583,High,/examples/react/a11y-devtools/pnpm-lock.yaml,,vite,7.3.1,7.3.2,npm,,Vite Vulnerable to Arbitrary File Read via Vite Dev Server WebSocket,3.0
TanStack/devtools,grype,GHSA-p9ff-h696-f583,High,/examples/solid/start/pnpm-lock.yaml,,vite,6.3.5,6.4.2,npm,,Vite Vulnerable to Arbitrary File Read via Vite Dev Server WebSocket,3.0
TanStack/devtools,grype,GHSA-p9ff-h696-f583,High,/pnpm-lock.yaml,,vite,6.4.1,6.4.2,npm,,Vite Vulnerable to Arbitrary File Read via Vite Dev Server WebSocket,3.0
TanStack/devtools,grype,GHSA-pf86-5x62-jrwf,High,/pnpm-lock.yaml,,axios,1.15.0,1.15.1,npm,,"Axios: Prototype Pollution Gadgets - Response Tampering, Data Exfiltration, and Request Hijacking",3.0
TanStack/devtools,grype,GHSA-ph9p-34f9-6g65,High,/examples/solid/start/pnpm-lock.yaml,,tmp,0.2.5,0.2.6,npm,,tmp has Path Traversal via unsanitized prefix/postfix that enables directory escape,3.0
TanStack/devtools,grype,GHSA-ph9p-34f9-6g65,High,/pnpm-lock.yaml,,tmp,0.2.4,0.2.6,npm,,tmp has Path Traversal via unsanitized prefix/postfix that enables directory escape,3.0
TanStack/devtools,grype,GHSA-pjwm-pj3p-43mv,High,/pnpm-lock.yaml,,axios,1.15.0,1.16.0,npm,,"axios's shouldBypassProxy does not recognize IPv4-mapped IPv6 addresses, allowing NO_PROXY bypass (incomplete fix for CVE-2025-62718)",3.0
TanStack/devtools,grype,GHSA-pmjh-fq2x-6v4x,Medium,/pnpm-lock.yaml,,undici,7.24.4,7.29.1,npm,,undici vulnerable to Denial of Service via orphaned RetryHandler response body,2.0
TanStack/devtools,grype,GHSA-pmjh-fq2x-6v4x,Medium,/pnpm-lock.yaml,,undici,7.24.8,7.29.1,npm,,undici vulnerable to Denial of Service via orphaned RetryHandler response body,2.0
TanStack/devtools,grype,GHSA-pmv8-rq9r-6j72,Medium,/pnpm-lock.yaml,,axios,1.15.0,1.18.0,npm,,Axios: Deep formToJSON Key Recursion Can Cause Denial of Service,2.0
TanStack/devtools,grype,GHSA-pmwg-cvhr-8vh7,High,/pnpm-lock.yaml,,axios,1.15.0,1.15.1,npm,,Axios: Incomplete Fix for CVE-2025-62718 — NO_PROXY Protection Bypassed via RFC 1122 Loopback Subnet (127.0.0.0/8) in Axios 1.15.0,3.0
TanStack/devtools,grype,GHSA-ppp5-5v6c-4jwp,High,/examples/solid/start/pnpm-lock.yaml,,node-forge,1.3.1,1.4.0,npm,,Forge has signature forgery in RSA-PKCS due to ASN.1 extra field,3.0
TanStack/devtools,grype,GHSA-pqg4-j6r4-53mv,Critical,/pnpm-lock.yaml,,shell-quote,1.10.0,1.11.0,npm,,shell-quote: `quote()` command injection via a line terminator in a token after a `{ comment }` token,4.0
TanStack/devtools,grype,GHSA-pr6f-5x2q-rwfp,Medium,/pnpm-lock.yaml,,svelte,5.55.1,5.55.7,npm,,Svelte SSR vulnerable to cross-site scripting via spread attributes,2.0
TanStack/devtools,grype,GHSA-pr7r-676h-xcf6,Medium,/pnpm-lock.yaml,,undici,7.24.4,7.28.0,npm,,undici vulnerable to cross-user information disclosure via shared cache whitespace bypass,2.0
TanStack/devtools,grype,GHSA-pr7r-676h-xcf6,Medium,/pnpm-lock.yaml,,undici,7.24.8,7.28.0,npm,,undici vulnerable to cross-user information disclosure via shared cache whitespace bypass,2.0
TanStack/devtools,grype,GHSA-q2hr-2g5m-vwhr,Medium,/examples/solid/start/pnpm-lock.yaml,,brace-expansion,2.0.2,2.1.7,npm,,"brace-expansion: Quadratic-time expansion of the `{a},b}` rewrite causes CPU denial of service",2.0
TanStack/devtools,grype,GHSA-q2hr-2g5m-vwhr,Medium,/pnpm-lock.yaml,,brace-expansion,1.1.13,1.1.21,npm,,"brace-expansion: Quadratic-time expansion of the `{a},b}` rewrite causes CPU denial of service",2.0
TanStack/devtools,grype,GHSA-q2hr-2g5m-vwhr,Medium,/pnpm-lock.yaml,,brace-expansion,2.0.3,2.1.7,npm,,"brace-expansion: Quadratic-time expansion of the `{a},b}` rewrite causes CPU denial of service",2.0
TanStack/devtools,grype,GHSA-q2hr-2g5m-vwhr,Medium,/pnpm-lock.yaml,,brace-expansion,5.0.5,5.0.12,npm,,"brace-expansion: Quadratic-time expansion of the `{a},b}` rewrite causes CPU denial of service",2.0
TanStack/devtools,grype,GHSA-q3j6-qgpj-74h6,High,/pnpm-lock.yaml,,fast-uri,3.1.0,3.1.1,npm,,fast-uri vulnerable to path traversal via percent-encoded dot segments,3.0
TanStack/devtools,grype,GHSA-q67f-28xg-22rw,High,/examples/solid/start/pnpm-lock.yaml,,node-forge,1.3.1,1.4.0,npm,,Forge has signature forgery in Ed25519 due to missing S > L check,3.0
TanStack/devtools,grype,GHSA-q6f4-qqrg-jv6x,High,/pnpm-lock.yaml,,@angular/common,21.2.12,21.2.15,npm,,@angular/common: Information Leak via Default Caching of Credentialed Requests in HttpTransferCache,3.0
TanStack/devtools,grype,GHSA-q8mj-m7cp-5q26,Medium,/examples/solid/start/pnpm-lock.yaml,,qs,6.14.0,6.15.2,npm,,qs has a remotely triggerable DoS: qs.stringify crashes with TypeError on null/undefined entries in comma-format arrays when encodeValuesOnly is set,2.0
TanStack/devtools,grype,GHSA-q8mj-m7cp-5q26,Medium,/pnpm-lock.yaml,,qs,6.15.1,6.15.2,npm,,qs has a remotely triggerable DoS: qs.stringify crashes with TypeError on null/undefined entries in comma-format arrays when encodeValuesOnly is set,2.0
TanStack/devtools,grype,GHSA-q8qp-cvcw-x6jj,High,/pnpm-lock.yaml,,axios,1.15.0,1.15.2,npm,,Axios has prototype pollution read-side gadgets in HTTP adapter that allow credential injection and request hijacking,3.0
TanStack/devtools,grype,GHSA-qffp-2rhf-9h96,High,/examples/solid/start/pnpm-lock.yaml,,tar,7.4.3,7.5.10,npm,,tar has Hardlink Path Traversal via Drive-Relative Linkpath,3.0
TanStack/devtools,grype,GHSA-qhr7-859c-m2p7,High,/examples/solid/start/pnpm-lock.yaml,,brace-expansion,2.0.2,2.1.6,npm,,brace-expansion: DoS via uncontrolled recursion on nested brace groups causing stack exhaustion,3.0
TanStack/devtools,grype,GHSA-qhr7-859c-m2p7,High,/pnpm-lock.yaml,,brace-expansion,1.1.13,1.1.20,npm,,brace-expansion: DoS via uncontrolled recursion on nested brace groups causing stack exhaustion,3.0
TanStack/devtools,grype,GHSA-qhr7-859c-m2p7,High,/pnpm-lock.yaml,,brace-expansion,2.0.3,2.1.6,npm,,brace-expansion: DoS via uncontrolled recursion on nested brace groups causing stack exhaustion,3.0
TanStack/devtools,grype,GHSA-qhr7-859c-m2p7,High,/pnpm-lock.yaml,,brace-expansion,5.0.5,5.0.11,npm,,brace-expansion: DoS via uncontrolled recursion on nested brace groups causing stack exhaustion,3.0
TanStack/devtools,grype,GHSA-qj8w-gfj5-8c6v,Medium,/examples/solid/start/pnpm-lock.yaml,,serialize-javascript,6.0.2,7.0.5,npm,,Serialize JavaScript has CPU Exhaustion Denial of Service via crafted array-like objects,2.0
TanStack/devtools,grype,GHSA-qp7p-654g-cw7p,Medium,/pnpm-lock.yaml,,hono,4.12.12,4.12.18,npm,,Hono has CSS Declaration Injection via Style Object Values in JSX SSR,2.0
TanStack/devtools,grype,GHSA-qw65-cvwx-89v3,High,/pnpm-lock.yaml,,fast-uri,3.1.0,3.1.7,npm,,fast-uri vulnerable to authority injection via an unvalidated port in serialize,3.0
TanStack/devtools,grype,GHSA-qx2v-qp2m-jg93,Medium,/examples/react/a11y-devtools/pnpm-lock.yaml,,postcss,8.5.6,8.5.10,npm,,PostCSS has XSS via Unescaped </style> in its CSS Stringify Output,2.0
TanStack/devtools,grype,GHSA-qx2v-qp2m-jg93,Medium,/examples/solid/start/pnpm-lock.yaml,,postcss,8.5.6,8.5.10,npm,,PostCSS has XSS via Unescaped </style> in its CSS Stringify Output,2.0
TanStack/devtools,grype,GHSA-qxc2-j82w-r537,High,/pnpm-lock.yaml,,@faker-js/faker,9.9.0,10.5.0,npm,,Faker: helpers.fake exploitable into arbritary code execution,3.0
TanStack/devtools,grype,GHSA-r28c-9q8g-f849,High,/examples/react/a11y-devtools/pnpm-lock.yaml,,postcss,8.5.6,8.5.18,npm,,PostCSS: Path Traversal in Previous Source Map Auto-Loading (sourceMappingURL) leads to Arbitrary .map File Disclosure,3.0
TanStack/devtools,grype,GHSA-r28c-9q8g-f849,High,/examples/solid/start/pnpm-lock.yaml,,postcss,8.5.6,8.5.18,npm,,PostCSS: Path Traversal in Previous Source Map Auto-Loading (sourceMappingURL) leads to Arbitrary .map File Disclosure,3.0
TanStack/devtools,grype,GHSA-r28c-9q8g-f849,High,/pnpm-lock.yaml,,postcss,8.5.14,8.5.18,npm,,PostCSS: Path Traversal in Previous Source Map Auto-Loading (sourceMappingURL) leads to Arbitrary .map File Disclosure,3.0
TanStack/devtools,grype,GHSA-r292-9mhp-454m,High,/examples/solid/start/pnpm-lock.yaml,,tar,7.4.3,7.5.21,npm,,node-tar: Uncontrolled recursion in mapHas/filesFilter allows uncatchable stack-overflow DoS via crafted long-path tar with member selection,3.0
TanStack/devtools,grype,GHSA-r292-9mhp-454m,High,/pnpm-lock.yaml,,tar,7.5.13,7.5.21,npm,,node-tar: Uncontrolled recursion in mapHas/filesFilter allows uncatchable stack-overflow DoS via crafted long-path tar with member selection,3.0
TanStack/devtools,grype,GHSA-r47g-fvhr-h676,Medium,/pnpm-lock.yaml,,dompurify,3.3.3,3.4.6,npm,,"DOMPurify: IN_PLACE mode preserves attributes of a clobbered root element, allowing XSS via attacker-controlled root DOM",2.0
TanStack/devtools,grype,GHSA-r4q5-vmmm-2653,Medium,/examples/solid/start/pnpm-lock.yaml,,follow-redirects,1.15.11,1.16.0,npm,,follow-redirects leaks Custom Authentication Headers to Cross-Domain Redirect Targets,2.0
TanStack/devtools,grype,GHSA-r4q5-vmmm-2653,Medium,/pnpm-lock.yaml,,follow-redirects,1.15.11,1.16.0,npm,,follow-redirects leaks Custom Authentication Headers to Cross-Domain Redirect Targets,2.0
TanStack/devtools,grype,GHSA-r4xh-jqrq-34v2,Medium,/pnpm-lock.yaml,,smol-toml,1.6.1,1.9.0,npm,,smol-toml: Quadratic-time parse() from parseKey rescanning to end of document on each key line,2.0
TanStack/devtools,grype,GHSA-r53p-7pc4-xj5r,Low,/pnpm-lock.yaml,,undici,7.24.4,7.29.1,npm,,undici vulnerable to downstream response splitting via retry interceptor,1.0
TanStack/devtools,grype,GHSA-r53p-7pc4-xj5r,Low,/pnpm-lock.yaml,,undici,7.24.8,7.29.1,npm,,undici vulnerable to downstream response splitting via retry interceptor,1.0
TanStack/devtools,grype,GHSA-r5fr-rjxr-66jc,High,/examples/solid/start/pnpm-lock.yaml,,lodash,4.17.21,4.18.0,npm,,lodash vulnerable to Code Injection via `_.template` imports key names,3.0
TanStack/devtools,grype,GHSA-r5fr-rjxr-66jc,High,/examples/solid/start/pnpm-lock.yaml,,lodash-es,4.17.21,4.18.0,npm,,lodash vulnerable to Code Injection via `_.template` imports key names,3.0
TanStack/devtools,grype,GHSA-r5fr-rjxr-66jc,High,/pnpm-lock.yaml,,lodash,4.17.21,4.18.0,npm,,lodash vulnerable to Code Injection via `_.template` imports key names,3.0
TanStack/devtools,grype,GHSA-r5fr-rjxr-66jc,High,/pnpm-lock.yaml,,lodash-es,4.17.23,4.18.0,npm,,lodash vulnerable to Code Injection via `_.template` imports key names,3.0
TanStack/devtools,grype,GHSA-r6q2-hw4h-h46w,High,/examples/solid/start/pnpm-lock.yaml,,tar,7.4.3,7.5.4,npm,,Race Condition in node-tar Path Reservations via Unicode Ligature Collisions on macOS APFS,3.0
TanStack/devtools,grype,GHSA-rcqx-6q8c-2c42,Medium,/pnpm-lock.yaml,,svelte,5.55.1,5.55.7,npm,,Svelte Vulnerable to XSS via DOM Clobbering of Internal Framework State,2.0
TanStack/devtools,grype,GHSA-rfgv-xxqx-mfg5,High,/pnpm-lock.yaml,,undici,7.24.4,7.29.1,npm,,undici vulnerable to Denial of Service via unrequested WebSocket subprotocol,3.0
TanStack/devtools,grype,GHSA-rfgv-xxqx-mfg5,High,/pnpm-lock.yaml,,undici,7.24.8,7.29.1,npm,,undici vulnerable to Denial of Service via unrequested WebSocket subprotocol,3.0
TanStack/devtools,grype,GHSA-rgj7-g3m4-5g8c,High,/pnpm-lock.yaml,,sharp,0.34.5,0.35.4,npm,,sharp: Vulnerabilities in libheif: GHSA-g89c-p67h-r497 and GHSA-2jg2-4ch7-h545,3.0
TanStack/devtools,grype,GHSA-rgjc-h3x7-9mwg,High,/pnpm-lock.yaml,,@angular/core,21.2.12,21.2.17,npm,,Angular Client Hydration DOM Clobbering & Response-Cache Poisoning,3.0
TanStack/devtools,grype,GHSA-rgw5-rvv9-x895,High,/examples/solid/start/pnpm-lock.yaml,,brace-expansion,2.0.2,2.1.4,npm,,"brace-expansion: DoS via unbounded intermediate arrays, bypassing the CVE-2026-14257 mitigation",3.0
TanStack/devtools,grype,GHSA-rgw5-rvv9-x895,High,/pnpm-lock.yaml,,brace-expansion,1.1.13,1.1.18,npm,,"brace-expansion: DoS via unbounded intermediate arrays, bypassing the CVE-2026-14257 mitigation",3.0
TanStack/devtools,grype,GHSA-rgw5-rvv9-x895,High,/pnpm-lock.yaml,,brace-expansion,2.0.3,2.1.4,npm,,"brace-expansion: DoS via unbounded intermediate arrays, bypassing the CVE-2026-14257 mitigation",3.0
TanStack/devtools,grype,GHSA-rgw5-rvv9-x895,High,/pnpm-lock.yaml,,brace-expansion,5.0.5,5.0.9,npm,,"brace-expansion: DoS via unbounded intermediate arrays, bypassing the CVE-2026-14257 mitigation",3.0
TanStack/devtools,grype,GHSA-rhh3-jpg6-66xh,Medium,/pnpm-lock.yaml,,mermaid,11.13.0,11.16.1,npm,,Mermaid radar diagrams are vulnerable to DoS,2.0
TanStack/devtools,grype,GHSA-rj75-hqrm-r3gf,Medium,/pnpm-lock.yaml,,postcss-selector-parser,7.1.1,7.1.6,npm,,PostCSS: Quadratic complexity in flat selector parsing allows CPU exhaustion,2.0
TanStack/devtools,grype,GHSA-rp9w-3fw7-7cwq,Medium,/pnpm-lock.yaml,,dompurify,3.3.3,3.4.7,npm,,DOMPurify IN_PLACE Sanitization Bypass via Attached Shadow Root Inside <template>.content,2.0
TanStack/devtools,grype,GHSA-rpw4-54j3-4h4q,Medium,/pnpm-lock.yaml,,ip-address,10.1.0,10.5.1,npm,,"ip-address: Address6.isLinkLocal() recognizes fe80::/64 rather than fe80::/10, allowing SSRF and trust-boundary bypass to on-link hosts",2.0
TanStack/devtools,grype,GHSA-rv63-4mwf-qqc2,Medium,/pnpm-lock.yaml,,hono,4.12.12,4.12.25,npm,,hono: Body Limit Middleware can be bypassed on AWS Lambda by understating `Content-Length`,2.0
TanStack/devtools,grype,GHSA-rx4f-c7p8-82vq,Medium,/pnpm-lock.yaml,,undici,7.24.4,7.29.1,npm,,undici vulnerable to Denial of Service via WebSocketStream unclean close,2.0
TanStack/devtools,grype,GHSA-rx4f-c7p8-82vq,Medium,/pnpm-lock.yaml,,undici,7.24.8,7.29.1,npm,,undici vulnerable to Denial of Service via WebSocketStream unclean close,2.0
TanStack/devtools,grype,GHSA-v245-v573-v5vm,High,/pnpm-lock.yaml,,linkify-it,5.0.0,5.0.2,npm,,linkify-it: Quadratic-complexity DoS via the `mailto:` validator scan-loop on attacker text,3.0
TanStack/devtools,grype,GHSA-v2hh-gcrm-f6hx,High,/pnpm-lock.yaml,,fast-uri,3.1.0,3.1.4,npm,,fast-uri vulnerable to host confusion via literal backslash authority delimiter,3.0
TanStack/devtools,grype,GHSA-v2v4-37r5-5v8g,Medium,/pnpm-lock.yaml,,ip-address,10.1.0,10.1.1,npm,,ip-address has XSS in Address6 HTML-emitting methods,2.0
TanStack/devtools,grype,GHSA-v2wj-q39q-566r,High,/examples/react/a11y-devtools/pnpm-lock.yaml,,vite,7.3.1,7.3.2,npm,,Vite: `server.fs.deny` bypassed with queries,3.0
TanStack/devtools,grype,GHSA-v39h-62p7-jpjc,High,/pnpm-lock.yaml,,fast-uri,3.1.0,3.1.2,npm,,fast-uri vulnerable to host confusion via percent-encoded authority delimiters,3.0
TanStack/devtools,grype,GHSA-v3r7-h72x-cjcm,Medium,/pnpm-lock.yaml,,undici,7.24.4,7.29.0,npm,,undici vulnerable to cookie attribute injection via unsanitized domain and unparsed setCookie fields,2.0
TanStack/devtools,grype,GHSA-v3r7-h72x-cjcm,Medium,/pnpm-lock.yaml,,undici,7.24.8,7.29.0,npm,,undici vulnerable to cookie attribute injection via unsanitized domain and unparsed setCookie fields,2.0
TanStack/devtools,grype,GHSA-v422-hmwv-36x6,Low,/pnpm-lock.yaml,,body-parser,2.2.2,2.3.0,npm,,body-parser vulnerable to denial of service when invalid limit value silently disables size enforcement,1.0
TanStack/devtools,grype,GHSA-v56q-mh7h-f735,High,/pnpm-lock.yaml,,immutable,5.1.5,5.1.8,npm,,Immutable.js `List` 32-bit trie overflow → unrecoverable DoS,3.0
TanStack/devtools,grype,GHSA-v5mp-jgw5-2x6j,High,/examples/solid/start/pnpm-lock.yaml,,toml,3.0.0,4.1.2,npm,,toml-node: Prototype Pollution Leads to `Object.prototype` Corruption via `__proto__` Key-Path Desynchronization,3.0
TanStack/devtools,grype,GHSA-v6wh-96g9-6wx3,Medium,/examples/react/a11y-devtools/pnpm-lock.yaml,,vite,7.3.1,7.3.5,npm,,launch-editor: NTLMv2 hash disclosure via UNC path handling on Windows,2.0
TanStack/devtools,grype,GHSA-v6wh-96g9-6wx3,Medium,/examples/solid/start/pnpm-lock.yaml,,vite,6.3.5,6.4.3,npm,,launch-editor: NTLMv2 hash disclosure via UNC path handling on Windows,2.0
TanStack/devtools,grype,GHSA-v6wh-96g9-6wx3,Medium,/pnpm-lock.yaml,,launch-editor,2.13.2,2.14.1,npm,,launch-editor: NTLMv2 hash disclosure via UNC path handling on Windows,2.0
TanStack/devtools,grype,GHSA-v6wh-96g9-6wx3,Medium,/pnpm-lock.yaml,,vite,6.4.1,6.4.3,npm,,launch-editor: NTLMv2 hash disclosure via UNC path handling on Windows,2.0
TanStack/devtools,grype,GHSA-v6wh-96g9-6wx3,Medium,/pnpm-lock.yaml,,vite,7.3.2,7.3.5,npm,,launch-editor: NTLMv2 hash disclosure via UNC path handling on Windows,2.0
TanStack/devtools,grype,GHSA-v6wh-96g9-6wx3,Medium,/pnpm-lock.yaml,,vite,8.0.12,8.0.16,npm,,launch-editor: NTLMv2 hash disclosure via UNC path handling on Windows,2.0
TanStack/devtools,grype,GHSA-v9jr-rg53-9pgp,Medium,/pnpm-lock.yaml,,dompurify,3.3.3,3.4.0,npm,,DOMPurify: Prototype Pollution to XSS Bypass via CUSTOM_ELEMENT_HANDLING Fallback,2.0
TanStack/devtools,grype,GHSA-vc2v-76pw-4v95,High,/pnpm-lock.yaml,,compression,1.8.1,1.8.2,npm,,compression vulnerable to Denial of Service via memory leak on premature response close,3.0
TanStack/devtools,grype,GHSA-vf2m-468p-8v99,Medium,/pnpm-lock.yaml,,axios,1.15.0,1.15.1,npm,,Axios: HTTP adapter streamed responses bypass maxContentLength,2.0
TanStack/devtools,grype,GHSA-vfj7-8cjw-p6xm,High,/examples/solid/start/pnpm-lock.yaml,,braces,3.0.3,,npm,,braces vulnerable to stack-exhaustion denial of service through deeply nested patterns,3.0
TanStack/devtools,grype,GHSA-vfj7-8cjw-p6xm,High,/pnpm-lock.yaml,,braces,3.0.3,,npm,,braces vulnerable to stack-exhaustion denial of service through deeply nested patterns,3.0
TanStack/devtools,grype,GHSA-vh66-26gq-q6x8,Medium,/pnpm-lock.yaml,,axios,1.15.0,1.20.0,npm,,Axios: Prototype pollution gadget in fetch adapter can alter outbound requests,2.0
TanStack/devtools,grype,GHSA-vmf3-w455-68vh,Medium,/examples/solid/start/pnpm-lock.yaml,,tar,7.4.3,7.5.16,npm,,"node-tar applies PAX size override to intermediary GNU long-name/long-link headers, causing tar parser interpretation differential (file smuggling)",2.0
TanStack/devtools,grype,GHSA-vmf3-w455-68vh,Medium,/pnpm-lock.yaml,,tar,7.5.13,7.5.16,npm,,"node-tar applies PAX size override to intermediary GNU long-name/long-link headers, causing tar parser interpretation differential (file smuggling)",2.0
TanStack/devtools,grype,GHSA-vmh5-mc38-953g,High,/pnpm-lock.yaml,,undici,7.24.4,7.28.0,npm,,undici vulnerable to TLS certificate validation bypass via dropped requestTls in SOCKS5 ProxyAgent,3.0
TanStack/devtools,grype,GHSA-vmh5-mc38-953g,High,/pnpm-lock.yaml,,undici,7.24.8,7.28.0,npm,,undici vulnerable to TLS certificate validation bypass via dropped requestTls in SOCKS5 ProxyAgent,3.0
TanStack/devtools,grype,GHSA-vp3h-ghgh-jr7g,High,/pnpm-lock.yaml,,nx,22.1.3,22.7.7,npm,,Nx: Zip-Slip in the self-hosted remote cache,3.0
TanStack/devtools,grype,GHSA-vxpw-j846-p89q,High,/pnpm-lock.yaml,,undici,7.24.4,7.28.0,npm,,undici WebSocket client vulnerable to denial of service via fragment count bypass,3.0
TanStack/devtools,grype,GHSA-vxpw-j846-p89q,High,/pnpm-lock.yaml,,undici,7.24.8,7.28.0,npm,,undici WebSocket client vulnerable to denial of service via fragment count bypass,3.0
TanStack/devtools,grype,GHSA-vxr8-fq34-vvx9,Low,/pnpm-lock.yaml,,dompurify,3.3.3,3.4.9,npm,,DOMPurify: Trusted Types policy survives `clearConfig()` and can poison later `RETURN_TRUSTED_TYPE` output,1.0
TanStack/devtools,grype,GHSA-w293-vg96-wgc3,High,/pnpm-lock.yaml,,undici,7.24.4,7.29.1,npm,,undici vulnerable to TLS certificate validation bypass via dropped connect options in BalancedPool,3.0
TanStack/devtools,grype,GHSA-w293-vg96-wgc3,High,/pnpm-lock.yaml,,undici,7.24.8,7.29.1,npm,,undici vulnerable to TLS certificate validation bypass via dropped connect options in BalancedPool,3.0
TanStack/devtools,grype,GHSA-w2vw-w76x-qr89,High,/pnpm-lock.yaml,,nx,22.1.3,22.7.8,npm,,Nx: OS command injection via git revisions and remote refs,3.0
TanStack/devtools,grype,GHSA-w3vv-58gj-gw77,High,/pnpm-lock.yaml,,nx,22.1.3,22.7.9,npm,,Nx daemon and plugin worker sockets are accessible to other local users,3.0
TanStack/devtools,grype,GHSA-w4pp-8pjf-rmxw,High,/pnpm-lock.yaml,,pacote,21.3.1,21.5.1,npm,,pacote is vulnerable to Denial of Service (DoS) via the addGitSha function,3.0
TanStack/devtools,grype,GHSA-w5hq-g745-h8pq,Medium,/examples/solid/start/pnpm-lock.yaml,,uuid,11.1.0,11.1.1,npm,,uuid: Missing buffer bounds check in v3/v5/v6 when buf is provided,2.0
TanStack/devtools,grype,GHSA-w5hq-g745-h8pq,Medium,/pnpm-lock.yaml,,uuid,11.1.0,11.1.1,npm,,uuid: Missing buffer bounds check in v3/v5/v6 when buf is provided,2.0
TanStack/devtools,grype,GHSA-w5hq-g745-h8pq,Medium,/pnpm-lock.yaml,,uuid,8.3.2,11.1.1,npm,,uuid: Missing buffer bounds check in v3/v5/v6 when buf is provided,2.0
TanStack/devtools,grype,GHSA-w5vr-8v7q-w6rv,Medium,/examples/react/a11y-devtools/pnpm-lock.yaml,,baseline-browser-mapping,2.9.14,2.11.0,npm,,baseline-browser-mapping process termination on invalid input causes denial of service,2.0
TanStack/devtools,grype,GHSA-w5vr-8v7q-w6rv,Medium,/pnpm-lock.yaml,,baseline-browser-mapping,2.10.13,2.11.0,npm,,baseline-browser-mapping process termination on invalid input causes denial of service,2.0
TanStack/devtools,grype,GHSA-w62v-xxxg-mg59,Medium,/pnpm-lock.yaml,,hono,4.12.12,4.12.27,npm,,Hono: Server-Side XSS via JSX Escaping Bypass in cx() Utility,2.0
TanStack/devtools,grype,GHSA-w7fw-mjwx-w883,Low,/examples/solid/start/pnpm-lock.yaml,,qs,6.14.0,6.14.2,npm,,qs's arrayLimit bypass in comma parsing allows denial of service,1.0
TanStack/devtools,grype,GHSA-w7jw-789q-3m8p,Critical,/pnpm-lock.yaml,,shell-quote,1.8.3,1.8.4,npm,,shell-quote quote() does not escape newlines in object .op values,4.0
TanStack/devtools,grype,GHSA-w8wr-v893-vjvp,Medium,/examples/solid/start/pnpm-lock.yaml,,tar,7.4.3,7.5.18,npm,,node-tar: Process crash via PAX numeric path type confusion,2.0
TanStack/devtools,grype,GHSA-w8wr-v893-vjvp,Medium,/pnpm-lock.yaml,,tar,7.5.13,7.5.18,npm,,node-tar: Process crash via PAX numeric path type confusion,2.0
TanStack/devtools,grype,GHSA-w9j2-pvgh-6h63,Medium,/pnpm-lock.yaml,,axios,1.15.0,1.15.1,npm,,Axios: Authentication Bypass via Prototype Pollution Gadget in `validateStatus` Merge Strategy,2.0
TanStack/devtools,grype,GHSA-w9m9-85wc-3x92,Low,/pnpm-lock.yaml,,postcss-selector-parser,7.1.1,7.1.3,npm,,postcss-selector-parser allows denial of service through uncontrolled AST recursion,1.0
TanStack/devtools,grype,GHSA-wcpc-wj8m-hjx6,High,/pnpm-lock.yaml,,protobufjs,7.5.8,7.6.1,npm,,protobufjs: Denial of service through unbounded Any expansion during JSON conversion,3.0
TanStack/devtools,grype,GHSA-wf3x-273g-mvxv,Low,/pnpm-lock.yaml,,devalue,5.8.0,5.9.3,npm,,devalue: Sparse arrays emitted by uneval cause eager allocation when evaluated,1.0
TanStack/devtools,grype,GHSA-wgpf-jwqj-8h8p,Medium,/pnpm-lock.yaml,,hono,4.12.12,4.12.25,npm,,"hono: Lambda@Edge adapter keeps only the last value of a repeated request header, dropping the rest",2.0
TanStack/devtools,grype,GHSA-wq5f-xc86-pv6w,High,/pnpm-lock.yaml,,sharp,0.34.5,0.35.5,npm,,sharp : Vulnerability in librsvg dependency CVE-2026-96889,3.0
TanStack/devtools,grype,GHSA-wr4h-v87w-p3r7,Medium,/examples/solid/start/pnpm-lock.yaml,,h3,1.15.3,1.15.6,npm,,h3 has a Path Traversal via Percent-Encoded Dot Segments in serveStatic Allows Arbitrary File Read,2.0
TanStack/devtools,grype,GHSA-wr4h-v87w-p3r7,Medium,/pnpm-lock.yaml,,h3,1.15.3,1.15.6,npm,,h3 has a Path Traversal via Percent-Encoded Dot Segments in serveStatic Allows Arbitrary File Read,2.0
TanStack/devtools,grype,GHSA-wwfh-h76j-fc44,Medium,/pnpm-lock.yaml,,hono,4.12.12,4.12.25,npm,,hono: Path traversal in `serve-static` on Windows via encoded backslash (`%5C`),2.0
TanStack/devtools,grype,GHSA-x4vx-rjvf-j5p4,Low,/pnpm-lock.yaml,,dompurify,3.3.3,,npm,,"DOMPurify: `IN_PLACE` mode trusts attacker-controlled `nodeName` on live non-form nodes, allowing script retention and XSS via attacker-supplied DOM objects",1.0
TanStack/devtools,grype,GHSA-x5fp-wj9c-mxmx,Medium,/pnpm-lock.yaml,,qs,6.15.1,6.16.0,npm,,qs array-limit bypass via bracket-key comma parsing,2.0
TanStack/devtools,grype,GHSA-x5rw-q4pp-hg5g,High,/pnpm-lock.yaml,,devalue,5.8.0,5.9.3,npm,,devalue: stringifyAsync can cause an unhandled rejection despite a caught returned promise,3.0
TanStack/devtools,grype,GHSA-x8mw-p69m-v3mx,High,/examples/solid/start/pnpm-lock.yaml,,@fastify/busboy,3.1.1,3.2.1,npm,,@fastify/busboy vulnerable to Denial of Service via prototype-named multipart part header,3.0
TanStack/devtools,grype,GHSA-x9g3-xrwr-cwfg,High,/pnpm-lock.yaml,,piscina,5.1.4,5.2.0,npm,,piscina: Prototype Pollution Gadget → RCE via inherited options.filename,3.0
TanStack/devtools,grype,GHSA-xcj9-5m2h-648r,Medium,/pnpm-lock.yaml,,mermaid,11.13.0,11.15.0,npm,,Mermaid: Improper sanitization of `classDefs` in diagrams leads to CSS injection,2.0
TanStack/devtools,grype,GHSA-xgjw-pm74-86q4,Medium,/pnpm-lock.yaml,,@sigstore/verify,3.1.0,3.1.1,npm,,sigstore-js has Insufficient Verification of Data Authenticity,2.0
TanStack/devtools,grype,GHSA-xgm2-5f3f-mvvc,Medium,/pnpm-lock.yaml,,hono,4.12.12,4.12.27,npm,,Hono: API Gateway v1 adapter can drop a distinct repeated request header value during de-duplication,2.0
TanStack/devtools,grype,GHSA-xhjh-pmcv-23jw,Low,/pnpm-lock.yaml,,axios,1.15.0,1.15.1,npm,,Axios: Null Byte Injection via Reverse-Encoding in AxiosURLSearchParams,1.0
TanStack/devtools,grype,GHSA-xjh9-v7x6-24jw,High,/examples/solid/start/pnpm-lock.yaml,,@fastify/busboy,3.1.1,3.2.1,npm,,@fastify/busboy vulnerable to Denial of Service via oversized multipart boundary,3.0
TanStack/devtools,grype,GHSA-xrhx-7g5j-rcj5,Medium,/pnpm-lock.yaml,,hono,4.12.12,4.12.21,npm,,Hono: IP Restriction bypasses static deny rules for non-canonical IPv6,2.0
TanStack/devtools,grype,GHSA-xvcm-6775-5m9r,High,/pnpm-lock.yaml,,immutable,5.1.5,5.1.8,npm,,Immutable: Hash-collision algorithmic complexity denial of service in Immutable.Map/Set,3.0
TanStack/devtools,grype,GHSA-xwg4-73v4-xw9w,High,/examples/react/a11y-devtools/pnpm-lock.yaml,,nanoid,3.3.11,3.3.12,npm,,nanoid: Integer Overflow or Wraparound,3.0
TanStack/devtools,grype,GHSA-xwg4-73v4-xw9w,High,/examples/solid/start/pnpm-lock.yaml,,nanoid,3.3.11,3.3.12,npm,,nanoid: Integer Overflow or Wraparound,3.0
TanStack/devtools,grype,GHSA-xwg4-73v4-xw9w,High,/pnpm-lock.yaml,,nanoid,3.3.11,3.3.12,npm,,nanoid: Integer Overflow or Wraparound,3.0
TanStack/devtools,grype,GHSA-xwg4-73v4-xw9w,High,/pnpm-lock.yaml,,nanoid,5.1.7,5.1.11,npm,,nanoid: Integer Overflow or Wraparound,3.0
TanStack/devtools,grype,GHSA-xx6v-rp6x-q39c,Medium,/pnpm-lock.yaml,,axios,1.15.0,1.15.1,npm,,Axios: XSRF Token Cross-Origin Leakage via Prototype Pollution Gadget in `withXSRFToken` Boolean Coercion,2.0
TanStack/devtools,grype,GHSA-xxjr-mmjv-4gpg,Medium,/examples/solid/start/pnpm-lock.yaml,,lodash,4.17.21,4.17.23,npm,,Lodash has Prototype Pollution Vulnerability in `_.unset` and `_.omit` functions,2.0
TanStack/devtools,grype,GHSA-xxjr-mmjv-4gpg,Medium,/examples/solid/start/pnpm-lock.yaml,,lodash-es,4.17.21,4.17.23,npm,,Lodash has Prototype Pollution Vulnerability in `_.unset` and `_.omit` functions,2.0
TanStack/devtools,grype,GHSA-xxjr-mmjv-4gpg,Medium,/pnpm-lock.yaml,,lodash,4.17.21,4.17.23,npm,,Lodash has Prototype Pollution Vulnerability in `_.unset` and `_.omit` functions,2.0
TanStack/form,grype,GHSA-22jq-vg5j-6vgg,Medium,/pnpm-lock.yaml,,ip-address,10.2.0,10.2.1,npm,,ip-address: misclassification of IPv4-mapped/NAT64 IPv6 addresses can bypass SSRF and trust-boundary checks,2.0
TanStack/form,grype,GHSA-23c5-xmqv-rm74,High,/pnpm-lock.yaml,,minimatch,3.0.8,3.1.4,npm,,minimatch ReDoS: nested *() extglobs generate catastrophically backtracking regular expressions,3.0
TanStack/form,grype,GHSA-23hp-3jrh-7fpw,Critical,/pnpm-lock.yaml,,tar,6.2.1,7.5.19,npm,,node-tar: Decompression/parse DoS via unlimited input,4.0
TanStack/form,grype,GHSA-23hp-3jrh-7fpw,Critical,/pnpm-lock.yaml,,tar,7.5.15,7.5.19,npm,,node-tar: Decompression/parse DoS via unlimited input,4.0
TanStack/form,grype,GHSA-253c-mchw-3w2r,Medium,/pnpm-lock.yaml,,markdown-it,14.2.0,14.3.1,npm,,"markdown-it linkify: true has two quadratic paths, so a few hundred KB of markdown blocks the event loop for tens of seconds",2.0
TanStack/form,grype,GHSA-27p8-2357-5qqv,High,/pnpm-lock.yaml,,@xmldom/xmldom,0.8.13,0.8.15,npm,,xmldom: DocType `name` Injection Bypasses requireWellFormed,3.0
TanStack/form,grype,GHSA-27p8-2357-5qqv,High,/pnpm-lock.yaml,,@xmldom/xmldom,0.9.10,0.9.12,npm,,xmldom: DocType `name` Injection Bypasses requireWellFormed,3.0
TanStack/form,grype,GHSA-2883-xcg3-v3hh,High,/pnpm-lock.yaml,,js-yaml,3.14.2,3.15.2,npm,,js-yaml: maxTotalMergeKeys does not limit CPU use for empty merge sources,3.0
TanStack/form,grype,GHSA-2883-xcg3-v3hh,High,/pnpm-lock.yaml,,js-yaml,4.1.1,4.3.2,npm,,js-yaml: maxTotalMergeKeys does not limit CPU use for empty merge sources,3.0
TanStack/form,grype,GHSA-28wg-ghj8-5hjv,High,/pnpm-lock.yaml,,nanoid,3.3.12,3.3.16,npm,,nanoid: non-secure generators can loop indefinitely with negative size,3.0
TanStack/form,grype,GHSA-2g4f-4pwh-qvx6,Medium,/pnpm-lock.yaml,,ajv,8.12.0,8.18.0,npm,,ajv has ReDoS when using `$data` option,2.0
TanStack/form,grype,GHSA-2g4f-4pwh-qvx6,Medium,/pnpm-lock.yaml,,ajv,8.13.0,8.18.0,npm,,ajv has ReDoS when using `$data` option,2.0
TanStack/form,grype,GHSA-2gqq-gqf2-x968,Low,/pnpm-lock.yaml,,undici,7.24.4,7.29.1,npm,,undici vulnerable to response truncation via oversized chunked responses in the dump interceptor,1.0
TanStack/form,grype,GHSA-2gqq-gqf2-x968,Low,/pnpm-lock.yaml,,undici,7.26.0,7.29.1,npm,,undici vulnerable to response truncation via oversized chunked responses in the dump interceptor,1.0
TanStack/form,grype,GHSA-2j2x-hqr9-3h42,Medium,/pnpm-lock.yaml,,@remix-run/router,1.23.2,1.23.3,npm,,React Router's same-origin redirect with path starting // causes open redirect via protocol-relative URL reinterpretation,2.0
TanStack/form,grype,GHSA-2j2x-hqr9-3h42,Medium,/pnpm-lock.yaml,,react-router,6.30.3,6.30.4,npm,,React Router's same-origin redirect with path starting // causes open redirect via protocol-relative URL reinterpretation,2.0
TanStack/form,grype,GHSA-2jfj-6hjv-fm6j,Medium,/pnpm-lock.yaml,,undici,7.24.4,7.29.1,npm,,undici vulnerable to cross-user cookie disclosure via Set-Cookie caching in shared caches,2.0
TanStack/form,grype,GHSA-2jfj-6hjv-fm6j,Medium,/pnpm-lock.yaml,,undici,7.26.0,7.29.1,npm,,undici vulnerable to cross-user cookie disclosure via Set-Cookie caching in shared caches,2.0
TanStack/form,grype,GHSA-2v37-7h3g-55p8,High,/pnpm-lock.yaml,,nanoid,3.3.12,3.3.18,npm,,nanoid: custom generators can loop indefinitely when size is zero,3.0
TanStack/form,grype,GHSA-2vr4-cq9g-pvrc,Medium,/pnpm-lock.yaml,,ip-address,10.2.0,10.5.1,npm,,"ip-address: no classifier recognizes the NAT64 local-use range 64:ff9b:1::/48, allowing SSRF and trust-boundary bypass",2.0
TanStack/form,grype,GHSA-2xp9-vwfh-vxw4,Critical,/pnpm-lock.yaml,,next,16.2.6,16.3.3,npm,,Next.js: Unauthenticated Remote Code Execution in Image Optimization API when AVIF files are used,4.0
TanStack/form,grype,GHSA-337j-9hxr-rhxg,Medium,/pnpm-lock.yaml,,react-router,6.30.3,7.18.0,npm,,React Router: Arbitrary Constructor Injection via deserializeErrors() in React Router SSR Hydration,2.0
TanStack/form,grype,GHSA-34x7-hfp2-rc4v,High,/pnpm-lock.yaml,,tar,6.2.1,7.5.7,npm,,node-tar Vulnerable to Arbitrary File Creation/Overwrite via Hardlink Path Traversal,3.0
TanStack/form,grype,GHSA-35p6-xmwp-9g52,Low,/pnpm-lock.yaml,,undici,6.26.0,6.27.0,npm,,undici vulnerable to HTTP response queue poisoning via keep-alive socket reuse,1.0
TanStack/form,grype,GHSA-35p6-xmwp-9g52,Low,/pnpm-lock.yaml,,undici,7.24.4,7.28.0,npm,,undici vulnerable to HTTP response queue poisoning via keep-alive socket reuse,1.0
TanStack/form,grype,GHSA-35p6-xmwp-9g52,Low,/pnpm-lock.yaml,,undici,7.26.0,7.28.0,npm,,undici vulnerable to HTTP response queue poisoning via keep-alive socket reuse,1.0
TanStack/form,grype,GHSA-395f-4hp3-45gv,High,/pnpm-lock.yaml,,shell-quote,1.8.4,1.9.0,npm,,shell-quote: Quadratic-complexity Denial of Service in `parse()` (CWE-407),3.0
TanStack/form,grype,GHSA-39pv-4j6c-2g6v,High,/pnpm-lock.yaml,,@angular/common,21.2.14,21.2.17,npm,,@angular/common: Weak 32-Bit Cache Key Hashing in `HttpTransferCache` Leading to Cross-Request Data Leakage and State Poisoning,3.0
TanStack/form,grype,GHSA-39w2-rjm5-chcv,Low,/pnpm-lock.yaml,,next,16.2.6,16.3.8,npm,,Next.js has information disclosure in development server's Model Context Protocol endpoint,1.0
TanStack/form,grype,GHSA-3jxr-9vmj-r5cp,High,/pnpm-lock.yaml,,brace-expansion,1.1.14,1.1.16,npm,,brace-expansion: DoS via exponential-time expansion of consecutive non-expanding {} groups,3.0
TanStack/form,grype,GHSA-3jxr-9vmj-r5cp,High,/pnpm-lock.yaml,,brace-expansion,2.1.1,2.1.2,npm,,brace-expansion: DoS via exponential-time expansion of consecutive non-expanding {} groups,3.0
TanStack/form,grype,GHSA-3jxr-9vmj-r5cp,High,/pnpm-lock.yaml,,brace-expansion,5.0.6,5.0.7,npm,,brace-expansion: DoS via exponential-time expansion of consecutive non-expanding {} groups,3.0
TanStack/form,grype,GHSA-3ppc-4f35-3m26,High,/pnpm-lock.yaml,,minimatch,3.0.8,3.1.3,npm,,minimatch has a ReDoS via repeated wildcards with non-matching literal in pattern,3.0
TanStack/form,grype,GHSA-3pq3-5fj3-cg6v,High,/pnpm-lock.yaml,,axios,1.18.1,1.20.0,npm,,Axios: HTTP/2 adapter bypasses configured DNS lookup and proxy controls,3.0
TanStack/form,grype,GHSA-3px3-54cx-rmw9,High,/pnpm-lock.yaml,,@xmldom/xmldom,0.9.10,0.9.12,npm,,"xmldom: Creation-time XML Name/QName validation is bypassable via an embedded line terminator, allowing injection on the default serialization path",3.0
TanStack/form,grype,GHSA-3wwx-pv8p-q78v,Medium,/pnpm-lock.yaml,,undici,6.26.0,6.28.1,npm,,undici vulnerable to Denial of Service via unhandled error in WebSocket permessage-deflate decompression,2.0
TanStack/form,grype,GHSA-3xpg-4rpp-hhhm,Medium,/pnpm-lock.yaml,,undici,7.24.4,7.29.1,npm,,undici vulnerable to Denial of Service via unbounded decompression of compressed responses,2.0
TanStack/form,grype,GHSA-3xpg-4rpp-hhhm,Medium,/pnpm-lock.yaml,,undici,7.26.0,7.29.1,npm,,undici vulnerable to Denial of Service via unbounded decompression of compressed responses,2.0
TanStack/form,grype,GHSA-44g4-m2mj-wpvx,Medium,/pnpm-lock.yaml,,axios,1.18.1,1.20.0,npm,,"Axios: CIDR-form NO_PROXY entries are ignored, causing proxy exclusion bypass for internal IP ranges",2.0
TanStack/form,grype,GHSA-4633-3j49-mh5q,Medium,/pnpm-lock.yaml,,next,16.2.6,16.2.11,npm,,Next.js: Cache confusion of response bodies for requests with bodies containing invalid UTF-8 byte sequences,2.0
TanStack/form,grype,GHSA-48r7-hpm6-gfxm,High,/pnpm-lock.yaml,,@angular/common,21.2.14,21.2.17,npm,,@angular/common: Denial of Service (DoS) via OOM in Date Formatting (formatDate),3.0
TanStack/form,grype,GHSA-4c39-4ccg-62r3,Medium,/pnpm-lock.yaml,,next,16.2.6,16.2.11,npm,,Next.js: Unbounded Server Action payload in Edge runtime,2.0
TanStack/form,grype,GHSA-4c8g-83qw-93j6,High,/pnpm-lock.yaml,,fast-uri,3.1.2,3.1.3,npm,,fast-uri vulnerable to host confusion via failed IDN canonicalization,3.0
TanStack/form,grype,GHSA-4cwx-7wf7-3272,High,/pnpm-lock.yaml,,undici,7.24.4,7.29.0,npm,,undici vulnerable to cross-user information disclosure and parse-time crash via degenerate private cache directives,3.0
TanStack/form,grype,GHSA-4cwx-7wf7-3272,High,/pnpm-lock.yaml,,undici,7.26.0,7.29.0,npm,,undici vulnerable to cross-user information disclosure and parse-time crash via degenerate private cache directives,3.0
TanStack/form,grype,GHSA-4hqw-qxg8-jxx2,Medium,/pnpm-lock.yaml,,axios,1.18.1,1.20.0,npm,,Axios: Fetch Adapter Header Injection via Inherited FormData getHeaders,2.0
TanStack/form,grype,GHSA-4jqv-mc3x-m676,Medium,/pnpm-lock.yaml,,next,16.2.6,16.3.8,npm,,Next.js has cache poisoning of SSG and ISR pages in self-hosted applications,2.0
TanStack/form,grype,GHSA-4mjr-xmp4-gh2g,Medium,/pnpm-lock.yaml,,qs,6.15.2,6.16.0,npm,,qs: Denial of Service via Attacker Controlled isBuffer,2.0
TanStack/form,grype,GHSA-4q55-j62x-fr9h,Medium,/pnpm-lock.yaml,,devalue,5.8.1,5.9.3,npm,,devalue: Malformed null-prototype object keys bypass __proto__ rejection via property-key coercion,2.0
TanStack/form,grype,GHSA-4vj7-5mj6-jm8m,Medium,/pnpm-lock.yaml,,morgan,1.10.1,1.11.0,npm,,morgan vulnerable to Log Forging via unneutralized control characters in :remote-user,2.0
TanStack/form,grype,GHSA-4w3w-2rp5-g8jm,High,/pnpm-lock.yaml,,@xmldom/xmldom,0.8.13,0.8.14,npm,,xmldom: Attribute name injection via setAttribute() bypasses requireWellFormed,3.0
TanStack/form,grype,GHSA-4w3w-2rp5-g8jm,High,/pnpm-lock.yaml,,@xmldom/xmldom,0.9.10,0.9.11,npm,,xmldom: Attribute name injection via setAttribute() bypasses requireWellFormed,3.0
TanStack/form,grype,GHSA-4w7w-66w2-5vf9,Medium,/pnpm-lock.yaml,,vite,5.4.21,6.4.2,npm,,Vite Vulnerable to Path Traversal in Optimized Deps `.map` Handling,2.0
TanStack/form,grype,GHSA-4x5r-pxfx-6jf8,Low,/pnpm-lock.yaml,,@babel/core,7.29.0,7.29.6,npm,,@babel/core: Arbitrary File Read via sourceMappingURL Comment,1.0
TanStack/form,grype,GHSA-4xrf-jv44-h6hh,Medium,/pnpm-lock.yaml,,ip-address,10.2.0,10.2.2,npm,,ip-address: a CIDR suffix on the parsed address suppresses special-use classification and can bypass SSRF and trust-boundary checks,2.0
TanStack/form,grype,GHSA-52cp-r559-cp3m,High,/pnpm-lock.yaml,,js-yaml,3.14.2,3.15.0,npm,,js-yaml: YAML merge-key chains can force quadratic CPU consumption,3.0
TanStack/form,grype,GHSA-52cp-r559-cp3m,High,/pnpm-lock.yaml,,js-yaml,4.1.1,4.3.0,npm,,js-yaml: YAML merge-key chains can force quadratic CPU consumption,3.0
TanStack/form,grype,GHSA-542g-h47m-68v8,High,/pnpm-lock.yaml,,axios,1.18.1,1.20.0,npm,,Axios: Denial of Service via Unhandled 'error' Event in HTTP/2 ClientHttp2Session Initialization,3.0
TanStack/form,grype,GHSA-54fx-42gc-7vw4,Medium,/pnpm-lock.yaml,,hono,4.12.23,4.12.34,npm,,Hono: Algorithmic Complexity DoS in Language Middleware,2.0
TanStack/form,grype,GHSA-58w9-8g37-x9v5,Medium,/pnpm-lock.yaml,,@angular/compiler,21.2.14,21.2.17,npm,,@angular/compiler: Two-Way Property Binding Sanitization Bypass (XSS),2.0
TanStack/form,grype,GHSA-5gmw-xhrv-c9v3,Critical,/pnpm-lock.yaml,,tinypool,1.1.1,2.1.1,npm,,Tinypool: Prototype Pollution gadget in worker options leads to Remote Code Execution,4.0
TanStack/form,grype,GHSA-5p2g-fcmc-qvqq,High,/pnpm-lock.yaml,,image-size,1.2.1,2.0.3,npm,,image-size: JXL and HEIF parsers allow denial of service through infinite loops,3.0
TanStack/form,grype,GHSA-5p4m-2wfm-xmqj,High,/pnpm-lock.yaml,,js-yaml,3.14.2,3.15.1,npm,,JS-YAML: Quadratic CPU consumption in !!omap resolution (3.x and 4.x) — CVE-2026-59870 fix not backported,3.0
TanStack/form,grype,GHSA-5p4m-2wfm-xmqj,High,/pnpm-lock.yaml,,js-yaml,4.1.1,4.3.1,npm,,JS-YAML: Quadratic CPU consumption in !!omap resolution (3.x and 4.x) — CVE-2026-59870 fix not backported,3.0
TanStack/form,grype,GHSA-5qjj-4xww-7phc,Medium,/pnpm-lock.yaml,,valibot,1.4.1,1.4.2,npm,,Valibot: record() issue paths can make flatten() throw for inherited Object property names,2.0
TanStack/form,grype,GHSA-5xrq-8626-4rwp,Critical,/pnpm-lock.yaml,,vitest,3.2.4,3.2.6,npm,,"When Vitest UI server is listening, arbitrary file can be read and executed",4.0
TanStack/form,grype,GHSA-64mm-vxmg-q3vj,Medium,/pnpm-lock.yaml,,http-proxy-middleware,2.0.9,2.0.10,npm,,http-proxy-middleware `router` host+path substring matching allows Host-header-driven backend routing bypass,2.0
TanStack/form,grype,GHSA-64mm-vxmg-q3vj,Medium,/pnpm-lock.yaml,,http-proxy-middleware,3.0.5,3.0.6,npm,,http-proxy-middleware `router` host+path substring matching allows Host-header-driven backend routing bypass,2.0
TanStack/form,grype,GHSA-67c8-pqhq-4rmx,Critical,/pnpm-lock.yaml,,piscina,5.1.4,5.3.2,npm,,piscina: Prototype-pollution gadget in ThreadPool.options allows RCE via execArgv / loadBalancer / env,4.0
TanStack/form,grype,GHSA-67mh-4wv8-2f99,Medium,/pnpm-lock.yaml,,esbuild,0.17.6,0.25.0,npm,,esbuild enables any website to send any requests to the development server and read the response,2.0
TanStack/form,grype,GHSA-67mh-4wv8-2f99,Medium,/pnpm-lock.yaml,,esbuild,0.21.5,0.25.0,npm,,esbuild enables any website to send any requests to the development server and read the response,2.0
TanStack/form,grype,GHSA-68fv-2mgg-jv7q,High,/pnpm-lock.yaml,,source-map-js,1.2.1,1.2.2,npm,,source-map-js allows event-loop denial of service through indexed source-map section offsets,3.0
TanStack/form,grype,GHSA-68g3-v927-f742,Medium,/pnpm-lock.yaml,,next,16.2.6,16.2.11,npm,,Next.js: Cache confusion of response bodies for requests with bodies,2.0
TanStack/form,grype,GHSA-692r-grfm-v8x7,Medium,/pnpm-lock.yaml,,@angular/core,21.2.14,21.2.15,npm,,@angular/core: Angular Template and Dynamic Component Namespace Bypass leading to Cross-Site Scripting (XSS),2.0
TanStack/form,grype,GHSA-6g55-p6wh-862q,High,/pnpm-lock.yaml,,postcss,8.4.31,8.5.12,npm,,PostCSS: Arbitrary file read and information disclosure via attacker-controlled sourceMappingURL in CSS comments,3.0
TanStack/form,grype,GHSA-6g55-p6wh-862q,High,/pnpm-lock.yaml,,postcss,8.4.49,8.5.12,npm,,PostCSS: Arbitrary file read and information disclosure via attacker-controlled sourceMappingURL in CSS comments,3.0
TanStack/form,grype,GHSA-6g55-p6wh-862q,High,/pnpm-lock.yaml,,postcss,8.5.6,8.5.12,npm,,PostCSS: Arbitrary file read and information disclosure via attacker-controlled sourceMappingURL in CSS comments,3.0
TanStack/form,grype,GHSA-6gmq-8vp8-gcm6,Medium,/pnpm-lock.yaml,,@xmldom/xmldom,0.8.13,0.8.15,npm,,xmldom: XML fragment injection via invalid EntityReference.nodeName during requireWellFormed serialization,2.0
TanStack/form,grype,GHSA-6gmq-8vp8-gcm6,Medium,/pnpm-lock.yaml,,@xmldom/xmldom,0.9.10,0.9.12,npm,,xmldom: XML fragment injection via invalid EntityReference.nodeName during requireWellFormed serialization,2.0
TanStack/form,grype,GHSA-6gpp-xcg3-4w24,High,/pnpm-lock.yaml,,next,16.2.6,16.2.11,npm,,Next.js: Middleware / Proxy bypass in App Router applications using Turbopack and single locale,3.0
TanStack/form,grype,GHSA-6h8r-xr42-gp59,Medium,/pnpm-lock.yaml,,@xmldom/xmldom,0.8.13,0.8.15,npm,,xmldom: Parser silently accepts a not-well-formed end tag whose name is followed by a line break and trailing content,2.0
TanStack/form,grype,GHSA-6h8r-xr42-gp59,Medium,/pnpm-lock.yaml,,@xmldom/xmldom,0.9.10,0.9.12,npm,,xmldom: Parser silently accepts a not-well-formed end tag whose name is followed by a line break and trailing content,2.0
TanStack/form,grype,GHSA-6j4f-fj2g-mc7p,High,/pnpm-lock.yaml,,brace-expansion,1.1.14,1.1.19,npm,,brace-expansion: DoS via uncontrolled recursion in parseCommaParts causing stack exhaustion,3.0
TanStack/form,grype,GHSA-6j4f-fj2g-mc7p,High,/pnpm-lock.yaml,,brace-expansion,2.1.1,2.1.5,npm,,brace-expansion: DoS via uncontrolled recursion in parseCommaParts causing stack exhaustion,3.0
TanStack/form,grype,GHSA-6j4f-fj2g-mc7p,High,/pnpm-lock.yaml,,brace-expansion,5.0.6,5.0.10,npm,,brace-expansion: DoS via uncontrolled recursion in parseCommaParts causing stack exhaustion,3.0
TanStack/form,grype,GHSA-6j4f-fj2g-mc7p,High,/pnpm-lock.yaml,,brace-expansion,5.0.9,5.0.10,npm,,brace-expansion: DoS via uncontrolled recursion in parseCommaParts causing stack exhaustion,3.0
TanStack/form,grype,GHSA-6mj3-qw4j-hgrw,High,/pnpm-lock.yaml,,@xmldom/xmldom,0.9.10,0.9.12,npm,,xmldom: HTML raw-text closing-tag case mismatch causes output amplification,3.0
TanStack/form,grype,GHSA-6qxp-vccf-f47h,High,/pnpm-lock.yaml,,@modelcontextprotocol/sdk,1.26.0,1.31.0,npm,,MCP TypeScript SDK: OAuth client could send credentials to an authorization server chosen by the MCP server,3.0
TanStack/form,grype,GHSA-73wf-gq98-2v4g,High,/pnpm-lock.yaml,,browserslist,4.28.2,4.28.7,npm,,Browserslist: Uncaught crash / prototype write via untrusted browserslist-stats.json custom stats (normalizeStats),3.0
TanStack/form,grype,GHSA-79cf-xcqc-c78w,Medium,/pnpm-lock.yaml,,webpack-dev-server,5.2.3,5.2.4,npm,,webpack-dev-server vulnerable to cross-origin source code exposure on non-HTTPS origins,2.0
TanStack/form,grype,GHSA-79qm-7rj5-m7r9,Low,/pnpm-lock.yaml,,hono,4.12.23,4.12.34,npm,,Hono: Proxy Helper does not remove response headers listed in the `Connection` header,1.0
TanStack/form,grype,GHSA-7p8r-x3mc-p8w7,High,/pnpm-lock.yaml,,fast-uri,3.1.2,3.1.5,npm,,fast-uri vulnerable to host confusion via backslash authority introducer,3.0
TanStack/form,grype,GHSA-7r86-cg39-jmmj,High,/pnpm-lock.yaml,,minimatch,3.0.8,3.1.3,npm,,minimatch has ReDoS: matchOne() combinatorial backtracking via multiple non-adjacent GLOBSTAR segments,3.0
TanStack/form,grype,GHSA-7w5x-hrqm-74c2,High,/pnpm-lock.yaml,,smol-toml,1.6.1,1.7.1,npm,,smol-toml: Denial of Service via malformed TOML documents,3.0
TanStack/form,grype,GHSA-82fw-gwwq-j7x9,Medium,/pnpm-lock.yaml,,@vitest/mocker,3.2.4,4.1.11,npm,,Vitest: Path Traversal / Arbitrary File Read via @vitest/mocker Redirect Mock,2.0
TanStack/form,grype,GHSA-82fw-gwwq-j7x9,Medium,/pnpm-lock.yaml,,vitest,3.2.4,4.1.11,npm,,Vitest: Path Traversal / Arbitrary File Read via @vitest/mocker Redirect Mock,2.0
TanStack/form,grype,GHSA-82x6-q7mm-w9cf,High,/pnpm-lock.yaml,,toml,3.0.0,4.2.0,npm,,toml-node: Uncontrolled Recursion,3.0
TanStack/form,grype,GHSA-8344-3jmq-59r6,High,/pnpm-lock.yaml,,@xmldom/xmldom,0.8.13,0.8.15,npm,,xmldom: Quadratic-time attribute deduplication,3.0
TanStack/form,grype,GHSA-8344-3jmq-59r6,High,/pnpm-lock.yaml,,@xmldom/xmldom,0.9.10,0.9.12,npm,,xmldom: Quadratic-time attribute deduplication,3.0
TanStack/form,grype,GHSA-83g3-92jg-28cx,High,/pnpm-lock.yaml,,tar,6.2.1,7.5.8,npm,,Arbitrary File Read/Write via Hardlink Target Escape Through Symlink Chain in node-tar Extraction,3.0
TanStack/form,grype,GHSA-8436-99hf-9mmv,Low,/pnpm-lock.yaml,,undici,7.24.4,7.29.1,npm,,undici vulnerable to caching and replay of unsafe HTTP method responses,1.0
TanStack/form,grype,GHSA-8436-99hf-9mmv,Low,/pnpm-lock.yaml,,undici,7.26.0,7.29.1,npm,,undici vulnerable to caching and replay of unsafe HTTP method responses,1.0
TanStack/form,grype,GHSA-84g9-w2xq-vcv6,Low,/pnpm-lock.yaml,,@remix-run/server-runtime,2.17.4,2.17.5,npm,,React Router: Potential CSRF via PUT/PATCH/DELETE document requests,1.0
TanStack/form,grype,GHSA-85c8-ppgw-ccpr,Critical,/pnpm-lock.yaml,,tinypool,1.1.1,2.1.2,npm,,Tinypool: Prototype Pollution Gadget to RCE in run() options,4.0
TanStack/form,grype,GHSA-86w9-cpqp-85rv,High,/pnpm-lock.yaml,,node-forge,1.4.0,,npm,,node-forge RSA PKCS#1 v1.5 signature verification accepts extra nested DigestAlgorithm elements,3.0
TanStack/form,grype,GHSA-88fw-hqm2-52qc,High,/pnpm-lock.yaml,,hono,4.12.23,4.12.25,npm,,hono: CORS Middleware reflects any Origin with credentials when `origin` defaults to the wildcard,3.0
TanStack/form,grype,GHSA-89xv-2m56-2m9x,High,/pnpm-lock.yaml,,next,16.2.6,16.2.11,npm,,Next.js: Server-Side Request Forgery in Server Actions on custom servers,3.0
TanStack/form,grype,GHSA-8j4g-w8fx-2239,Medium,/pnpm-lock.yaml,,hono,4.12.23,4.12.34,npm,,Hono: ReDoS in CORS middleware via Access-Control-Request-Headers,2.0
TanStack/form,grype,GHSA-8qq5-rm4j-mr97,High,/pnpm-lock.yaml,,tar,6.2.1,7.5.3,npm,,node-tar is Vulnerable to Arbitrary File Overwrite and Symlink Poisoning via Insufficient Path Sanitization,3.0
TanStack/form,grype,GHSA-8x6r-g9mw-2r78,High,/pnpm-lock.yaml,,@remix-run/server-runtime,2.17.4,2.17.5,npm,,React Router vulnerable to DoS via unbounded path expansion in __manifest endpoint,3.0
TanStack/form,grype,GHSA-8x88-c5mf-7j5w,High,/pnpm-lock.yaml,,tar,6.2.1,7.5.18,npm,,node-tar: Negative tar entry size causes infinite loop in archive replace,3.0
TanStack/form,grype,GHSA-8x88-c5mf-7j5w,High,/pnpm-lock.yaml,,tar,7.5.15,7.5.18,npm,,node-tar: Negative tar entry size causes infinite loop in archive replace,3.0
TanStack/form,grype,GHSA-8xcm-r25x-g524,Medium,/pnpm-lock.yaml,,undici,6.26.0,6.28.0,npm,,undici vulnerable to downstream response desynchronization via retry interceptor,2.0
TanStack/form,grype,GHSA-8xcm-r25x-g524,Medium,/pnpm-lock.yaml,,undici,7.24.4,7.29.0,npm,,undici vulnerable to downstream response desynchronization via retry interceptor,2.0
TanStack/form,grype,GHSA-8xcm-r25x-g524,Medium,/pnpm-lock.yaml,,undici,7.26.0,7.29.0,npm,,undici vulnerable to downstream response desynchronization via retry interceptor,2.0
TanStack/form,grype,GHSA-93r5-fhx6-vmg9,High,/pnpm-lock.yaml,,@xmldom/xmldom,0.8.13,0.8.15,npm,,xmldom: Quadratic-time parsing via the malformed-input recovery path — `parseElementStartPart` re-scan and `normalize()` adjacent-text merge,3.0
TanStack/form,grype,GHSA-93r5-fhx6-vmg9,High,/pnpm-lock.yaml,,@xmldom/xmldom,0.9.10,0.9.12,npm,,xmldom: Quadratic-time parsing via the malformed-input recovery path — `parseElementStartPart` re-scan and `normalize()` adjacent-text merge,3.0
TanStack/form,grype,GHSA-955p-x3mx-jcvp,Medium,/pnpm-lock.yaml,,next,16.2.6,16.2.11,npm,,Next.js: Unauthenticated disclosure of internal Server Function endpoints,2.0
TanStack/form,grype,GHSA-965w-775f-mr7g,High,/pnpm-lock.yaml,,@xmldom/xmldom,0.8.13,0.8.15,npm,,xmldom: Quadratic-memory consumption,3.0
TanStack/form,grype,GHSA-965w-775f-mr7g,High,/pnpm-lock.yaml,,@xmldom/xmldom,0.9.10,0.9.12,npm,,xmldom: Quadratic-memory consumption,3.0
TanStack/form,grype,GHSA-9f6g-j8ch-79g4,Medium,/pnpm-lock.yaml,,morgan,1.10.1,1.12.1,npm,,morgan vulnerable to Log Injection via unescaped double quote in quoted log fields,2.0
TanStack/form,grype,GHSA-9fr6-4gfg-395g,Medium,/pnpm-lock.yaml,,axios,1.18.1,1.20.0,npm,,Axios: Prototype-Pollution Gadget in the Default Instance Allows Inherited Object.prototype.method to Override HTTP Method,2.0
TanStack/form,grype,GHSA-9ppj-qmqm-q256,High,/pnpm-lock.yaml,,tar,6.2.1,7.5.11,npm,,node-tar Symlink Path Traversal via Drive-Relative Linkpath,3.0
TanStack/form,grype,GHSA-9rgm-9g3h-6x36,Medium,/pnpm-lock.yaml,,devalue,5.8.1,5.9.2,npm,,Svelte devalue: DoS via malformed input,2.0
TanStack/form,grype,GHSA-c29m-xwm3-cm6r,High,/pnpm-lock.yaml,,axios,1.18.1,1.20.0,npm,,Axios: ReDoS in fromDataURI data: URL parser freezes the Node event loop (DoS),3.0
TanStack/form,grype,GHSA-c7q8-3ch8-vqpv,High,/pnpm-lock.yaml,,@xmldom/xmldom,0.8.13,0.8.15,npm,,xmldom: Processing Instruction Target Injection Bypasses requireWellFormed,3.0
TanStack/form,grype,GHSA-c7q8-3ch8-vqpv,High,/pnpm-lock.yaml,,@xmldom/xmldom,0.9.10,0.9.12,npm,,xmldom: Processing Instruction Target Injection Bypasses requireWellFormed,3.0
TanStack/form,grype,GHSA-c83g-rgw3-j3cx,High,/pnpm-lock.yaml,,browserslist,4.28.2,4.28.7,npm,,"Browserslist: Unbounded memory growth (no cache eviction) via distinct query results, leading to eventual OOM",3.0
TanStack/form,grype,GHSA-ch52-4w7c-c8xp,High,/pnpm-lock.yaml,,http-cache-semantics,4.2.0,,npm,,http-cache-semantics max-stale handling can disclose cross-user cached responses,3.0
TanStack/form,grype,GHSA-cjq9-62q9-8jv4,High,/pnpm-lock.yaml,,next,16.2.6,16.3.8,npm,,Next.js has Server-Side Request Forgery in Image Optimization,3.0
TanStack/form,grype,GHSA-crvj-82cr-hjcx,Medium,/pnpm-lock.yaml,,hono,4.12.23,4.13.5,npm,,"Hono: Query parser reads parameters after the URL fragment, causing cache-key and proxy interpretation differentials",2.0
TanStack/form,grype,GHSA-f23m-r3pf-42rh,Medium,/pnpm-lock.yaml,,lodash,4.17.23,4.18.0,npm,,lodash vulnerable to Prototype Pollution via array path bypass in `_.unset` and `_.omit`,2.0
TanStack/form,grype,GHSA-f23p-vx2j-j53r,Medium,/pnpm-lock.yaml,,hono,4.12.23,4.12.34,npm,,"Hono: `memo()` retains SSR output across requests, leading to cross-user data disclosure",2.0
TanStack/form,grype,GHSA-f3m7-gqxr-g87x,Medium,/pnpm-lock.yaml,,@angular/compiler,21.2.14,21.2.15,npm,,Angular: Template and Attribute Namespace Sanitization Bypass (XSS),2.0
TanStack/form,grype,GHSA-f3m7-gqxr-g87x,Medium,/pnpm-lock.yaml,,@angular/core,21.2.14,21.2.15,npm,,Angular: Template and Attribute Namespace Sanitization Bypass (XSS),2.0
TanStack/form,grype,GHSA-f5vj-f2hx-8m93,Medium,/pnpm-lock.yaml,,webpack-dev-server,5.2.3,5.2.6,npm,,webpack-dev-server vulnerable to cross-site request forgery via internal developer endpoints,2.0
TanStack/form,grype,GHSA-f65p-4m7j-42xc,High,/pnpm-lock.yaml,,fast-uri,3.1.2,3.1.6,npm,,fast-uri vulnerable to server-side request forgery via malformed IPv6 normalization,3.0
TanStack/form,grype,GHSA-f7f6-9jq7-3rqj,Medium,/pnpm-lock.yaml,,estree-util-value-to-estree,1.3.0,3.3.3,npm,,estree-util-value-to-estree allows prototype pollution in generated ESTree,2.0
TanStack/form,grype,GHSA-f87g-xv8r-7p7x,Medium,/pnpm-lock.yaml,,next,16.2.6,16.3.8,npm,,Next.js has information disclosure in App Router metadata image routes via dynamicParams bypass,2.0
TanStack/form,grype,GHSA-f88m-g3jw-g9cj,High,/pnpm-lock.yaml,,sharp,0.34.5,0.35.0,npm,,"sharp inherited vulnerabilities in libvips: CVE-2026-33327, CVE-2026-33328, CVE-2026-35590, CVE-2026-35591",3.0
TanStack/form,grype,GHSA-ff3f-86qr-9cv3,High,/pnpm-lock.yaml,,@angular/router,21.2.14,21.2.24,npm,,Angular Server-Side Rendering (SSR): Denial of Service via Numeric URL Matrix Parameters,3.0
TanStack/form,grype,GHSA-fph4-wmhf-6fwf,High,/pnpm-lock.yaml,,fast-uri,3.1.2,3.1.6,npm,,fast-uri vulnerable to server-side request forgery via repeated hostname percent-decoding,3.0
TanStack/form,grype,GHSA-frvp-7c67-39w9,Medium,/pnpm-lock.yaml,,@hono/node-server,1.19.14,1.19.15,npm,,Node.js Adapter for Hono: Path traversal in `serve-static` on Windows via encoded backslash (`%5C`),2.0
TanStack/form,grype,GHSA-fx2h-pf6j-xcff,High,/pnpm-lock.yaml,,vite,5.4.21,6.4.3,npm,,vite: `server.fs.deny` bypass on Windows alternate paths,3.0
TanStack/form,grype,GHSA-fx2h-pf6j-xcff,High,/pnpm-lock.yaml,,vite,7.3.2,7.3.5,npm,,vite: `server.fs.deny` bypass on Windows alternate paths,3.0
TanStack/form,grype,GHSA-fx2h-pf6j-xcff,High,/pnpm-lock.yaml,,vite,7.3.3,7.3.5,npm,,vite: `server.fs.deny` bypass on Windows alternate paths,3.0
TanStack/form,grype,GHSA-fxqj-rqcc-2cmp,Medium,/pnpm-lock.yaml,,postcss,8.4.31,8.5.23,npm,,PostCSS: incomplete fix of GHSA-6g55-p6wh-862q — attacker-controlled sourceMappingURL reads arbitrary .map files when `from` is unset,2.0
TanStack/form,grype,GHSA-fxqj-rqcc-2cmp,Medium,/pnpm-lock.yaml,,postcss,8.4.49,8.5.23,npm,,PostCSS: incomplete fix of GHSA-6g55-p6wh-862q — attacker-controlled sourceMappingURL reads arbitrary .map files when `from` is unset,2.0
TanStack/form,grype,GHSA-fxqj-rqcc-2cmp,Medium,/pnpm-lock.yaml,,postcss,8.5.12,8.5.23,npm,,PostCSS: incomplete fix of GHSA-6g55-p6wh-862q — attacker-controlled sourceMappingURL reads arbitrary .map files when `from` is unset,2.0
TanStack/form,grype,GHSA-fxqj-rqcc-2cmp,Medium,/pnpm-lock.yaml,,postcss,8.5.15,8.5.23,npm,,PostCSS: incomplete fix of GHSA-6g55-p6wh-862q — attacker-controlled sourceMappingURL reads arbitrary .map files when `from` is unset,2.0
TanStack/form,grype,GHSA-fxqj-rqcc-2cmp,Medium,/pnpm-lock.yaml,,postcss,8.5.6,8.5.23,npm,,PostCSS: incomplete fix of GHSA-6g55-p6wh-862q — attacker-controlled sourceMappingURL reads arbitrary .map files when `from` is unset,2.0
TanStack/form,grype,GHSA-g2v6-rqmx-r4w6,High,/pnpm-lock.yaml,,@vue/server-renderer,3.5.34,3.5.42,npm,,@vue/server-renderer: XSS via missing CR in attribute-name blacklist,3.0
TanStack/form,grype,GHSA-g53g-w8rj-fmg7,High,/pnpm-lock.yaml,,@xmldom/xmldom,0.9.10,0.9.11,npm,,xmldom PI grammar regex ReDoS: quadratic backtracking on unterminated processing instructions,3.0
TanStack/form,grype,GHSA-g6gw-c38x-mqfc,Medium,/pnpm-lock.yaml,,hono,4.12.23,4.13.5,npm,,Hono: Unbounded dot-notation nesting in `parseBody()` can cause memory exhaustion,2.0
TanStack/form,grype,GHSA-g7r4-m6w7-qqqr,Low,/pnpm-lock.yaml,,esbuild,0.27.3,0.28.1,npm,,esbuild allows arbitrary file read when running the development server on Windows,1.0
TanStack/form,grype,GHSA-g7r4-m6w7-qqqr,Low,/pnpm-lock.yaml,,esbuild,0.27.7,0.28.1,npm,,esbuild allows arbitrary file read when running the development server on Windows,1.0
TanStack/form,grype,GHSA-g8m3-5g58-fq7m,Low,/pnpm-lock.yaml,,undici,6.26.0,6.27.0,npm,,undici vulnerable to Set-Cookie SameSite attribute downgrade via permissive substring matching,1.0
TanStack/form,grype,GHSA-g8m3-5g58-fq7m,Low,/pnpm-lock.yaml,,undici,7.24.4,7.28.0,npm,,undici vulnerable to Set-Cookie SameSite attribute downgrade via permissive substring matching,1.0
TanStack/form,grype,GHSA-g8m3-5g58-fq7m,Low,/pnpm-lock.yaml,,undici,7.26.0,7.28.0,npm,,undici vulnerable to Set-Cookie SameSite attribute downgrade via permissive substring matching,1.0
TanStack/form,grype,GHSA-gcq2-9pq2-cxqm,High,/pnpm-lock.yaml,,http-proxy-middleware,3.0.5,3.0.7,npm,,http-proxy-middleware: multipart/form-data field injection via unescaped CRLF in `fixRequestBody`,3.0
TanStack/form,grype,GHSA-gqvv-2mrq-wpjv,Medium,/pnpm-lock.yaml,,hono,4.12.23,4.13.5,npm,,Hono: Incomplete fix for CVE-2026-39408: `toSSG()` still writes files outside the output directory,2.0
TanStack/form,grype,GHSA-gvwx-54wh-qm9j,Medium,/pnpm-lock.yaml,,tar,6.2.1,7.5.17,npm,,node-tar: Uncaught Exception DoS via NUL byte in PAX path/linkpath records,2.0
TanStack/form,grype,GHSA-gvwx-54wh-qm9j,Medium,/pnpm-lock.yaml,,tar,7.5.15,7.5.17,npm,,node-tar: Uncaught Exception DoS via NUL byte in PAX path/linkpath records,2.0
TanStack/form,grype,GHSA-h3mg-xc3c-68pw,Medium,/pnpm-lock.yaml,,ip-address,10.2.0,10.7.1,npm,,"ip-address: Address6 builds a parse diagnostic proportional to the input with no length bound, allowing a single long string to stall or crash the process",2.0
TanStack/form,grype,GHSA-h67p-54hq-rp68,Medium,/pnpm-lock.yaml,,js-yaml,3.14.2,3.15.0,npm,,JS-YAML: Quadratic-complexity DoS in merge key handling via repeated aliases,2.0
TanStack/form,grype,GHSA-h67p-54hq-rp68,Medium,/pnpm-lock.yaml,,js-yaml,4.1.1,4.2.0,npm,,JS-YAML: Quadratic-complexity DoS in merge key handling via repeated aliases,2.0
TanStack/form,grype,GHSA-hh8m-fm6v-7cvg,Medium,/pnpm-lock.yaml,,@angular/compiler,21.2.14,21.2.20,npm,,Angular: Sanitization bypass via directive host bindings on concrete host elements in @angular/core and @angular/compiler,2.0
TanStack/form,grype,GHSA-hh8m-fm6v-7cvg,Medium,/pnpm-lock.yaml,,@angular/core,21.2.14,21.2.20,npm,,Angular: Sanitization bypass via directive host bindings on concrete host elements in @angular/core and @angular/compiler,2.0
TanStack/form,grype,GHSA-hm92-r4w5-c3mj,High,/pnpm-lock.yaml,,undici,7.24.4,7.28.0,npm,,undici vulnerable to cross-origin request routing via SOCKS5 proxy pool reuse,3.0
TanStack/form,grype,GHSA-hm92-r4w5-c3mj,High,/pnpm-lock.yaml,,undici,7.26.0,7.28.0,npm,,undici vulnerable to cross-origin request routing via SOCKS5 proxy pool reuse,3.0
TanStack/form,grype,GHSA-hmw2-7cc7-3qxx,High,/pnpm-lock.yaml,,form-data,4.0.5,4.0.6,npm,,form-data: CRLF injection in form-data via unescaped multipart field names and filenames,3.0
TanStack/form,grype,GHSA-hp3w-g68c-fv3c,Medium,/pnpm-lock.yaml,,sprintf-js,1.0.3,,npm,,sprintf-js vulnerable to denial of service through unbounded precision specifiers,2.0
TanStack/form,grype,GHSA-hrr3-gc8f-f4qj,Medium,/pnpm-lock.yaml,,fast-uri,3.1.2,3.1.8,npm,,fast-uri vulnerable to inconsistent host case normalization via percent-encoded octets,2.0
TanStack/form,grype,GHSA-hvrm-45r6-mjfj,Medium,/pnpm-lock.yaml,,hono,4.12.23,4.12.27,npm,,"hono/jsx does not isolate context per request, leading to cross-request data disclosure",2.0
TanStack/form,grype,GHSA-hx4r-w6wj-j8fg,Medium,/pnpm-lock.yaml,,devalue,5.8.1,5.9.3,npm,,devalue: Residual sparse-array CPU amplification in uneval,2.0
TanStack/form,grype,GHSA-hxh3-vqpv-xpqv,Medium,/pnpm-lock.yaml,,hono,4.12.23,4.13.7,npm,,"hono/jsx renders plain strings unescaped in boundary components, leading to XSS",2.0
TanStack/form,grype,GHSA-j22f-vq7h-c4qm,High,/pnpm-lock.yaml,,devalue,5.8.1,5.9.3,npm,,devalue: `stringify`/`uneval` serialize shared memory,3.0
TanStack/form,grype,GHSA-j6c9-x7qj-28xf,Medium,/pnpm-lock.yaml,,hono,4.12.23,4.12.25,npm,,"hono: AWS Lambda adapter merges multiple `Set-Cookie` headers into one value, dropping cookies on ALB single-header and Lattice",2.0
TanStack/form,grype,GHSA-j6r3-76f7-8jcv,Medium,/pnpm-lock.yaml,,ip-address,10.2.0,10.7.1,npm,,"ip-address: isInSubnet() and isHostInSubnet() compare addresses of different families as if they shared an address space, allowing an allowlist check to admit an address outside its range",2.0
TanStack/form,grype,GHSA-j8rh-479h-cp32,Medium,/pnpm-lock.yaml,,axios,1.18.1,1.20.0,npm,,Axios: Header Injection via Inherited headers After Minimal Interceptor,2.0
TanStack/form,grype,GHSA-jhpw-976m-542j,High,/pnpm-lock.yaml,,@angular/common,21.2.14,21.2.19,npm,,Angular: Cache-Key Ambiguity in HttpTransferCache Leading to Cross-Request Response Reuse and State Poisoning,3.0
TanStack/form,grype,GHSA-jj27-h5hq-8x99,High,/pnpm-lock.yaml,,@angular/compiler,21.2.14,21.2.19,npm,,Angular i18n: Cross-Site Scripting (XSS) via event-handler attributes,3.0
TanStack/form,grype,GHSA-jj27-h5hq-8x99,High,/pnpm-lock.yaml,,@angular/core,21.2.14,21.2.19,npm,,Angular i18n: Cross-Site Scripting (XSS) via event-handler attributes,3.0
TanStack/form,grype,GHSA-jjmj-jmhj-qwj2,Medium,/pnpm-lock.yaml,,react-router-dom,6.30.3,6.30.6,npm,,React Router: Open redirect leading to XSS,2.0
TanStack/form,grype,GHSA-jp82-f5mq-hwhp,High,/pnpm-lock.yaml,,seroval,1.5.4,1.6.3,npm,,Seroval: Memory exhaustion via unchecked TypedArray length in JSON deserialization,3.0
TanStack/form,grype,GHSA-jqcg-44mw-7w3h,Critical,/pnpm-lock.yaml,,proxy-addr,2.0.7,2.0.8,npm,,proxy-addr vulnerable to IP spoofing via IPv4-mapped IPv6 trust subnet,4.0
TanStack/form,grype,GHSA-jqff-g426-hqxp,High,/pnpm-lock.yaml,,fast-uri,3.1.2,3.1.6,npm,,fast-uri vulnerable to host confusion via percent-encoded scheme normalization,3.0
TanStack/form,grype,GHSA-jr45-8vmc-qm54,Medium,/pnpm-lock.yaml,,undici,7.24.4,7.29.0,npm,,undici vulnerable to cross-user information disclosure via whitespace around equals in Cache-Control directives,2.0
TanStack/form,grype,GHSA-jr45-8vmc-qm54,Medium,/pnpm-lock.yaml,,undici,7.26.0,7.29.0,npm,,undici vulnerable to cross-user information disclosure via whitespace around equals in Cache-Control directives,2.0
TanStack/form,grype,GHSA-jxfw-x594-9x9m,Medium,/pnpm-lock.yaml,,morgan,1.10.1,1.12.0,npm,,morgan vulnerable to Log Forging via unescaped Unicode line separators,2.0
TanStack/form,grype,GHSA-m28w-2pqf-7qgj,Medium,/pnpm-lock.yaml,,webpack-dev-server,5.2.3,5.2.6,npm,,webpack-dev-server vulnerable to denial of service via a malformed Host or Origin header,2.0
TanStack/form,grype,GHSA-m8m8-qj5v-23w3,High,/pnpm-lock.yaml,,axios,1.18.1,1.20.0,npm,,Axios: Node HTTP adapter prototype-pollution gadget allows request socket hijack via inherited createConnection,3.0
TanStack/form,grype,GHSA-m8rv-5g2x-5cg5,Medium,/pnpm-lock.yaml,,undici,6.26.0,6.28.0,npm,,undici vulnerable to CRLF Injection via blob-like body 'type' property,2.0
TanStack/form,grype,GHSA-m8rv-5g2x-5cg5,Medium,/pnpm-lock.yaml,,undici,7.24.4,7.29.0,npm,,undici vulnerable to CRLF Injection via blob-like body 'type' property,2.0
TanStack/form,grype,GHSA-m8rv-5g2x-5cg5,Medium,/pnpm-lock.yaml,,undici,7.26.0,7.29.0,npm,,undici vulnerable to CRLF Injection via blob-like body 'type' property,2.0
TanStack/form,grype,GHSA-m99w-x7hq-7vfj,High,/pnpm-lock.yaml,,next,16.2.6,16.2.11,npm,,Next.js: Denial of Service in App Router using Server Actions,3.0
TanStack/form,grype,GHSA-mcj8-r9mp-w47p,Medium,/pnpm-lock.yaml,,next,16.2.6,16.3.8,npm,,Next.js has cache poisoning in SSG/ISR rendering that leads to cross-user content substitution and persistent denial of service,2.0
TanStack/form,grype,GHSA-mcm9-63f2-9j32,High,/pnpm-lock.yaml,,devalue,5.8.1,5.9.3,npm,,devalue: Repeated primitive strings cause quadratic expansion in uneval,3.0
TanStack/form,grype,GHSA-mghh-pgcx-3jjj,High,/pnpm-lock.yaml,,axios,1.18.1,1.20.0,npm,,"Axios: ReDoS (O(N²)) in shouldBypassProxy host normalization, reachable via untrusted redirect Location",3.0
TanStack/form,grype,GHSA-mh99-v99m-4gvg,High,/pnpm-lock.yaml,,brace-expansion,1.1.14,1.1.17,npm,,brace-expansion: DoS via unbounded expansion length causing an out-of-memory process crash,3.0
TanStack/form,grype,GHSA-mh99-v99m-4gvg,High,/pnpm-lock.yaml,,brace-expansion,2.1.1,2.1.3,npm,,brace-expansion: DoS via unbounded expansion length causing an out-of-memory process crash,3.0
TanStack/form,grype,GHSA-mh99-v99m-4gvg,High,/pnpm-lock.yaml,,brace-expansion,5.0.6,5.0.8,npm,,brace-expansion: DoS via unbounded expansion length causing an out-of-memory process crash,3.0
TanStack/form,grype,GHSA-mp7j-qc5w-4988,Medium,/pnpm-lock.yaml,,websocket-driver,0.7.4,0.7.5,npm,,websocket-driver: Resource limit bypass via message compression,2.0
TanStack/form,grype,GHSA-mwp4-54f8-5fhr,High,/pnpm-lock.yaml,,ip-address,10.2.0,10.3.1,npm,,"ip-address: Address4 decodes leading-zero octets as decimal while resolvers decode them as octal, allowing SSRF and trust-boundary bypass",3.0
TanStack/form,grype,GHSA-mx8g-39q3-5c79,Medium,/pnpm-lock.yaml,,webpack-dev-server,5.2.3,5.2.5,npm,,webpack-dev-server vulnerable to HMR WebSocket interception via permissive user proxies,2.0
TanStack/form,grype,GHSA-p293-qw3h-jr36,Critical,/pnpm-lock.yaml,,next,16.2.6,16.3.3,npm,,Next.js: Unauthenticated Remote Code Execution on windows-hosted servers,4.0
TanStack/form,grype,GHSA-p297-fm68-3q8c,Medium,/pnpm-lock.yaml,,@angular/common,21.2.14,21.2.20,npm,,Angular: Information Leak via `HttpTransferCache` Bypass When Using `withRequestsMadeViaParent`,2.0
TanStack/form,grype,GHSA-p3vc-36g9-x9gr,High,/pnpm-lock.yaml,,@angular/common,21.2.14,21.2.15,npm,,@angular/common: Denial of Service (DoS) via OOM in Number Formatting (digitsInfo),3.0
TanStack/form,grype,GHSA-p6vx-979v-rg4c,Critical,/pnpm-lock.yaml,,seroval,1.5.4,1.6.2,npm,,Seroval: `fromJSON()` Promise thenable assimilation invokes plugin-produced callables (bypass of GHSA-mv8w-475r-vwqw),4.0
TanStack/form,grype,GHSA-p88m-4jfj-68fv,Medium,/pnpm-lock.yaml,,undici,6.26.0,6.27.0,npm,,undici vulnerable to HTTP header injection via Set-Cookie percent-decoding,2.0
TanStack/form,grype,GHSA-p88m-4jfj-68fv,Medium,/pnpm-lock.yaml,,undici,7.24.4,7.28.0,npm,,undici vulnerable to HTTP header injection via Set-Cookie percent-decoding,2.0
TanStack/form,grype,GHSA-p88m-4jfj-68fv,Medium,/pnpm-lock.yaml,,undici,7.26.0,7.28.0,npm,,undici vulnerable to HTTP header injection via Set-Cookie percent-decoding,2.0
TanStack/form,grype,GHSA-p9j2-gv94-2wf4,High,/pnpm-lock.yaml,,next,16.2.6,16.2.11,npm,,Next.js: Server-Side Request Forgery in rewrites via attacker-controlled destination hostname,3.0
TanStack/form,grype,GHSA-pmjh-fq2x-6v4x,Medium,/pnpm-lock.yaml,,undici,7.24.4,7.29.1,npm,,undici vulnerable to Denial of Service via orphaned RetryHandler response body,2.0
TanStack/form,grype,GHSA-pmjh-fq2x-6v4x,Medium,/pnpm-lock.yaml,,undici,7.26.0,7.29.1,npm,,undici vulnerable to Denial of Service via orphaned RetryHandler response body,2.0
TanStack/form,grype,GHSA-pqg4-j6r4-53mv,Critical,/pnpm-lock.yaml,,shell-quote,1.8.4,1.11.0,npm,,shell-quote: `quote()` command injection via a line terminator in a token after a `{ comment }` token,4.0
TanStack/form,grype,GHSA-pr7r-676h-xcf6,Medium,/pnpm-lock.yaml,,undici,7.24.4,7.28.0,npm,,undici vulnerable to cross-user information disclosure via shared cache whitespace bypass,2.0
TanStack/form,grype,GHSA-pr7r-676h-xcf6,Medium,/pnpm-lock.yaml,,undici,7.26.0,7.28.0,npm,,undici vulnerable to cross-user information disclosure via shared cache whitespace bypass,2.0
TanStack/form,grype,GHSA-q2hr-2g5m-vwhr,Medium,/pnpm-lock.yaml,,brace-expansion,1.1.14,1.1.21,npm,,"brace-expansion: Quadratic-time expansion of the `{a},b}` rewrite causes CPU denial of service",2.0
TanStack/form,grype,GHSA-q2hr-2g5m-vwhr,Medium,/pnpm-lock.yaml,,brace-expansion,2.1.1,2.1.7,npm,,"brace-expansion: Quadratic-time expansion of the `{a},b}` rewrite causes CPU denial of service",2.0
TanStack/form,grype,GHSA-q2hr-2g5m-vwhr,Medium,/pnpm-lock.yaml,,brace-expansion,5.0.6,5.0.12,npm,,"brace-expansion: Quadratic-time expansion of the `{a},b}` rewrite causes CPU denial of service",2.0
TanStack/form,grype,GHSA-q2hr-2g5m-vwhr,Medium,/pnpm-lock.yaml,,brace-expansion,5.0.9,5.0.12,npm,,"brace-expansion: Quadratic-time expansion of the `{a},b}` rewrite causes CPU denial of service",2.0
TanStack/form,grype,GHSA-q6f4-qqrg-jv6x,High,/pnpm-lock.yaml,,@angular/common,21.2.14,21.2.15,npm,,@angular/common: Information Leak via Default Caching of Credentialed Requests in HttpTransferCache,3.0
TanStack/form,grype,GHSA-q8wf-6r8g-63ch,Medium,/pnpm-lock.yaml,,next,16.2.6,16.2.11,npm,,Next.js: Denial of Service in the Image Optimization API using SVGs,2.0
TanStack/form,grype,GHSA-qffp-2rhf-9h96,High,/pnpm-lock.yaml,,tar,6.2.1,7.5.10,npm,,tar has Hardlink Path Traversal via Drive-Relative Linkpath,3.0
TanStack/form,grype,GHSA-qhr7-859c-m2p7,High,/pnpm-lock.yaml,,brace-expansion,1.1.14,1.1.20,npm,,brace-expansion: DoS via uncontrolled recursion on nested brace groups causing stack exhaustion,3.0
TanStack/form,grype,GHSA-qhr7-859c-m2p7,High,/pnpm-lock.yaml,,brace-expansion,2.1.1,2.1.6,npm,,brace-expansion: DoS via uncontrolled recursion on nested brace groups causing stack exhaustion,3.0
TanStack/form,grype,GHSA-qhr7-859c-m2p7,High,/pnpm-lock.yaml,,brace-expansion,5.0.6,5.0.11,npm,,brace-expansion: DoS via uncontrolled recursion on nested brace groups causing stack exhaustion,3.0
TanStack/form,grype,GHSA-qhr7-859c-m2p7,High,/pnpm-lock.yaml,,brace-expansion,5.0.9,5.0.11,npm,,brace-expansion: DoS via uncontrolled recursion on nested brace groups causing stack exhaustion,3.0
TanStack/form,grype,GHSA-qw65-cvwx-89v3,High,/pnpm-lock.yaml,,fast-uri,3.1.2,3.1.7,npm,,fast-uri vulnerable to authority injection via an unvalidated port in serialize,3.0
TanStack/form,grype,GHSA-qx2v-qp2m-jg93,Medium,/pnpm-lock.yaml,,postcss,8.4.31,8.5.10,npm,,PostCSS has XSS via Unescaped </style> in its CSS Stringify Output,2.0
TanStack/form,grype,GHSA-qx2v-qp2m-jg93,Medium,/pnpm-lock.yaml,,postcss,8.4.49,8.5.10,npm,,PostCSS has XSS via Unescaped </style> in its CSS Stringify Output,2.0
TanStack/form,grype,GHSA-qx2v-qp2m-jg93,Medium,/pnpm-lock.yaml,,postcss,8.5.6,8.5.10,npm,,PostCSS has XSS via Unescaped </style> in its CSS Stringify Output,2.0
TanStack/form,grype,GHSA-r28c-9q8g-f849,High,/pnpm-lock.yaml,,postcss,8.4.31,8.5.18,npm,,PostCSS: Path Traversal in Previous Source Map Auto-Loading (sourceMappingURL) leads to Arbitrary .map File Disclosure,3.0
TanStack/form,grype,GHSA-r28c-9q8g-f849,High,/pnpm-lock.yaml,,postcss,8.4.49,8.5.18,npm,,PostCSS: Path Traversal in Previous Source Map Auto-Loading (sourceMappingURL) leads to Arbitrary .map File Disclosure,3.0
TanStack/form,grype,GHSA-r28c-9q8g-f849,High,/pnpm-lock.yaml,,postcss,8.5.12,8.5.18,npm,,PostCSS: Path Traversal in Previous Source Map Auto-Loading (sourceMappingURL) leads to Arbitrary .map File Disclosure,3.0
TanStack/form,grype,GHSA-r28c-9q8g-f849,High,/pnpm-lock.yaml,,postcss,8.5.15,8.5.18,npm,,PostCSS: Path Traversal in Previous Source Map Auto-Loading (sourceMappingURL) leads to Arbitrary .map File Disclosure,3.0
TanStack/form,grype,GHSA-r28c-9q8g-f849,High,/pnpm-lock.yaml,,postcss,8.5.6,8.5.18,npm,,PostCSS: Path Traversal in Previous Source Map Auto-Loading (sourceMappingURL) leads to Arbitrary .map File Disclosure,3.0
TanStack/form,grype,GHSA-r292-9mhp-454m,High,/pnpm-lock.yaml,,tar,6.2.1,7.5.21,npm,,node-tar: Uncontrolled recursion in mapHas/filesFilter allows uncatchable stack-overflow DoS via crafted long-path tar with member selection,3.0
TanStack/form,grype,GHSA-r292-9mhp-454m,High,/pnpm-lock.yaml,,tar,7.5.15,7.5.21,npm,,node-tar: Uncontrolled recursion in mapHas/filesFilter allows uncatchable stack-overflow DoS via crafted long-path tar with member selection,3.0
TanStack/form,grype,GHSA-r4gj-5m52-g5wh,High,/pnpm-lock.yaml,,axios,1.18.1,1.20.0,npm,,"Axios: maxRedirects: 0 is not enforced by the fetch adapter, allowing redirect-based SSRF",3.0
TanStack/form,grype,GHSA-r4xh-jqrq-34v2,Medium,/pnpm-lock.yaml,,smol-toml,1.6.1,1.9.0,npm,,smol-toml: Quadratic-time parse() from parseKey rescanning to end of document on each key line,2.0
TanStack/form,grype,GHSA-r4xh-jqrq-34v2,Medium,/pnpm-lock.yaml,,smol-toml,1.8.0,1.9.0,npm,,smol-toml: Quadratic-time parse() from parseKey rescanning to end of document on each key line,2.0
TanStack/form,grype,GHSA-r53p-7pc4-xj5r,Low,/pnpm-lock.yaml,,undici,6.26.0,6.28.1,npm,,undici vulnerable to downstream response splitting via retry interceptor,1.0
TanStack/form,grype,GHSA-r53p-7pc4-xj5r,Low,/pnpm-lock.yaml,,undici,7.24.4,7.29.1,npm,,undici vulnerable to downstream response splitting via retry interceptor,1.0
TanStack/form,grype,GHSA-r53p-7pc4-xj5r,Low,/pnpm-lock.yaml,,undici,7.26.0,7.29.1,npm,,undici vulnerable to downstream response splitting via retry interceptor,1.0
TanStack/form,grype,GHSA-r5fr-rjxr-66jc,High,/pnpm-lock.yaml,,lodash,4.17.23,4.18.0,npm,,lodash vulnerable to Code Injection via `_.template` imports key names,3.0
TanStack/form,grype,GHSA-r6q2-hw4h-h46w,High,/pnpm-lock.yaml,,tar,6.2.1,7.5.4,npm,,Race Condition in node-tar Path Reservations via Unicode Ligature Collisions on macOS APFS,3.0
TanStack/form,grype,GHSA-rfgv-xxqx-mfg5,High,/pnpm-lock.yaml,,undici,6.26.0,6.28.1,npm,,undici vulnerable to Denial of Service via unrequested WebSocket subprotocol,3.0
TanStack/form,grype,GHSA-rfgv-xxqx-mfg5,High,/pnpm-lock.yaml,,undici,7.24.4,7.29.1,npm,,undici vulnerable to Denial of Service via unrequested WebSocket subprotocol,3.0
TanStack/form,grype,GHSA-rfgv-xxqx-mfg5,High,/pnpm-lock.yaml,,undici,7.26.0,7.29.1,npm,,undici vulnerable to Denial of Service via unrequested WebSocket subprotocol,3.0
TanStack/form,grype,GHSA-rgj7-g3m4-5g8c,High,/pnpm-lock.yaml,,sharp,0.34.5,0.35.4,npm,,sharp: Vulnerabilities in libheif: GHSA-g89c-p67h-r497 and GHSA-2jg2-4ch7-h545,3.0
TanStack/form,grype,GHSA-rgjc-h3x7-9mwg,High,/pnpm-lock.yaml,,@angular/core,21.2.14,21.2.17,npm,,Angular Client Hydration DOM Clobbering & Response-Cache Poisoning,3.0
TanStack/form,grype,GHSA-rgw5-rvv9-x895,High,/pnpm-lock.yaml,,brace-expansion,1.1.14,1.1.18,npm,,"brace-expansion: DoS via unbounded intermediate arrays, bypassing the CVE-2026-14257 mitigation",3.0
TanStack/form,grype,GHSA-rgw5-rvv9-x895,High,/pnpm-lock.yaml,,brace-expansion,2.1.1,2.1.4,npm,,"brace-expansion: DoS via unbounded intermediate arrays, bypassing the CVE-2026-14257 mitigation",3.0
TanStack/form,grype,GHSA-rgw5-rvv9-x895,High,/pnpm-lock.yaml,,brace-expansion,5.0.6,5.0.9,npm,,"brace-expansion: DoS via unbounded intermediate arrays, bypassing the CVE-2026-14257 mitigation",3.0
TanStack/form,grype,GHSA-rj75-hqrm-r3gf,Medium,/pnpm-lock.yaml,,postcss-selector-parser,7.1.1,7.1.6,npm,,PostCSS: Quadratic complexity in flat selector parsing allows CPU exhaustion,2.0
TanStack/form,grype,GHSA-rpw4-54j3-4h4q,Medium,/pnpm-lock.yaml,,ip-address,10.2.0,10.5.1,npm,,"ip-address: Address6.isLinkLocal() recognizes fe80::/64 rather than fe80::/10, allowing SSRF and trust-boundary bypass to on-link hosts",2.0
TanStack/form,grype,GHSA-rv63-4mwf-qqc2,Medium,/pnpm-lock.yaml,,hono,4.12.23,4.12.25,npm,,hono: Body Limit Middleware can be bypassed on AWS Lambda by understating `Content-Length`,2.0
TanStack/form,grype,GHSA-rx4f-c7p8-82vq,Medium,/pnpm-lock.yaml,,undici,7.24.4,7.29.1,npm,,undici vulnerable to Denial of Service via WebSocketStream unclean close,2.0
TanStack/form,grype,GHSA-rx4f-c7p8-82vq,Medium,/pnpm-lock.yaml,,undici,7.26.0,7.29.1,npm,,undici vulnerable to Denial of Service via WebSocketStream unclean close,2.0
TanStack/form,grype,GHSA-rxv8-25v2-qmq8,High,/pnpm-lock.yaml,,turbo-stream,2.4.1,3.0.0,npm,,React Router vulnerable to Denial of Service via reflected user input in single-fetch,3.0
TanStack/form,grype,GHSA-v245-v573-v5vm,High,/pnpm-lock.yaml,,linkify-it,5.0.1,5.0.2,npm,,linkify-it: Quadratic-complexity DoS via the `mailto:` validator scan-loop on attacker text,3.0
TanStack/form,grype,GHSA-v2hh-gcrm-f6hx,High,/pnpm-lock.yaml,,fast-uri,3.1.2,3.1.4,npm,,fast-uri vulnerable to host confusion via literal backslash authority delimiter,3.0
TanStack/form,grype,GHSA-v3r7-h72x-cjcm,Medium,/pnpm-lock.yaml,,undici,6.26.0,6.28.0,npm,,undici vulnerable to cookie attribute injection via unsanitized domain and unparsed setCookie fields,2.0
TanStack/form,grype,GHSA-v3r7-h72x-cjcm,Medium,/pnpm-lock.yaml,,undici,7.24.4,7.29.0,npm,,undici vulnerable to cookie attribute injection via unsanitized domain and unparsed setCookie fields,2.0
TanStack/form,grype,GHSA-v3r7-h72x-cjcm,Medium,/pnpm-lock.yaml,,undici,7.26.0,7.29.0,npm,,undici vulnerable to cookie attribute injection via unsanitized domain and unparsed setCookie fields,2.0
TanStack/form,grype,GHSA-v422-hmwv-36x6,Low,/pnpm-lock.yaml,,body-parser,1.20.5,1.20.6,npm,,body-parser vulnerable to denial of service when invalid limit value silently disables size enforcement,1.0
TanStack/form,grype,GHSA-v422-hmwv-36x6,Low,/pnpm-lock.yaml,,body-parser,2.2.2,2.3.0,npm,,body-parser vulnerable to denial of service when invalid limit value silently disables size enforcement,1.0
TanStack/form,grype,GHSA-v56q-mh7h-f735,High,/pnpm-lock.yaml,,immutable,5.1.5,5.1.8,npm,,Immutable.js `List` 32-bit trie overflow → unrecoverable DoS,3.0
TanStack/form,grype,GHSA-v5mp-jgw5-2x6j,High,/pnpm-lock.yaml,,toml,3.0.0,4.1.2,npm,,toml-node: Prototype Pollution Leads to `Object.prototype` Corruption via `__proto__` Key-Path Desynchronization,3.0
TanStack/form,grype,GHSA-v6wh-96g9-6wx3,Medium,/pnpm-lock.yaml,,launch-editor,2.13.2,2.14.1,npm,,launch-editor: NTLMv2 hash disclosure via UNC path handling on Windows,2.0
TanStack/form,grype,GHSA-v6wh-96g9-6wx3,Medium,/pnpm-lock.yaml,,vite,5.4.21,6.4.3,npm,,launch-editor: NTLMv2 hash disclosure via UNC path handling on Windows,2.0
TanStack/form,grype,GHSA-v6wh-96g9-6wx3,Medium,/pnpm-lock.yaml,,vite,7.3.2,7.3.5,npm,,launch-editor: NTLMv2 hash disclosure via UNC path handling on Windows,2.0
TanStack/form,grype,GHSA-v6wh-96g9-6wx3,Medium,/pnpm-lock.yaml,,vite,7.3.3,7.3.5,npm,,launch-editor: NTLMv2 hash disclosure via UNC path handling on Windows,2.0
TanStack/form,grype,GHSA-vc2v-76pw-4v95,High,/pnpm-lock.yaml,,compression,1.8.1,1.8.2,npm,,compression vulnerable to Denial of Service via memory leak on premature response close,3.0
TanStack/form,grype,GHSA-vcc3-ghjq-m6fr,Medium,/pnpm-lock.yaml,,decode-uri-component,0.2.2,0.5.0,npm,,decode-uri-component: Denial of service via exponential decoding of malformed percent-encoded input,2.0
TanStack/form,grype,GHSA-vcvr-r3jv-pc5j,Critical,/pnpm-lock.yaml,,next,16.2.6,16.3.6,npm,,Next.js: Remote Code Execution in next/og ImageResponse,4.0
TanStack/form,grype,GHSA-vfj7-8cjw-p6xm,High,/pnpm-lock.yaml,,braces,3.0.3,,npm,,braces vulnerable to stack-exhaustion denial of service through deeply nested patterns,3.0
TanStack/form,grype,GHSA-vh66-26gq-q6x8,Medium,/pnpm-lock.yaml,,axios,1.18.1,1.20.0,npm,,Axios: Prototype pollution gadget in fetch adapter can alter outbound requests,2.0
TanStack/form,grype,GHSA-vmf3-w455-68vh,Medium,/pnpm-lock.yaml,,tar,6.2.1,7.5.16,npm,,"node-tar applies PAX size override to intermediary GNU long-name/long-link headers, causing tar parser interpretation differential (file smuggling)",2.0
TanStack/form,grype,GHSA-vmf3-w455-68vh,Medium,/pnpm-lock.yaml,,tar,7.5.15,7.5.16,npm,,"node-tar applies PAX size override to intermediary GNU long-name/long-link headers, causing tar parser interpretation differential (file smuggling)",2.0
TanStack/form,grype,GHSA-vmh5-mc38-953g,High,/pnpm-lock.yaml,,undici,7.24.4,7.28.0,npm,,undici vulnerable to TLS certificate validation bypass via dropped requestTls in SOCKS5 ProxyAgent,3.0
TanStack/form,grype,GHSA-vmh5-mc38-953g,High,/pnpm-lock.yaml,,undici,7.26.0,7.28.0,npm,,undici vulnerable to TLS certificate validation bypass via dropped requestTls in SOCKS5 ProxyAgent,3.0
TanStack/form,grype,GHSA-vr34-hp96-76pp,High,/pnpm-lock.yaml,,@xmldom/xmldom,0.9.10,0.9.12,npm,,xmldom: requireWellFormed DocType publicId/systemId validation is bypassable via an embedded line terminator,3.0
TanStack/form,grype,GHSA-vxpw-j846-p89q,High,/pnpm-lock.yaml,,undici,6.26.0,6.27.0,npm,,undici WebSocket client vulnerable to denial of service via fragment count bypass,3.0
TanStack/form,grype,GHSA-vxpw-j846-p89q,High,/pnpm-lock.yaml,,undici,7.24.4,7.28.0,npm,,undici WebSocket client vulnerable to denial of service via fragment count bypass,3.0
TanStack/form,grype,GHSA-vxpw-j846-p89q,High,/pnpm-lock.yaml,,undici,7.26.0,7.28.0,npm,,undici WebSocket client vulnerable to denial of service via fragment count bypass,3.0
TanStack/form,grype,GHSA-w293-vg96-wgc3,High,/pnpm-lock.yaml,,undici,7.24.4,7.29.1,npm,,undici vulnerable to TLS certificate validation bypass via dropped connect options in BalancedPool,3.0
TanStack/form,grype,GHSA-w293-vg96-wgc3,High,/pnpm-lock.yaml,,undici,7.26.0,7.29.1,npm,,undici vulnerable to TLS certificate validation bypass via dropped connect options in BalancedPool,3.0
TanStack/form,grype,GHSA-w2rr-34g9-rvrj,High,/pnpm-lock.yaml,,@xmldom/xmldom,0.8.13,0.8.14,npm,,xmldom: Element name injection via createElement() bypasses requireWellFormed,3.0
TanStack/form,grype,GHSA-w2rr-34g9-rvrj,High,/pnpm-lock.yaml,,@xmldom/xmldom,0.9.10,0.9.11,npm,,xmldom: Element name injection via createElement() bypasses requireWellFormed,3.0
TanStack/form,grype,GHSA-w3rx-r6r6-pgpr,High,/pnpm-lock.yaml,,image-size,1.2.1,2.0.3,npm,,image-size: ICNS parser allows denial of service through an infinite loop,3.0
TanStack/form,grype,GHSA-w4pp-8pjf-rmxw,High,/pnpm-lock.yaml,,pacote,21.3.1,21.5.1,npm,,pacote is vulnerable to Denial of Service (DoS) via the addGitSha function,3.0
TanStack/form,grype,GHSA-w5hq-g745-h8pq,Medium,/pnpm-lock.yaml,,uuid,7.0.3,11.1.1,npm,,uuid: Missing buffer bounds check in v3/v5/v6 when buf is provided,2.0
TanStack/form,grype,GHSA-w5hq-g745-h8pq,Medium,/pnpm-lock.yaml,,uuid,8.3.2,11.1.1,npm,,uuid: Missing buffer bounds check in v3/v5/v6 when buf is provided,2.0
TanStack/form,grype,GHSA-w5vr-8v7q-w6rv,Medium,/pnpm-lock.yaml,,baseline-browser-mapping,2.10.32,2.11.0,npm,,baseline-browser-mapping process termination on invalid input causes denial of service,2.0
TanStack/form,grype,GHSA-w62v-xxxg-mg59,Medium,/pnpm-lock.yaml,,hono,4.12.23,4.12.27,npm,,Hono: Server-Side XSS via JSX Escaping Bypass in cx() Utility,2.0
TanStack/form,grype,GHSA-w8wr-v893-vjvp,Medium,/pnpm-lock.yaml,,tar,6.2.1,7.5.18,npm,,node-tar: Process crash via PAX numeric path type confusion,2.0
TanStack/form,grype,GHSA-w8wr-v893-vjvp,Medium,/pnpm-lock.yaml,,tar,7.5.15,7.5.18,npm,,node-tar: Process crash via PAX numeric path type confusion,2.0
TanStack/form,grype,GHSA-w9m9-85wc-3x92,Low,/pnpm-lock.yaml,,postcss-selector-parser,7.1.1,7.1.3,npm,,postcss-selector-parser allows denial of service through uncontrolled AST recursion,1.0
TanStack/form,grype,GHSA-wf3x-273g-mvxv,Low,/pnpm-lock.yaml,,devalue,5.8.1,5.9.3,npm,,devalue: Sparse arrays emitted by uneval cause eager allocation when evaluated,1.0
TanStack/form,grype,GHSA-wgpf-jwqj-8h8p,Medium,/pnpm-lock.yaml,,hono,4.12.23,4.12.25,npm,,"hono: Lambda@Edge adapter keeps only the last value of a repeated request header, dropping the rest",2.0
TanStack/form,grype,GHSA-wq5f-xc86-pv6w,High,/pnpm-lock.yaml,,sharp,0.34.5,0.35.5,npm,,sharp : Vulnerability in librsvg dependency CVE-2026-96889,3.0
TanStack/form,grype,GHSA-wrjc-x8rr-h8h6,Medium,/pnpm-lock.yaml,,react-router,6.30.3,7.18.0,npm,,React Router: Open redirect via backslash in <Link> and useNavigate (CVE-2025-68470 bypass),2.0
TanStack/form,grype,GHSA-wwfh-h76j-fc44,Medium,/pnpm-lock.yaml,,hono,4.12.23,4.12.25,npm,,hono: Path traversal in `serve-static` on Windows via encoded backslash (`%5C`),2.0
TanStack/form,grype,GHSA-x4fp-j954-r2f4,High,/pnpm-lock.yaml,,@xmldom/xmldom,0.8.13,0.8.15,npm,,xmldom: End-tag Whitespace-Trim Regex ReDoS — quadratic backtracking in the 0.8.x end-tag parser,3.0
TanStack/form,grype,GHSA-x5fp-wj9c-mxmx,Medium,/pnpm-lock.yaml,,qs,6.15.2,6.16.0,npm,,qs array-limit bypass via bracket-key comma parsing,2.0
TanStack/form,grype,GHSA-x5rw-q4pp-hg5g,High,/pnpm-lock.yaml,,devalue,5.8.1,5.9.3,npm,,devalue: stringifyAsync can cause an unhandled rejection despite a caught returned promise,3.0
TanStack/form,grype,GHSA-x97p-jq2g-jp4f,High,/pnpm-lock.yaml,,axios,1.18.1,1.20.0,npm,,Axios: Prototype Pollution Gadget in axios toFormData Options,3.0
TanStack/form,grype,GHSA-x9g3-xrwr-cwfg,High,/pnpm-lock.yaml,,piscina,5.1.4,5.2.0,npm,,piscina: Prototype Pollution Gadget → RCE via inherited options.filename,3.0
TanStack/form,grype,GHSA-xgm2-5f3f-mvvc,Medium,/pnpm-lock.yaml,,hono,4.12.23,4.12.27,npm,,Hono: API Gateway v1 adapter can drop a distinct repeated request header value during de-duplication,2.0
TanStack/form,grype,GHSA-xv26-6w52-cph6,Critical,/pnpm-lock.yaml,,websocket-driver,0.7.4,0.7.5,npm,,websocket-driver: Message corruption via abuse of protocol length headers,4.0
TanStack/form,grype,GHSA-xvcm-6775-5m9r,High,/pnpm-lock.yaml,,immutable,5.1.5,5.1.8,npm,,Immutable: Hash-collision algorithmic complexity denial of service in Immutable.Map/Set,3.0
TanStack/highlight,grype,GHSA-28wg-ghj8-5hjv,High,/pnpm-lock.yaml,,nanoid,3.3.13,3.3.16,npm,,nanoid: non-secure generators can loop indefinitely with negative size,3.0
TanStack/highlight,grype,GHSA-2v37-7h3g-55p8,High,/pnpm-lock.yaml,,nanoid,3.3.13,3.3.18,npm,,nanoid: custom generators can loop indefinitely when size is zero,3.0
TanStack/highlight,grype,GHSA-68fv-2mgg-jv7q,High,/pnpm-lock.yaml,,source-map-js,1.2.1,1.2.2,npm,,source-map-js allows event-loop denial of service through indexed source-map section offsets,3.0
TanStack/highlight,grype,GHSA-82fw-gwwq-j7x9,Medium,/pnpm-lock.yaml,,@vitest/mocker,4.1.9,4.1.11,npm,,Vitest: Path Traversal / Arbitrary File Read via @vitest/mocker Redirect Mock,2.0
TanStack/highlight,grype,GHSA-82fw-gwwq-j7x9,Medium,/pnpm-lock.yaml,,vitest,4.1.9,4.1.11,npm,,Vitest: Path Traversal / Arbitrary File Read via @vitest/mocker Redirect Mock,2.0
TanStack/highlight,grype,GHSA-cxww-7g56-2vh6,High,/.github/workflows/ci.yml,,actions/download-artifact,v4,4.1.3,github-action,,@actions/download-artifact has an Arbitrary File Write via artifact extraction,3.0
TanStack/highlight,grype,GHSA-fxqj-rqcc-2cmp,Medium,/pnpm-lock.yaml,,postcss,8.5.15,8.5.23,npm,,PostCSS: incomplete fix of GHSA-6g55-p6wh-862q — attacker-controlled sourceMappingURL reads arbitrary .map files when `from` is unset,2.0
TanStack/highlight,grype,GHSA-hp3w-g68c-fv3c,Medium,/pnpm-lock.yaml,,sprintf-js,1.0.3,,npm,,sprintf-js vulnerable to denial of service through unbounded precision specifiers,2.0
TanStack/highlight,grype,GHSA-r28c-9q8g-f849,High,/pnpm-lock.yaml,,postcss,8.5.15,8.5.18,npm,,PostCSS: Path Traversal in Previous Source Map Auto-Loading (sourceMappingURL) leads to Arbitrary .map File Disclosure,3.0
TanStack/highlight,grype,GHSA-vfj7-8cjw-p6xm,High,/pnpm-lock.yaml,,braces,3.0.3,,npm,,braces vulnerable to stack-exhaustion denial of service through deeply nested patterns,3.0
TanStack/hotkeys,grype,GHSA-23c5-xmqv-rm74,High,/pnpm-lock.yaml,,minimatch,3.1.2,3.1.4,npm,,minimatch ReDoS: nested *() extglobs generate catastrophically backtracking regular expressions,3.0
TanStack/hotkeys,grype,GHSA-23c5-xmqv-rm74,High,/pnpm-lock.yaml,,minimatch,9.0.5,9.0.7,npm,,minimatch ReDoS: nested *() extglobs generate catastrophically backtracking regular expressions,3.0
TanStack/hotkeys,grype,GHSA-27v5-c462-wpq7,Medium,/pnpm-lock.yaml,,path-to-regexp,8.3.0,8.4.0,npm,,path-to-regexp vulnerable to Regular Expression Denial of Service via multiple wildcards,2.0
TanStack/hotkeys,grype,GHSA-2883-xcg3-v3hh,High,/pnpm-lock.yaml,,js-yaml,4.1.1,4.3.2,npm,,js-yaml: maxTotalMergeKeys does not limit CPU use for empty merge sources,3.0
TanStack/hotkeys,grype,GHSA-2gc4-cqfq-p2gv,High,/pnpm-lock.yaml,,engine.io,6.6.5,6.6.10,npm,,Socket.IO: Engine.IO Protocol Revision Mismatch DoS,3.0
TanStack/hotkeys,grype,GHSA-2gqq-gqf2-x968,Low,/pnpm-lock.yaml,,undici,7.24.4,7.29.1,npm,,undici vulnerable to response truncation via oversized chunked responses in the dump interceptor,1.0
TanStack/hotkeys,grype,GHSA-2jfj-6hjv-fm6j,Medium,/pnpm-lock.yaml,,undici,7.24.4,7.29.1,npm,,undici vulnerable to cross-user cookie disclosure via Set-Cookie caching in shared caches,2.0
TanStack/hotkeys,grype,GHSA-2m8v-j782-fhvr,High,/pnpm-lock.yaml,,socket.io-parser,4.2.5,4.2.7,npm,,Socket.IO: Zero-attachment Memory Exhaustion,3.0
TanStack/hotkeys,grype,GHSA-35p6-xmwp-9g52,Low,/pnpm-lock.yaml,,undici,7.24.4,7.28.0,npm,,undici vulnerable to HTTP response queue poisoning via keep-alive socket reuse,1.0
TanStack/hotkeys,grype,GHSA-3jxr-9vmj-r5cp,High,/pnpm-lock.yaml,,brace-expansion,1.1.12,1.1.16,npm,,brace-expansion: DoS via exponential-time expansion of consecutive non-expanding {} groups,3.0
TanStack/hotkeys,grype,GHSA-3jxr-9vmj-r5cp,High,/pnpm-lock.yaml,,brace-expansion,2.0.2,2.1.2,npm,,brace-expansion: DoS via exponential-time expansion of consecutive non-expanding {} groups,3.0
TanStack/hotkeys,grype,GHSA-3ppc-4f35-3m26,High,/pnpm-lock.yaml,,minimatch,3.1.2,3.1.3,npm,,minimatch has a ReDoS via repeated wildcards with non-matching literal in pattern,3.0
TanStack/hotkeys,grype,GHSA-3ppc-4f35-3m26,High,/pnpm-lock.yaml,,minimatch,9.0.5,9.0.6,npm,,minimatch has a ReDoS via repeated wildcards with non-matching literal in pattern,3.0
TanStack/hotkeys,grype,GHSA-3pq3-5fj3-cg6v,High,/pnpm-lock.yaml,,axios,1.18.1,1.20.0,npm,,Axios: HTTP/2 adapter bypasses configured DNS lookup and proxy controls,3.0
TanStack/hotkeys,grype,GHSA-3v7f-55p6-f55p,Medium,/pnpm-lock.yaml,,picomatch,2.3.1,2.3.2,npm,,Picomatch: Method Injection in POSIX Character Classes causes incorrect Glob Matching,2.0
TanStack/hotkeys,grype,GHSA-3xpg-4rpp-hhhm,Medium,/pnpm-lock.yaml,,undici,7.24.4,7.29.1,npm,,undici vulnerable to Denial of Service via unbounded decompression of compressed responses,2.0
TanStack/hotkeys,grype,GHSA-44g4-m2mj-wpvx,Medium,/pnpm-lock.yaml,,axios,1.18.1,1.20.0,npm,,"Axios: CIDR-form NO_PROXY entries are ignored, causing proxy exclusion bypass for internal IP ranges",2.0
TanStack/hotkeys,grype,GHSA-48c2-rrv3-qjmp,Medium,/pnpm-lock.yaml,,yaml,1.10.2,1.10.3,npm,,yaml is vulnerable to Stack Overflow via deeply nested YAML collections,2.0
TanStack/hotkeys,grype,GHSA-48c2-rrv3-qjmp,Medium,/pnpm-lock.yaml,,yaml,2.8.2,2.8.3,npm,,yaml is vulnerable to Stack Overflow via deeply nested YAML collections,2.0
TanStack/hotkeys,grype,GHSA-4c8g-83qw-93j6,High,/pnpm-lock.yaml,,fast-uri,3.1.0,3.1.3,npm,,fast-uri vulnerable to host confusion via failed IDN canonicalization,3.0
TanStack/hotkeys,grype,GHSA-4cwx-7wf7-3272,High,/pnpm-lock.yaml,,undici,7.24.4,7.29.0,npm,,undici vulnerable to cross-user information disclosure and parse-time crash via degenerate private cache directives,3.0
TanStack/hotkeys,grype,GHSA-4hqw-qxg8-jxx2,Medium,/pnpm-lock.yaml,,axios,1.18.1,1.20.0,npm,,Axios: Fetch Adapter Header Injection via Inherited FormData getHeaders,2.0
TanStack/hotkeys,grype,GHSA-4mjr-xmp4-gh2g,Medium,/pnpm-lock.yaml,,qs,6.14.2,6.16.0,npm,,qs: Denial of Service via Attacker Controlled isBuffer,2.0
TanStack/hotkeys,grype,GHSA-4x5r-pxfx-6jf8,Low,/pnpm-lock.yaml,,@babel/core,7.29.0,7.29.6,npm,,@babel/core: Arbitrary File Read via sourceMappingURL Comment,1.0
TanStack/hotkeys,grype,GHSA-52cp-r559-cp3m,High,/pnpm-lock.yaml,,js-yaml,4.1.1,4.3.0,npm,,js-yaml: YAML merge-key chains can force quadratic CPU consumption,3.0
TanStack/hotkeys,grype,GHSA-542g-h47m-68v8,High,/pnpm-lock.yaml,,axios,1.18.1,1.20.0,npm,,Axios: Denial of Service via Unhandled 'error' Event in HTTP/2 ClientHttp2Session Initialization,3.0
TanStack/hotkeys,grype,GHSA-58qx-3vcg-4xpx,Medium,/pnpm-lock.yaml,,ws,8.18.3,8.20.1,npm,,ws: Uninitialized memory disclosure,2.0
TanStack/hotkeys,grype,GHSA-58w9-8g37-x9v5,Medium,/pnpm-lock.yaml,,@angular/compiler,21.2.10,21.2.17,npm,,@angular/compiler: Two-Way Property Binding Sanitization Bypass (XSS),2.0
TanStack/hotkeys,grype,GHSA-5p4m-2wfm-xmqj,High,/pnpm-lock.yaml,,js-yaml,4.1.1,4.3.1,npm,,JS-YAML: Quadratic CPU consumption in !!omap resolution (3.x and 4.x) — CVE-2026-59870 fix not backported,3.0
TanStack/hotkeys,grype,GHSA-677m-j7p3-52f9,High,/pnpm-lock.yaml,,socket.io-parser,4.2.5,4.2.6,npm,,socket.io allows an unbounded number of binary attachments,3.0
TanStack/hotkeys,grype,GHSA-68fv-2mgg-jv7q,High,/pnpm-lock.yaml,,source-map-js,1.2.1,1.2.2,npm,,source-map-js allows event-loop denial of service through indexed source-map section offsets,3.0
TanStack/hotkeys,grype,GHSA-692r-grfm-v8x7,Medium,/pnpm-lock.yaml,,@angular/core,21.2.10,21.2.15,npm,,@angular/core: Angular Template and Dynamic Component Namespace Bypass leading to Cross-Site Scripting (XSS),2.0
TanStack/hotkeys,grype,GHSA-6j4f-fj2g-mc7p,High,/pnpm-lock.yaml,,brace-expansion,1.1.12,1.1.19,npm,,brace-expansion: DoS via uncontrolled recursion in parseCommaParts causing stack exhaustion,3.0
TanStack/hotkeys,grype,GHSA-6j4f-fj2g-mc7p,High,/pnpm-lock.yaml,,brace-expansion,2.0.2,2.1.5,npm,,brace-expansion: DoS via uncontrolled recursion in parseCommaParts causing stack exhaustion,3.0
TanStack/hotkeys,grype,GHSA-6j4f-fj2g-mc7p,High,/pnpm-lock.yaml,,brace-expansion,5.0.9,5.0.10,npm,,brace-expansion: DoS via uncontrolled recursion in parseCommaParts causing stack exhaustion,3.0
TanStack/hotkeys,grype,GHSA-7p8r-x3mc-p8w7,High,/pnpm-lock.yaml,,fast-uri,3.1.0,3.1.5,npm,,fast-uri vulnerable to host confusion via backslash authority introducer,3.0
TanStack/hotkeys,grype,GHSA-7r86-cg39-jmmj,High,/pnpm-lock.yaml,,minimatch,3.1.2,3.1.3,npm,,minimatch has ReDoS: matchOne() combinatorial backtracking via multiple non-adjacent GLOBSTAR segments,3.0
TanStack/hotkeys,grype,GHSA-7r86-cg39-jmmj,High,/pnpm-lock.yaml,,minimatch,9.0.5,9.0.7,npm,,minimatch has ReDoS: matchOne() combinatorial backtracking via multiple non-adjacent GLOBSTAR segments,3.0
TanStack/hotkeys,grype,GHSA-7w5x-hrqm-74c2,High,/pnpm-lock.yaml,,smol-toml,1.6.1,1.7.1,npm,,smol-toml: Denial of Service via malformed TOML documents,3.0
TanStack/hotkeys,grype,GHSA-8436-99hf-9mmv,Low,/pnpm-lock.yaml,,undici,7.24.4,7.29.1,npm,,undici vulnerable to caching and replay of unsafe HTTP method responses,1.0
TanStack/hotkeys,grype,GHSA-8xcm-r25x-g524,Medium,/pnpm-lock.yaml,,undici,7.24.4,7.29.0,npm,,undici vulnerable to downstream response desynchronization via retry interceptor,2.0
TanStack/hotkeys,grype,GHSA-96hv-2xvq-fx4p,High,/pnpm-lock.yaml,,ws,8.18.3,8.21.0,npm,,ws: Memory exhaustion DoS from tiny fragments and data chunks,3.0
TanStack/hotkeys,grype,GHSA-9fr6-4gfg-395g,Medium,/pnpm-lock.yaml,,axios,1.18.1,1.20.0,npm,,Axios: Prototype-Pollution Gadget in the Default Instance Allows Inherited Object.prototype.method to Override HTTP Method,2.0
TanStack/hotkeys,grype,GHSA-c29m-xwm3-cm6r,High,/pnpm-lock.yaml,,axios,1.18.1,1.20.0,npm,,Axios: ReDoS in fromDataURI data: URL parser freezes the Node event loop (DoS),3.0
TanStack/hotkeys,grype,GHSA-c2c7-rcm5-vvqj,High,/pnpm-lock.yaml,,picomatch,2.3.1,2.3.2,npm,,Picomatch has a ReDoS vulnerability via extglob quantifiers,3.0
TanStack/hotkeys,grype,GHSA-f23m-r3pf-42rh,Medium,/pnpm-lock.yaml,,lodash,4.17.23,4.18.0,npm,,lodash vulnerable to Prototype Pollution via array path bypass in `_.unset` and `_.omit`,2.0
TanStack/hotkeys,grype,GHSA-f3m7-gqxr-g87x,Medium,/pnpm-lock.yaml,,@angular/compiler,21.2.10,21.2.15,npm,,Angular: Template and Attribute Namespace Sanitization Bypass (XSS),2.0
TanStack/hotkeys,grype,GHSA-f3m7-gqxr-g87x,Medium,/pnpm-lock.yaml,,@angular/core,21.2.10,21.2.15,npm,,Angular: Template and Attribute Namespace Sanitization Bypass (XSS),2.0
TanStack/hotkeys,grype,GHSA-f65p-4m7j-42xc,High,/pnpm-lock.yaml,,fast-uri,3.1.0,3.1.6,npm,,fast-uri vulnerable to server-side request forgery via malformed IPv6 normalization,3.0
TanStack/hotkeys,grype,GHSA-f886-m6hf-6m8v,Medium,/pnpm-lock.yaml,,brace-expansion,1.1.12,1.1.13,npm,,brace-expansion: Zero-step sequence causes process hang and memory exhaustion,2.0
TanStack/hotkeys,grype,GHSA-f886-m6hf-6m8v,Medium,/pnpm-lock.yaml,,brace-expansion,2.0.2,2.0.3,npm,,brace-expansion: Zero-step sequence causes process hang and memory exhaustion,2.0
TanStack/hotkeys,grype,GHSA-fx2h-pf6j-xcff,High,/pnpm-lock.yaml,,vite,7.3.2,7.3.5,npm,,vite: `server.fs.deny` bypass on Windows alternate paths,3.0
TanStack/hotkeys,grype,GHSA-g2v6-rqmx-r4w6,High,/pnpm-lock.yaml,,@vue/server-renderer,3.5.33,3.5.42,npm,,@vue/server-renderer: XSS via missing CR in attribute-name blacklist,3.0
TanStack/hotkeys,grype,GHSA-g7r4-m6w7-qqqr,Low,/pnpm-lock.yaml,,esbuild,0.27.3,0.28.1,npm,,esbuild allows arbitrary file read when running the development server on Windows,1.0
TanStack/hotkeys,grype,GHSA-g7r4-m6w7-qqqr,Low,/pnpm-lock.yaml,,esbuild,0.28.0,0.28.1,npm,,esbuild allows arbitrary file read when running the development server on Windows,1.0
TanStack/hotkeys,grype,GHSA-g84c-rxfj-3j2c,High,/pnpm-lock.yaml,,webpack-dev-middleware,8.0.3,8.3.0,npm,,webpack-dev-middleware vulnerable to Path Traversal via non-slash-terminated publicPath,3.0
TanStack/hotkeys,grype,GHSA-g8m3-5g58-fq7m,Low,/pnpm-lock.yaml,,undici,7.24.4,7.28.0,npm,,undici vulnerable to Set-Cookie SameSite attribute downgrade via permissive substring matching,1.0
TanStack/hotkeys,grype,GHSA-gr94-w7qr-f4j3,High,/pnpm-lock.yaml,,engine.io,6.6.5,6.6.7,npm,,Socket.IO: Engine.IO WebTransport SID DoS,3.0
TanStack/hotkeys,grype,GHSA-h67p-54hq-rp68,Medium,/pnpm-lock.yaml,,js-yaml,4.1.1,4.2.0,npm,,JS-YAML: Quadratic-complexity DoS in merge key handling via repeated aliases,2.0
TanStack/hotkeys,grype,GHSA-hh8m-fm6v-7cvg,Medium,/pnpm-lock.yaml,,@angular/compiler,21.2.10,21.2.20,npm,,Angular: Sanitization bypass via directive host bindings on concrete host elements in @angular/core and @angular/compiler,2.0
TanStack/hotkeys,grype,GHSA-hh8m-fm6v-7cvg,Medium,/pnpm-lock.yaml,,@angular/core,21.2.10,21.2.20,npm,,Angular: Sanitization bypass via directive host bindings on concrete host elements in @angular/core and @angular/compiler,2.0
TanStack/hotkeys,grype,GHSA-hm92-r4w5-c3mj,High,/pnpm-lock.yaml,,undici,7.24.4,7.28.0,npm,,undici vulnerable to cross-origin request routing via SOCKS5 proxy pool reuse,3.0
TanStack/hotkeys,grype,GHSA-hp3w-g68c-fv3c,Medium,/pnpm-lock.yaml,,sprintf-js,1.1.3,,npm,,sprintf-js vulnerable to denial of service through unbounded precision specifiers,2.0
TanStack/hotkeys,grype,GHSA-hrr3-gc8f-f4qj,Medium,/pnpm-lock.yaml,,fast-uri,3.1.0,3.1.8,npm,,fast-uri vulnerable to inconsistent host case normalization via percent-encoded octets,2.0
TanStack/hotkeys,grype,GHSA-j3q9-mxjg-w52f,High,/pnpm-lock.yaml,,path-to-regexp,8.3.0,8.4.0,npm,,path-to-regexp vulnerable to Denial of Service via sequential optional groups,3.0
TanStack/hotkeys,grype,GHSA-j8rh-479h-cp32,Medium,/pnpm-lock.yaml,,axios,1.18.1,1.20.0,npm,,Axios: Header Injection via Inherited headers After Minimal Interceptor,2.0
TanStack/hotkeys,grype,GHSA-jj27-h5hq-8x99,High,/pnpm-lock.yaml,,@angular/compiler,21.2.10,21.2.19,npm,,Angular i18n: Cross-Site Scripting (XSS) via event-handler attributes,3.0
TanStack/hotkeys,grype,GHSA-jj27-h5hq-8x99,High,/pnpm-lock.yaml,,@angular/core,21.2.10,21.2.19,npm,,Angular i18n: Cross-Site Scripting (XSS) via event-handler attributes,3.0
TanStack/hotkeys,grype,GHSA-jp82-f5mq-hwhp,High,/pnpm-lock.yaml,,seroval,1.5.6,1.6.3,npm,,Seroval: Memory exhaustion via unchecked TypedArray length in JSON deserialization,3.0
TanStack/hotkeys,grype,GHSA-jqcg-44mw-7w3h,Critical,/pnpm-lock.yaml,,proxy-addr,2.0.7,2.0.8,npm,,proxy-addr vulnerable to IP spoofing via IPv4-mapped IPv6 trust subnet,4.0
TanStack/hotkeys,grype,GHSA-jqff-g426-hqxp,High,/pnpm-lock.yaml,,fast-uri,3.1.0,3.1.6,npm,,fast-uri vulnerable to host confusion via percent-encoded scheme normalization,3.0
TanStack/hotkeys,grype,GHSA-jr45-8vmc-qm54,Medium,/pnpm-lock.yaml,,undici,7.24.4,7.29.0,npm,,undici vulnerable to cross-user information disclosure via whitespace around equals in Cache-Control directives,2.0
TanStack/hotkeys,grype,GHSA-m8m8-qj5v-23w3,High,/pnpm-lock.yaml,,axios,1.18.1,1.20.0,npm,,Axios: Node HTTP adapter prototype-pollution gadget allows request socket hijack via inherited createConnection,3.0
TanStack/hotkeys,grype,GHSA-m8rv-5g2x-5cg5,Medium,/pnpm-lock.yaml,,undici,7.24.4,7.29.0,npm,,undici vulnerable to CRLF Injection via blob-like body 'type' property,2.0
TanStack/hotkeys,grype,GHSA-mghh-pgcx-3jjj,High,/pnpm-lock.yaml,,axios,1.18.1,1.20.0,npm,,"Axios: ReDoS (O(N²)) in shouldBypassProxy host normalization, reachable via untrusted redirect Location",3.0
TanStack/hotkeys,grype,GHSA-mh99-v99m-4gvg,High,/pnpm-lock.yaml,,brace-expansion,1.1.12,1.1.17,npm,,brace-expansion: DoS via unbounded expansion length causing an out-of-memory process crash,3.0
TanStack/hotkeys,grype,GHSA-mh99-v99m-4gvg,High,/pnpm-lock.yaml,,brace-expansion,2.0.2,2.1.3,npm,,brace-expansion: DoS via unbounded expansion length causing an out-of-memory process crash,3.0
TanStack/hotkeys,grype,GHSA-mw96-cpmx-2vgc,High,/pnpm-lock.yaml,,rollup,4.57.1,4.59.0,npm,,Rollup 4 has Arbitrary File Write via Path Traversal,3.0
TanStack/hotkeys,grype,GHSA-p498-v437-472g,Medium,/pnpm-lock.yaml,,@humanfs/node,0.16.7,0.16.8,npm,,humanfs: Recursive copy follows symlinked files and copies data from outside the source tree,2.0
TanStack/hotkeys,grype,GHSA-p6vx-979v-rg4c,Critical,/pnpm-lock.yaml,,seroval,1.5.6,1.6.2,npm,,Seroval: `fromJSON()` Promise thenable assimilation invokes plugin-produced callables (bypass of GHSA-mv8w-475r-vwqw),4.0
TanStack/hotkeys,grype,GHSA-p88m-4jfj-68fv,Medium,/pnpm-lock.yaml,,undici,7.24.4,7.28.0,npm,,undici vulnerable to HTTP header injection via Set-Cookie percent-decoding,2.0
TanStack/hotkeys,grype,GHSA-pmjh-fq2x-6v4x,Medium,/pnpm-lock.yaml,,undici,7.24.4,7.29.1,npm,,undici vulnerable to Denial of Service via orphaned RetryHandler response body,2.0
TanStack/hotkeys,grype,GHSA-pqg4-j6r4-53mv,Critical,/pnpm-lock.yaml,,shell-quote,1.10.0,1.11.0,npm,,shell-quote: `quote()` command injection via a line terminator in a token after a `{ comment }` token,4.0
TanStack/hotkeys,grype,GHSA-pr7r-676h-xcf6,Medium,/pnpm-lock.yaml,,undici,7.24.4,7.28.0,npm,,undici vulnerable to cross-user information disclosure via shared cache whitespace bypass,2.0
TanStack/hotkeys,grype,GHSA-q2hr-2g5m-vwhr,Medium,/pnpm-lock.yaml,,brace-expansion,1.1.12,1.1.21,npm,,"brace-expansion: Quadratic-time expansion of the `{a},b}` rewrite causes CPU denial of service",2.0
TanStack/hotkeys,grype,GHSA-q2hr-2g5m-vwhr,Medium,/pnpm-lock.yaml,,brace-expansion,2.0.2,2.1.7,npm,,"brace-expansion: Quadratic-time expansion of the `{a},b}` rewrite causes CPU denial of service",2.0
TanStack/hotkeys,grype,GHSA-q2hr-2g5m-vwhr,Medium,/pnpm-lock.yaml,,brace-expansion,5.0.9,5.0.12,npm,,"brace-expansion: Quadratic-time expansion of the `{a},b}` rewrite causes CPU denial of service",2.0
TanStack/hotkeys,grype,GHSA-q3j6-qgpj-74h6,High,/pnpm-lock.yaml,,fast-uri,3.1.0,3.1.1,npm,,fast-uri vulnerable to path traversal via percent-encoded dot segments,3.0
TanStack/hotkeys,grype,GHSA-q8mj-m7cp-5q26,Medium,/pnpm-lock.yaml,,qs,6.14.2,6.15.2,npm,,qs has a remotely triggerable DoS: qs.stringify crashes with TypeError on null/undefined entries in comma-format arrays when encodeValuesOnly is set,2.0
TanStack/hotkeys,grype,GHSA-qhr7-859c-m2p7,High,/pnpm-lock.yaml,,brace-expansion,1.1.12,1.1.20,npm,,brace-expansion: DoS via uncontrolled recursion on nested brace groups causing stack exhaustion,3.0
TanStack/hotkeys,grype,GHSA-qhr7-859c-m2p7,High,/pnpm-lock.yaml,,brace-expansion,2.0.2,2.1.6,npm,,brace-expansion: DoS via uncontrolled recursion on nested brace groups causing stack exhaustion,3.0
TanStack/hotkeys,grype,GHSA-qhr7-859c-m2p7,High,/pnpm-lock.yaml,,brace-expansion,5.0.9,5.0.11,npm,,brace-expansion: DoS via uncontrolled recursion on nested brace groups causing stack exhaustion,3.0
TanStack/hotkeys,grype,GHSA-qj8w-gfj5-8c6v,Medium,/pnpm-lock.yaml,,serialize-javascript,7.0.4,7.0.5,npm,,Serialize JavaScript has CPU Exhaustion Denial of Service via crafted array-like objects,2.0
TanStack/hotkeys,grype,GHSA-qw65-cvwx-89v3,High,/pnpm-lock.yaml,,fast-uri,3.1.0,3.1.7,npm,,fast-uri vulnerable to authority injection via an unvalidated port in serialize,3.0
TanStack/hotkeys,grype,GHSA-r4gj-5m52-g5wh,High,/pnpm-lock.yaml,,axios,1.18.1,1.20.0,npm,,"Axios: maxRedirects: 0 is not enforced by the fetch adapter, allowing redirect-based SSRF",3.0
TanStack/hotkeys,grype,GHSA-r4xh-jqrq-34v2,Medium,/pnpm-lock.yaml,,smol-toml,1.6.1,1.9.0,npm,,smol-toml: Quadratic-time parse() from parseKey rescanning to end of document on each key line,2.0
TanStack/hotkeys,grype,GHSA-r53p-7pc4-xj5r,Low,/pnpm-lock.yaml,,undici,7.24.4,7.29.1,npm,,undici vulnerable to downstream response splitting via retry interceptor,1.0
TanStack/hotkeys,grype,GHSA-r5fr-rjxr-66jc,High,/pnpm-lock.yaml,,lodash,4.17.23,4.18.0,npm,,lodash vulnerable to Code Injection via `_.template` imports key names,3.0
TanStack/hotkeys,grype,GHSA-r635-g3xr-vw7x,High,/pnpm-lock.yaml,,engine.io,6.6.5,6.6.7,npm,,Socket.IO: Engine.IO Polling Transport Connection Exhaustion,3.0
TanStack/hotkeys,grype,GHSA-rfgv-xxqx-mfg5,High,/pnpm-lock.yaml,,undici,7.24.4,7.29.1,npm,,undici vulnerable to Denial of Service via unrequested WebSocket subprotocol,3.0
TanStack/hotkeys,grype,GHSA-rgjc-h3x7-9mwg,High,/pnpm-lock.yaml,,@angular/core,21.2.10,21.2.17,npm,,Angular Client Hydration DOM Clobbering & Response-Cache Poisoning,3.0
TanStack/hotkeys,grype,GHSA-rgw5-rvv9-x895,High,/pnpm-lock.yaml,,brace-expansion,1.1.12,1.1.18,npm,,"brace-expansion: DoS via unbounded intermediate arrays, bypassing the CVE-2026-14257 mitigation",3.0
TanStack/hotkeys,grype,GHSA-rgw5-rvv9-x895,High,/pnpm-lock.yaml,,brace-expansion,2.0.2,2.1.4,npm,,"brace-expansion: DoS via unbounded intermediate arrays, bypassing the CVE-2026-14257 mitigation",3.0
TanStack/hotkeys,grype,GHSA-rj75-hqrm-r3gf,Medium,/pnpm-lock.yaml,,postcss-selector-parser,7.1.1,7.1.6,npm,,PostCSS: Quadratic complexity in flat selector parsing allows CPU exhaustion,2.0
TanStack/hotkeys,grype,GHSA-rx4f-c7p8-82vq,Medium,/pnpm-lock.yaml,,undici,7.24.4,7.29.1,npm,,undici vulnerable to Denial of Service via WebSocketStream unclean close,2.0
TanStack/hotkeys,grype,GHSA-v2hh-gcrm-f6hx,High,/pnpm-lock.yaml,,fast-uri,3.1.0,3.1.4,npm,,fast-uri vulnerable to host confusion via literal backslash authority delimiter,3.0
TanStack/hotkeys,grype,GHSA-v39h-62p7-jpjc,High,/pnpm-lock.yaml,,fast-uri,3.1.0,3.1.2,npm,,fast-uri vulnerable to host confusion via percent-encoded authority delimiters,3.0
TanStack/hotkeys,grype,GHSA-v3r7-h72x-cjcm,Medium,/pnpm-lock.yaml,,undici,7.24.4,7.29.0,npm,,undici vulnerable to cookie attribute injection via unsanitized domain and unparsed setCookie fields,2.0
TanStack/hotkeys,grype,GHSA-v422-hmwv-36x6,Low,/pnpm-lock.yaml,,body-parser,1.20.4,1.20.6,npm,,body-parser vulnerable to denial of service when invalid limit value silently disables size enforcement,1.0
TanStack/hotkeys,grype,GHSA-v422-hmwv-36x6,Low,/pnpm-lock.yaml,,body-parser,2.2.2,2.3.0,npm,,body-parser vulnerable to denial of service when invalid limit value silently disables size enforcement,1.0
TanStack/hotkeys,grype,GHSA-v6wh-96g9-6wx3,Medium,/pnpm-lock.yaml,,vite,7.3.2,7.3.5,npm,,launch-editor: NTLMv2 hash disclosure via UNC path handling on Windows,2.0
TanStack/hotkeys,grype,GHSA-vc2v-76pw-4v95,High,/pnpm-lock.yaml,,compression,1.8.1,1.8.2,npm,,compression vulnerable to Denial of Service via memory leak on premature response close,3.0
TanStack/hotkeys,grype,GHSA-vfj7-8cjw-p6xm,High,/pnpm-lock.yaml,,braces,3.0.3,,npm,,braces vulnerable to stack-exhaustion denial of service through deeply nested patterns,3.0
TanStack/hotkeys,grype,GHSA-vh66-26gq-q6x8,Medium,/pnpm-lock.yaml,,axios,1.18.1,1.20.0,npm,,Axios: Prototype pollution gadget in fetch adapter can alter outbound requests,2.0
TanStack/hotkeys,grype,GHSA-vmh5-mc38-953g,High,/pnpm-lock.yaml,,undici,7.24.4,7.28.0,npm,,undici vulnerable to TLS certificate validation bypass via dropped requestTls in SOCKS5 ProxyAgent,3.0
TanStack/hotkeys,grype,GHSA-vxpw-j846-p89q,High,/pnpm-lock.yaml,,undici,7.24.4,7.28.0,npm,,undici WebSocket client vulnerable to denial of service via fragment count bypass,3.0
TanStack/hotkeys,grype,GHSA-w293-vg96-wgc3,High,/pnpm-lock.yaml,,undici,7.24.4,7.29.1,npm,,undici vulnerable to TLS certificate validation bypass via dropped connect options in BalancedPool,3.0
TanStack/hotkeys,grype,GHSA-w9m9-85wc-3x92,Low,/pnpm-lock.yaml,,postcss-selector-parser,7.1.1,7.1.3,npm,,postcss-selector-parser allows denial of service through uncontrolled AST recursion,1.0
TanStack/hotkeys,grype,GHSA-x5fp-wj9c-mxmx,Medium,/pnpm-lock.yaml,,qs,6.14.2,6.16.0,npm,,qs array-limit bypass via bracket-key comma parsing,2.0
TanStack/hotkeys,grype,GHSA-x97p-jq2g-jp4f,High,/pnpm-lock.yaml,,axios,1.18.1,1.20.0,npm,,Axios: Prototype Pollution Gadget in axios toFormData Options,3.0
TanStack/intent,grype,GHSA-3pq3-5fj3-cg6v,High,/pnpm-lock.yaml,,axios,1.18.1,1.20.0,npm,,Axios: HTTP/2 adapter bypasses configured DNS lookup and proxy controls,3.0
TanStack/intent,grype,GHSA-44g4-m2mj-wpvx,Medium,/pnpm-lock.yaml,,axios,1.18.1,1.20.0,npm,,"Axios: CIDR-form NO_PROXY entries are ignored, causing proxy exclusion bypass for internal IP ranges",2.0
TanStack/intent,grype,GHSA-4hqw-qxg8-jxx2,Medium,/pnpm-lock.yaml,,axios,1.18.1,1.20.0,npm,,Axios: Fetch Adapter Header Injection via Inherited FormData getHeaders,2.0
TanStack/intent,grype,GHSA-542g-h47m-68v8,High,/pnpm-lock.yaml,,axios,1.18.1,1.20.0,npm,,Axios: Denial of Service via Unhandled 'error' Event in HTTP/2 ClientHttp2Session Initialization,3.0
TanStack/intent,grype,GHSA-9fr6-4gfg-395g,Medium,/pnpm-lock.yaml,,axios,1.18.1,1.20.0,npm,,Axios: Prototype-Pollution Gadget in the Default Instance Allows Inherited Object.prototype.method to Override HTTP Method,2.0
TanStack/intent,grype,GHSA-c29m-xwm3-cm6r,High,/pnpm-lock.yaml,,axios,1.18.1,1.20.0,npm,,Axios: ReDoS in fromDataURI data: URL parser freezes the Node event loop (DoS),3.0
TanStack/intent,grype,GHSA-ch52-4w7c-c8xp,High,/pnpm-lock.yaml,,http-cache-semantics,4.2.0,,npm,,http-cache-semantics max-stale handling can disclose cross-user cached responses,3.0
TanStack/intent,grype,GHSA-hp3w-g68c-fv3c,Medium,/pnpm-lock.yaml,,sprintf-js,1.0.3,,npm,,sprintf-js vulnerable to denial of service through unbounded precision specifiers,2.0
TanStack/intent,grype,GHSA-j8rh-479h-cp32,Medium,/pnpm-lock.yaml,,axios,1.18.1,1.20.0,npm,,Axios: Header Injection via Inherited headers After Minimal Interceptor,2.0
TanStack/intent,grype,GHSA-jqcg-44mw-7w3h,Critical,/pnpm-lock.yaml,,proxy-addr,2.0.7,2.0.8,npm,,proxy-addr vulnerable to IP spoofing via IPv4-mapped IPv6 trust subnet,4.0
TanStack/intent,grype,GHSA-m8m8-qj5v-23w3,High,/pnpm-lock.yaml,,axios,1.18.1,1.20.0,npm,,Axios: Node HTTP adapter prototype-pollution gadget allows request socket hijack via inherited createConnection,3.0
TanStack/intent,grype,GHSA-mghh-pgcx-3jjj,High,/pnpm-lock.yaml,,axios,1.18.1,1.20.0,npm,,"Axios: ReDoS (O(N²)) in shouldBypassProxy host normalization, reachable via untrusted redirect Location",3.0
TanStack/intent,grype,GHSA-r4gj-5m52-g5wh,High,/pnpm-lock.yaml,,axios,1.18.1,1.20.0,npm,,"Axios: maxRedirects: 0 is not enforced by the fetch adapter, allowing redirect-based SSRF",3.0
TanStack/intent,grype,GHSA-vc2v-76pw-4v95,High,/pnpm-lock.yaml,,compression,1.8.1,1.8.2,npm,,compression vulnerable to Denial of Service via memory leak on premature response close,3.0
TanStack/intent,grype,GHSA-vfj7-8cjw-p6xm,High,/pnpm-lock.yaml,,braces,3.0.3,,npm,,braces vulnerable to stack-exhaustion denial of service through deeply nested patterns,3.0
TanStack/intent,grype,GHSA-vh66-26gq-q6x8,Medium,/pnpm-lock.yaml,,axios,1.18.1,1.20.0,npm,,Axios: Prototype pollution gadget in fetch adapter can alter outbound requests,2.0
TanStack/intent,grype,GHSA-x97p-jq2g-jp4f,High,/pnpm-lock.yaml,,axios,1.18.1,1.20.0,npm,,Axios: Prototype Pollution Gadget in axios toFormData Options,3.0
TanStack/markdown,grype,GHSA-253c-mchw-3w2r,Medium,/pnpm-lock.yaml,,markdown-it,14.2.0,14.3.1,npm,,"markdown-it linkify: true has two quadratic paths, so a few hundred KB of markdown blocks the event loop for tens of seconds",2.0
TanStack/markdown,grype,GHSA-28wg-ghj8-5hjv,High,/pnpm-lock.yaml,,nanoid,3.3.13,3.3.16,npm,,nanoid: non-secure generators can loop indefinitely with negative size,3.0
TanStack/markdown,grype,GHSA-2v37-7h3g-55p8,High,/pnpm-lock.yaml,,nanoid,3.3.13,3.3.18,npm,,nanoid: custom generators can loop indefinitely when size is zero,3.0
TanStack/markdown,grype,GHSA-4q55-j62x-fr9h,Medium,/pnpm-lock.yaml,,devalue,5.8.2,5.9.3,npm,,devalue: Malformed null-prototype object keys bypass __proto__ rejection via property-key coercion,2.0
TanStack/markdown,grype,GHSA-5gmw-xhrv-c9v3,Critical,/pnpm-lock.yaml,,tinypool,1.1.1,2.1.1,npm,,Tinypool: Prototype Pollution gadget in worker options leads to Remote Code Execution,4.0
TanStack/markdown,grype,GHSA-68fv-2mgg-jv7q,High,/pnpm-lock.yaml,,source-map-js,1.2.1,1.2.2,npm,,source-map-js allows event-loop denial of service through indexed source-map section offsets,3.0
TanStack/markdown,grype,GHSA-82fw-gwwq-j7x9,Medium,/pnpm-lock.yaml,,@vitest/mocker,3.2.6,4.1.11,npm,,Vitest: Path Traversal / Arbitrary File Read via @vitest/mocker Redirect Mock,2.0
TanStack/markdown,grype,GHSA-82fw-gwwq-j7x9,Medium,/pnpm-lock.yaml,,vitest,3.2.6,4.1.11,npm,,Vitest: Path Traversal / Arbitrary File Read via @vitest/mocker Redirect Mock,2.0
TanStack/markdown,grype,GHSA-85c8-ppgw-ccpr,Critical,/pnpm-lock.yaml,,tinypool,1.1.1,2.1.2,npm,,Tinypool: Prototype Pollution Gadget to RCE in run() options,4.0
TanStack/markdown,grype,GHSA-9rgm-9g3h-6x36,Medium,/pnpm-lock.yaml,,devalue,5.8.2,5.9.2,npm,,Svelte devalue: DoS via malformed input,2.0
TanStack/markdown,grype,GHSA-fxqj-rqcc-2cmp,Medium,/pnpm-lock.yaml,,postcss,8.5.15,8.5.23,npm,,PostCSS: incomplete fix of GHSA-6g55-p6wh-862q — attacker-controlled sourceMappingURL reads arbitrary .map files when `from` is unset,2.0
TanStack/markdown,grype,GHSA-g7r4-m6w7-qqqr,Low,/pnpm-lock.yaml,,esbuild,0.27.7,0.28.1,npm,,esbuild allows arbitrary file read when running the development server on Windows,1.0
TanStack/markdown,grype,GHSA-hx4r-w6wj-j8fg,Medium,/pnpm-lock.yaml,,devalue,5.8.2,5.9.3,npm,,devalue: Residual sparse-array CPU amplification in uneval,2.0
TanStack/markdown,grype,GHSA-j22f-vq7h-c4qm,High,/pnpm-lock.yaml,,devalue,5.8.2,5.9.3,npm,,devalue: `stringify`/`uneval` serialize shared memory,3.0
TanStack/markdown,grype,GHSA-mcm9-63f2-9j32,High,/pnpm-lock.yaml,,devalue,5.8.2,5.9.3,npm,,devalue: Repeated primitive strings cause quadratic expansion in uneval,3.0
TanStack/markdown,grype,GHSA-pqg4-j6r4-53mv,Critical,/pnpm-lock.yaml,,shell-quote,1.10.0,1.11.0,npm,,shell-quote: `quote()` command injection via a line terminator in a token after a `{ comment }` token,4.0
TanStack/markdown,grype,GHSA-r28c-9q8g-f849,High,/pnpm-lock.yaml,,postcss,8.5.15,8.5.18,npm,,PostCSS: Path Traversal in Previous Source Map Auto-Loading (sourceMappingURL) leads to Arbitrary .map File Disclosure,3.0
TanStack/markdown,grype,GHSA-v245-v573-v5vm,High,/pnpm-lock.yaml,,linkify-it,5.0.1,5.0.2,npm,,linkify-it: Quadratic-complexity DoS via the `mailto:` validator scan-loop on attacker text,3.0
TanStack/markdown,grype,GHSA-wf3x-273g-mvxv,Low,/pnpm-lock.yaml,,devalue,5.8.2,5.9.3,npm,,devalue: Sparse arrays emitted by uneval cause eager allocation when evaluated,1.0
TanStack/markdown,grype,GHSA-x5rw-q4pp-hg5g,High,/pnpm-lock.yaml,,devalue,5.8.2,5.9.3,npm,,devalue: stringifyAsync can cause an unhandled rejection despite a caught returned promise,3.0
TanStack/pacer,grype,GHSA-2gqq-gqf2-x968,Low,/pnpm-lock.yaml,,undici,7.25.0,7.29.1,npm,,undici vulnerable to response truncation via oversized chunked responses in the dump interceptor,1.0
TanStack/pacer,grype,GHSA-2jfj-6hjv-fm6j,Medium,/pnpm-lock.yaml,,undici,7.25.0,7.29.1,npm,,undici vulnerable to cross-user cookie disclosure via Set-Cookie caching in shared caches,2.0
TanStack/pacer,grype,GHSA-35p6-xmwp-9g52,Low,/pnpm-lock.yaml,,undici,7.25.0,7.28.0,npm,,undici vulnerable to HTTP response queue poisoning via keep-alive socket reuse,1.0
TanStack/pacer,grype,GHSA-3pq3-5fj3-cg6v,High,/pnpm-lock.yaml,,axios,1.18.1,1.20.0,npm,,Axios: HTTP/2 adapter bypasses configured DNS lookup and proxy controls,3.0
TanStack/pacer,grype,GHSA-3xpg-4rpp-hhhm,Medium,/pnpm-lock.yaml,,undici,7.25.0,7.29.1,npm,,undici vulnerable to Denial of Service via unbounded decompression of compressed responses,2.0
TanStack/pacer,grype,GHSA-44g4-m2mj-wpvx,Medium,/pnpm-lock.yaml,,axios,1.18.1,1.20.0,npm,,"Axios: CIDR-form NO_PROXY entries are ignored, causing proxy exclusion bypass for internal IP ranges",2.0
TanStack/pacer,grype,GHSA-4c8g-83qw-93j6,High,/pnpm-lock.yaml,,fast-uri,3.1.0,3.1.3,npm,,fast-uri vulnerable to host confusion via failed IDN canonicalization,3.0
TanStack/pacer,grype,GHSA-4cwx-7wf7-3272,High,/pnpm-lock.yaml,,undici,7.25.0,7.29.0,npm,,undici vulnerable to cross-user information disclosure and parse-time crash via degenerate private cache directives,3.0
TanStack/pacer,grype,GHSA-4hqw-qxg8-jxx2,Medium,/pnpm-lock.yaml,,axios,1.18.1,1.20.0,npm,,Axios: Fetch Adapter Header Injection via Inherited FormData getHeaders,2.0
TanStack/pacer,grype,GHSA-4x5r-pxfx-6jf8,Low,/pnpm-lock.yaml,,@babel/core,7.29.0,7.29.6,npm,,@babel/core: Arbitrary File Read via sourceMappingURL Comment,1.0
TanStack/pacer,grype,GHSA-542g-h47m-68v8,High,/pnpm-lock.yaml,,axios,1.18.1,1.20.0,npm,,Axios: Denial of Service via Unhandled 'error' Event in HTTP/2 ClientHttp2Session Initialization,3.0
TanStack/pacer,grype,GHSA-68fv-2mgg-jv7q,High,/pnpm-lock.yaml,,source-map-js,1.2.1,1.2.2,npm,,source-map-js allows event-loop denial of service through indexed source-map section offsets,3.0
TanStack/pacer,grype,GHSA-6j4f-fj2g-mc7p,High,/pnpm-lock.yaml,,brace-expansion,5.0.9,5.0.10,npm,,brace-expansion: DoS via uncontrolled recursion in parseCommaParts causing stack exhaustion,3.0
TanStack/pacer,grype,GHSA-73wf-gq98-2v4g,High,/pnpm-lock.yaml,,browserslist,4.28.2,4.28.7,npm,,Browserslist: Uncaught crash / prototype write via untrusted browserslist-stats.json custom stats (normalizeStats),3.0
TanStack/pacer,grype,GHSA-7p8r-x3mc-p8w7,High,/pnpm-lock.yaml,,fast-uri,3.1.0,3.1.5,npm,,fast-uri vulnerable to host confusion via backslash authority introducer,3.0
TanStack/pacer,grype,GHSA-7w5x-hrqm-74c2,High,/pnpm-lock.yaml,,smol-toml,1.6.1,1.7.1,npm,,smol-toml: Denial of Service via malformed TOML documents,3.0
TanStack/pacer,grype,GHSA-8436-99hf-9mmv,Low,/pnpm-lock.yaml,,undici,7.25.0,7.29.1,npm,,undici vulnerable to caching and replay of unsafe HTTP method responses,1.0
TanStack/pacer,grype,GHSA-8xcm-r25x-g524,Medium,/pnpm-lock.yaml,,undici,7.25.0,7.29.0,npm,,undici vulnerable to downstream response desynchronization via retry interceptor,2.0
TanStack/pacer,grype,GHSA-9fr6-4gfg-395g,Medium,/pnpm-lock.yaml,,axios,1.18.1,1.20.0,npm,,Axios: Prototype-Pollution Gadget in the Default Instance Allows Inherited Object.prototype.method to Override HTTP Method,2.0
TanStack/pacer,grype,GHSA-9rmh-mm8f-r9h6,Medium,/pnpm-lock.yaml,,svelte,5.55.1,5.55.7,npm,,Svelte: ReDoS in `<svelte:element>` Tag Validation,2.0
TanStack/pacer,grype,GHSA-c29m-xwm3-cm6r,High,/pnpm-lock.yaml,,axios,1.18.1,1.20.0,npm,,Axios: ReDoS in fromDataURI data: URL parser freezes the Node event loop (DoS),3.0
TanStack/pacer,grype,GHSA-c83g-rgw3-j3cx,High,/pnpm-lock.yaml,,browserslist,4.28.2,4.28.7,npm,,"Browserslist: Unbounded memory growth (no cache eviction) via distinct query results, leading to eventual OOM",3.0
TanStack/pacer,grype,GHSA-f3cj-j4f6-wq85,Medium,/pnpm-lock.yaml,,svelte,5.55.1,5.55.7,npm,,Svelte: SSR XSS via Insecure Promise Serialization in hydratable,2.0
TanStack/pacer,grype,GHSA-f65p-4m7j-42xc,High,/pnpm-lock.yaml,,fast-uri,3.1.0,3.1.6,npm,,fast-uri vulnerable to server-side request forgery via malformed IPv6 normalization,3.0
TanStack/pacer,grype,GHSA-g8m3-5g58-fq7m,Low,/pnpm-lock.yaml,,undici,7.25.0,7.28.0,npm,,undici vulnerable to Set-Cookie SameSite attribute downgrade via permissive substring matching,1.0
TanStack/pacer,grype,GHSA-hm92-r4w5-c3mj,High,/pnpm-lock.yaml,,undici,7.25.0,7.28.0,npm,,undici vulnerable to cross-origin request routing via SOCKS5 proxy pool reuse,3.0
TanStack/pacer,grype,GHSA-hp3w-g68c-fv3c,Medium,/pnpm-lock.yaml,,sprintf-js,1.1.3,,npm,,sprintf-js vulnerable to denial of service through unbounded precision specifiers,2.0
TanStack/pacer,grype,GHSA-hrr3-gc8f-f4qj,Medium,/pnpm-lock.yaml,,fast-uri,3.1.0,3.1.8,npm,,fast-uri vulnerable to inconsistent host case normalization via percent-encoded octets,2.0
TanStack/pacer,grype,GHSA-j8rh-479h-cp32,Medium,/pnpm-lock.yaml,,axios,1.18.1,1.20.0,npm,,Axios: Header Injection via Inherited headers After Minimal Interceptor,2.0
TanStack/pacer,grype,GHSA-jp82-f5mq-hwhp,High,/pnpm-lock.yaml,,seroval,1.5.6,1.6.3,npm,,Seroval: Memory exhaustion via unchecked TypedArray length in JSON deserialization,3.0
TanStack/pacer,grype,GHSA-jqff-g426-hqxp,High,/pnpm-lock.yaml,,fast-uri,3.1.0,3.1.6,npm,,fast-uri vulnerable to host confusion via percent-encoded scheme normalization,3.0
TanStack/pacer,grype,GHSA-jr45-8vmc-qm54,Medium,/pnpm-lock.yaml,,undici,7.25.0,7.29.0,npm,,undici vulnerable to cross-user information disclosure via whitespace around equals in Cache-Control directives,2.0
TanStack/pacer,grype,GHSA-m8m8-qj5v-23w3,High,/pnpm-lock.yaml,,axios,1.18.1,1.20.0,npm,,Axios: Node HTTP adapter prototype-pollution gadget allows request socket hijack via inherited createConnection,3.0
TanStack/pacer,grype,GHSA-m8rv-5g2x-5cg5,Medium,/pnpm-lock.yaml,,undici,7.25.0,7.29.0,npm,,undici vulnerable to CRLF Injection via blob-like body 'type' property,2.0
TanStack/pacer,grype,GHSA-mghh-pgcx-3jjj,High,/pnpm-lock.yaml,,axios,1.18.1,1.20.0,npm,,"Axios: ReDoS (O(N²)) in shouldBypassProxy host normalization, reachable via untrusted redirect Location",3.0
TanStack/pacer,grype,GHSA-p6vx-979v-rg4c,Critical,/pnpm-lock.yaml,,seroval,1.5.6,1.6.2,npm,,Seroval: `fromJSON()` Promise thenable assimilation invokes plugin-produced callables (bypass of GHSA-mv8w-475r-vwqw),4.0
TanStack/pacer,grype,GHSA-p88m-4jfj-68fv,Medium,/pnpm-lock.yaml,,undici,7.25.0,7.28.0,npm,,undici vulnerable to HTTP header injection via Set-Cookie percent-decoding,2.0
TanStack/pacer,grype,GHSA-pmjh-fq2x-6v4x,Medium,/pnpm-lock.yaml,,undici,7.25.0,7.29.1,npm,,undici vulnerable to Denial of Service via orphaned RetryHandler response body,2.0
TanStack/pacer,grype,GHSA-pqg4-j6r4-53mv,Critical,/pnpm-lock.yaml,,shell-quote,1.10.0,1.11.0,npm,,shell-quote: `quote()` command injection via a line terminator in a token after a `{ comment }` token,4.0
TanStack/pacer,grype,GHSA-pr6f-5x2q-rwfp,Medium,/pnpm-lock.yaml,,svelte,5.55.1,5.55.7,npm,,Svelte SSR vulnerable to cross-site scripting via spread attributes,2.0
TanStack/pacer,grype,GHSA-pr7r-676h-xcf6,Medium,/pnpm-lock.yaml,,undici,7.25.0,7.28.0,npm,,undici vulnerable to cross-user information disclosure via shared cache whitespace bypass,2.0
TanStack/pacer,grype,GHSA-q2hr-2g5m-vwhr,Medium,/pnpm-lock.yaml,,brace-expansion,5.0.9,5.0.12,npm,,"brace-expansion: Quadratic-time expansion of the `{a},b}` rewrite causes CPU denial of service",2.0
TanStack/pacer,grype,GHSA-q3j6-qgpj-74h6,High,/pnpm-lock.yaml,,fast-uri,3.1.0,3.1.1,npm,,fast-uri vulnerable to path traversal via percent-encoded dot segments,3.0
TanStack/pacer,grype,GHSA-qhr7-859c-m2p7,High,/pnpm-lock.yaml,,brace-expansion,5.0.9,5.0.11,npm,,brace-expansion: DoS via uncontrolled recursion on nested brace groups causing stack exhaustion,3.0
TanStack/pacer,grype,GHSA-qw65-cvwx-89v3,High,/pnpm-lock.yaml,,fast-uri,3.1.0,3.1.7,npm,,fast-uri vulnerable to authority injection via an unvalidated port in serialize,3.0
TanStack/pacer,grype,GHSA-r4gj-5m52-g5wh,High,/pnpm-lock.yaml,,axios,1.18.1,1.20.0,npm,,"Axios: maxRedirects: 0 is not enforced by the fetch adapter, allowing redirect-based SSRF",3.0
TanStack/pacer,grype,GHSA-r4xh-jqrq-34v2,Medium,/pnpm-lock.yaml,,smol-toml,1.6.1,1.9.0,npm,,smol-toml: Quadratic-time parse() from parseKey rescanning to end of document on each key line,2.0
TanStack/pacer,grype,GHSA-r53p-7pc4-xj5r,Low,/pnpm-lock.yaml,,undici,7.25.0,7.29.1,npm,,undici vulnerable to downstream response splitting via retry interceptor,1.0
TanStack/pacer,grype,GHSA-rcqx-6q8c-2c42,Medium,/pnpm-lock.yaml,,svelte,5.55.1,5.55.7,npm,,Svelte Vulnerable to XSS via DOM Clobbering of Internal Framework State,2.0
TanStack/pacer,grype,GHSA-rfgv-xxqx-mfg5,High,/pnpm-lock.yaml,,undici,7.25.0,7.29.1,npm,,undici vulnerable to Denial of Service via unrequested WebSocket subprotocol,3.0
TanStack/pacer,grype,GHSA-rx4f-c7p8-82vq,Medium,/pnpm-lock.yaml,,undici,7.25.0,7.29.1,npm,,undici vulnerable to Denial of Service via WebSocketStream unclean close,2.0
TanStack/pacer,grype,GHSA-v2hh-gcrm-f6hx,High,/pnpm-lock.yaml,,fast-uri,3.1.0,3.1.4,npm,,fast-uri vulnerable to host confusion via literal backslash authority delimiter,3.0
TanStack/pacer,grype,GHSA-v39h-62p7-jpjc,High,/pnpm-lock.yaml,,fast-uri,3.1.0,3.1.2,npm,,fast-uri vulnerable to host confusion via percent-encoded authority delimiters,3.0
TanStack/pacer,grype,GHSA-v3r7-h72x-cjcm,Medium,/pnpm-lock.yaml,,undici,7.25.0,7.29.0,npm,,undici vulnerable to cookie attribute injection via unsanitized domain and unparsed setCookie fields,2.0
TanStack/pacer,grype,GHSA-v56q-mh7h-f735,High,/pnpm-lock.yaml,,immutable,5.1.5,5.1.8,npm,,Immutable.js `List` 32-bit trie overflow → unrecoverable DoS,3.0
TanStack/pacer,grype,GHSA-vfj7-8cjw-p6xm,High,/pnpm-lock.yaml,,braces,3.0.3,,npm,,braces vulnerable to stack-exhaustion denial of service through deeply nested patterns,3.0
TanStack/pacer,grype,GHSA-vh66-26gq-q6x8,Medium,/pnpm-lock.yaml,,axios,1.18.1,1.20.0,npm,,Axios: Prototype pollution gadget in fetch adapter can alter outbound requests,2.0
TanStack/pacer,grype,GHSA-vmh5-mc38-953g,High,/pnpm-lock.yaml,,undici,7.25.0,7.28.0,npm,,undici vulnerable to TLS certificate validation bypass via dropped requestTls in SOCKS5 ProxyAgent,3.0
TanStack/pacer,grype,GHSA-vxpw-j846-p89q,High,/pnpm-lock.yaml,,undici,7.25.0,7.28.0,npm,,undici WebSocket client vulnerable to denial of service via fragment count bypass,3.0
TanStack/pacer,grype,GHSA-w293-vg96-wgc3,High,/pnpm-lock.yaml,,undici,7.25.0,7.29.1,npm,,undici vulnerable to TLS certificate validation bypass via dropped connect options in BalancedPool,3.0
TanStack/pacer,grype,GHSA-w5vr-8v7q-w6rv,Medium,/pnpm-lock.yaml,,baseline-browser-mapping,2.10.13,2.11.0,npm,,baseline-browser-mapping process termination on invalid input causes denial of service,2.0
TanStack/pacer,grype,GHSA-x97p-jq2g-jp4f,High,/pnpm-lock.yaml,,axios,1.18.1,1.20.0,npm,,Axios: Prototype Pollution Gadget in axios toFormData Options,3.0
TanStack/pacer,grype,GHSA-xvcm-6775-5m9r,High,/pnpm-lock.yaml,,immutable,5.1.5,5.1.8,npm,,Immutable: Hash-collision algorithmic complexity denial of service in Immutable.Map/Set,3.0
TanStack/persist,grype,GHSA-22p9-wv53-3rq4,High,/pnpm-lock.yaml,,linkify-it,5.0.0,5.0.1,npm,,LinkifyIt#match scan loop has quadratic algorithmic complexity,3.0
TanStack/persist,grype,GHSA-23c5-xmqv-rm74,High,/pnpm-lock.yaml,,minimatch,3.0.8,3.1.4,npm,,minimatch ReDoS: nested *() extglobs generate catastrophically backtracking regular expressions,3.0
TanStack/persist,grype,GHSA-23c5-xmqv-rm74,High,/pnpm-lock.yaml,,minimatch,9.0.5,9.0.7,npm,,minimatch ReDoS: nested *() extglobs generate catastrophically backtracking regular expressions,3.0
TanStack/persist,grype,GHSA-253c-mchw-3w2r,Medium,/pnpm-lock.yaml,,markdown-it,14.1.0,14.3.1,npm,,"markdown-it linkify: true has two quadratic paths, so a few hundred KB of markdown blocks the event loop for tens of seconds",2.0
TanStack/persist,grype,GHSA-25h7-pfq9-p65f,High,/pnpm-lock.yaml,,flatted,3.3.3,3.4.0,npm,,flatted vulnerable to unbounded recursion DoS in parse() revive phase,3.0
TanStack/persist,grype,GHSA-2883-xcg3-v3hh,High,/pnpm-lock.yaml,,js-yaml,3.14.1,3.15.2,npm,,js-yaml: maxTotalMergeKeys does not limit CPU use for empty merge sources,3.0
TanStack/persist,grype,GHSA-2883-xcg3-v3hh,High,/pnpm-lock.yaml,,js-yaml,4.1.1,4.3.2,npm,,js-yaml: maxTotalMergeKeys does not limit CPU use for empty merge sources,3.0
TanStack/persist,grype,GHSA-28wg-ghj8-5hjv,High,/pnpm-lock.yaml,,nanoid,3.3.11,3.3.16,npm,,nanoid: non-secure generators can loop indefinitely with negative size,3.0
TanStack/persist,grype,GHSA-28wg-ghj8-5hjv,High,/pnpm-lock.yaml,,nanoid,5.1.11,5.1.16,npm,,nanoid: non-secure generators can loop indefinitely with negative size,3.0
TanStack/persist,grype,GHSA-2g4f-4pwh-qvx6,Medium,/pnpm-lock.yaml,,ajv,8.12.0,8.18.0,npm,,ajv has ReDoS when using `$data` option,2.0
TanStack/persist,grype,GHSA-2g4f-4pwh-qvx6,Medium,/pnpm-lock.yaml,,ajv,8.13.0,8.18.0,npm,,ajv has ReDoS when using `$data` option,2.0
TanStack/persist,grype,GHSA-2gqq-gqf2-x968,Low,/pnpm-lock.yaml,,undici,7.25.0,7.29.1,npm,,undici vulnerable to response truncation via oversized chunked responses in the dump interceptor,1.0
TanStack/persist,grype,GHSA-2jfj-6hjv-fm6j,Medium,/pnpm-lock.yaml,,undici,7.25.0,7.29.1,npm,,undici vulnerable to cross-user cookie disclosure via Set-Cookie caching in shared caches,2.0
TanStack/persist,grype,GHSA-2mjp-6q6p-2qxm,Medium,/pnpm-lock.yaml,,undici,6.21.3,6.24.0,npm,,Undici has an HTTP Request/Response Smuggling issue,2.0
TanStack/persist,grype,GHSA-2v37-7h3g-55p8,High,/pnpm-lock.yaml,,nanoid,3.3.11,3.3.18,npm,,nanoid: custom generators can loop indefinitely when size is zero,3.0
TanStack/persist,grype,GHSA-35jp-ww65-95wh,High,/pnpm-lock.yaml,,axios,1.15.0,1.16.0,npm,,axios Vulnerable to Full Man-in-the-Middle via Prototype Pollution Gadget in `config.proxy`,3.0
TanStack/persist,grype,GHSA-35p6-xmwp-9g52,Low,/pnpm-lock.yaml,,undici,6.21.3,6.27.0,npm,,undici vulnerable to HTTP response queue poisoning via keep-alive socket reuse,1.0
TanStack/persist,grype,GHSA-35p6-xmwp-9g52,Low,/pnpm-lock.yaml,,undici,7.25.0,7.28.0,npm,,undici vulnerable to HTTP response queue poisoning via keep-alive socket reuse,1.0
TanStack/persist,grype,GHSA-38c4-r59v-3vqw,Medium,/pnpm-lock.yaml,,markdown-it,14.1.0,14.1.1,npm,,markdown-it is has a Regular Expression Denial of Service (ReDoS),2.0
TanStack/persist,grype,GHSA-3g43-6gmg-66jw,High,/pnpm-lock.yaml,,axios,1.15.0,1.15.2,npm,,axios Vulnerable to Credential Theft and Response Hijacking via Prototype Pollution Gadget in Config Merge,3.0
TanStack/persist,grype,GHSA-3jxr-9vmj-r5cp,High,/pnpm-lock.yaml,,brace-expansion,1.1.11,1.1.16,npm,,brace-expansion: DoS via exponential-time expansion of consecutive non-expanding {} groups,3.0
TanStack/persist,grype,GHSA-3jxr-9vmj-r5cp,High,/pnpm-lock.yaml,,brace-expansion,2.0.1,2.1.2,npm,,brace-expansion: DoS via exponential-time expansion of consecutive non-expanding {} groups,3.0
TanStack/persist,grype,GHSA-3jxr-9vmj-r5cp,High,/pnpm-lock.yaml,,brace-expansion,5.0.2,5.0.7,npm,,brace-expansion: DoS via exponential-time expansion of consecutive non-expanding {} groups,3.0
TanStack/persist,grype,GHSA-3jxr-9vmj-r5cp,High,/pnpm-lock.yaml,,brace-expansion,5.0.5,5.0.7,npm,,brace-expansion: DoS via exponential-time expansion of consecutive non-expanding {} groups,3.0
TanStack/persist,grype,GHSA-3ppc-4f35-3m26,High,/pnpm-lock.yaml,,minimatch,3.0.8,3.1.3,npm,,minimatch has a ReDoS via repeated wildcards with non-matching literal in pattern,3.0
TanStack/persist,grype,GHSA-3ppc-4f35-3m26,High,/pnpm-lock.yaml,,minimatch,9.0.5,9.0.6,npm,,minimatch has a ReDoS via repeated wildcards with non-matching literal in pattern,3.0
TanStack/persist,grype,GHSA-3pq3-5fj3-cg6v,High,/pnpm-lock.yaml,,axios,1.15.0,1.20.0,npm,,Axios: HTTP/2 adapter bypasses configured DNS lookup and proxy controls,3.0
TanStack/persist,grype,GHSA-3v7f-55p6-f55p,Medium,/pnpm-lock.yaml,,picomatch,2.3.1,2.3.2,npm,,Picomatch: Method Injection in POSIX Character Classes causes incorrect Glob Matching,2.0
TanStack/persist,grype,GHSA-3v7f-55p6-f55p,Medium,/pnpm-lock.yaml,,picomatch,4.0.3,4.0.4,npm,,Picomatch: Method Injection in POSIX Character Classes causes incorrect Glob Matching,2.0
TanStack/persist,grype,GHSA-3w6x-2g7m-8v23,Medium,/pnpm-lock.yaml,,axios,1.15.0,1.15.2,npm,,Axios: Invisible JSON Response Tampering via Prototype Pollution Gadget in `parseReviver`,2.0
TanStack/persist,grype,GHSA-3xpg-4rpp-hhhm,Medium,/pnpm-lock.yaml,,undici,7.25.0,7.29.1,npm,,undici vulnerable to Denial of Service via unbounded decompression of compressed responses,2.0
TanStack/persist,grype,GHSA-42h9-826w-cgv3,Medium,/pnpm-lock.yaml,,axios,1.15.0,1.18.0,npm,,Axios: Excessive recursion in formDataToJSON can cause denial of service,2.0
TanStack/persist,grype,GHSA-445q-vr5w-6q77,Medium,/pnpm-lock.yaml,,axios,1.15.0,1.15.1,npm,,Axios: CRLF Injection in multipart/form-data body via unsanitized blob.type in formDataToStream,2.0
TanStack/persist,grype,GHSA-44g4-m2mj-wpvx,Medium,/pnpm-lock.yaml,,axios,1.15.0,1.20.0,npm,,"Axios: CIDR-form NO_PROXY entries are ignored, causing proxy exclusion bypass for internal IP ranges",2.0
TanStack/persist,grype,GHSA-48c2-rrv3-qjmp,Medium,/pnpm-lock.yaml,,yaml,2.8.0,2.8.3,npm,,yaml is vulnerable to Stack Overflow via deeply nested YAML collections,2.0
TanStack/persist,grype,GHSA-4992-7rv2-5pvq,Medium,/pnpm-lock.yaml,,undici,6.21.3,6.24.0,npm,,Undici has CRLF Injection in undici via `upgrade` option,2.0
TanStack/persist,grype,GHSA-4cwx-7wf7-3272,High,/pnpm-lock.yaml,,undici,7.25.0,7.29.0,npm,,undici vulnerable to cross-user information disclosure and parse-time crash via degenerate private cache directives,3.0
TanStack/persist,grype,GHSA-4hqw-qxg8-jxx2,Medium,/pnpm-lock.yaml,,axios,1.15.0,1.20.0,npm,,Axios: Fetch Adapter Header Injection via Inherited FormData getHeaders,2.0
TanStack/persist,grype,GHSA-4x5r-pxfx-6jf8,Low,/pnpm-lock.yaml,,@babel/core,7.26.10,7.29.6,npm,,@babel/core: Arbitrary File Read via sourceMappingURL Comment,1.0
TanStack/persist,grype,GHSA-4x5r-pxfx-6jf8,Low,/pnpm-lock.yaml,,@babel/core,7.28.5,7.29.6,npm,,@babel/core: Arbitrary File Read via sourceMappingURL Comment,1.0
TanStack/persist,grype,GHSA-52cp-r559-cp3m,High,/pnpm-lock.yaml,,js-yaml,3.14.1,3.15.0,npm,,js-yaml: YAML merge-key chains can force quadratic CPU consumption,3.0
TanStack/persist,grype,GHSA-52cp-r559-cp3m,High,/pnpm-lock.yaml,,js-yaml,4.1.1,4.3.0,npm,,js-yaml: YAML merge-key chains can force quadratic CPU consumption,3.0
TanStack/persist,grype,GHSA-542g-h47m-68v8,High,/pnpm-lock.yaml,,axios,1.15.0,1.20.0,npm,,Axios: Denial of Service via Unhandled 'error' Event in HTTP/2 ClientHttp2Session Initialization,3.0
TanStack/persist,grype,GHSA-5c9x-8gcm-mpgx,Medium,/pnpm-lock.yaml,,axios,1.15.0,1.15.1,npm,,Axios' HTTP adapter-streamed uploads bypass maxBodyLength when maxRedirects: 0,2.0
TanStack/persist,grype,GHSA-5p4m-2wfm-xmqj,High,/pnpm-lock.yaml,,js-yaml,3.14.1,3.15.1,npm,,JS-YAML: Quadratic CPU consumption in !!omap resolution (3.x and 4.x) — CVE-2026-59870 fix not backported,3.0
TanStack/persist,grype,GHSA-5p4m-2wfm-xmqj,High,/pnpm-lock.yaml,,js-yaml,4.1.1,4.3.1,npm,,JS-YAML: Quadratic CPU consumption in !!omap resolution (3.x and 4.x) — CVE-2026-59870 fix not backported,3.0
TanStack/persist,grype,GHSA-62hf-57xw-28j9,Medium,/pnpm-lock.yaml,,axios,1.15.0,1.15.1,npm,,Axios: unbounded recursion in toFormData causes DoS via deeply nested request data,2.0
TanStack/persist,grype,GHSA-68fv-2mgg-jv7q,High,/pnpm-lock.yaml,,source-map-js,1.2.1,1.2.2,npm,,source-map-js allows event-loop denial of service through indexed source-map section offsets,3.0
TanStack/persist,grype,GHSA-6chq-wfr3-2hj9,High,/pnpm-lock.yaml,,axios,1.15.0,1.15.1,npm,,Axios: Header Injection via Prototype Pollution,3.0
TanStack/persist,grype,GHSA-6j4f-fj2g-mc7p,High,/pnpm-lock.yaml,,brace-expansion,1.1.11,1.1.19,npm,,brace-expansion: DoS via uncontrolled recursion in parseCommaParts causing stack exhaustion,3.0
TanStack/persist,grype,GHSA-6j4f-fj2g-mc7p,High,/pnpm-lock.yaml,,brace-expansion,2.0.1,2.1.5,npm,,brace-expansion: DoS via uncontrolled recursion in parseCommaParts causing stack exhaustion,3.0
TanStack/persist,grype,GHSA-6j4f-fj2g-mc7p,High,/pnpm-lock.yaml,,brace-expansion,5.0.2,5.0.10,npm,,brace-expansion: DoS via uncontrolled recursion in parseCommaParts causing stack exhaustion,3.0
TanStack/persist,grype,GHSA-6j4f-fj2g-mc7p,High,/pnpm-lock.yaml,,brace-expansion,5.0.5,5.0.10,npm,,brace-expansion: DoS via uncontrolled recursion in parseCommaParts causing stack exhaustion,3.0
TanStack/persist,grype,GHSA-6v5v-wf23-fmfq,Medium,/pnpm-lock.yaml,,markdown-it,14.1.0,14.2.0,npm,,markdown-it: Quadratic complexity DoS in smartquotes rule via replaceAt string operations,2.0
TanStack/persist,grype,GHSA-73wf-gq98-2v4g,High,/pnpm-lock.yaml,,browserslist,4.24.4,4.28.7,npm,,Browserslist: Uncaught crash / prototype write via untrusted browserslist-stats.json custom stats (normalizeStats),3.0
TanStack/persist,grype,GHSA-777c-7fjr-54vf,High,/pnpm-lock.yaml,,axios,1.15.0,1.16.0,npm,,Allocation of Resources Without Limits or Throttling in Axios,3.0
TanStack/persist,grype,GHSA-7q8q-rj6j-mhjq,Medium,/pnpm-lock.yaml,,axios,1.15.0,1.18.0,npm,,Axios: Nested axios option objects can consume polluted prototype values,2.0
TanStack/persist,grype,GHSA-7r86-cg39-jmmj,High,/pnpm-lock.yaml,,minimatch,3.0.8,3.1.3,npm,,minimatch has ReDoS: matchOne() combinatorial backtracking via multiple non-adjacent GLOBSTAR segments,3.0
TanStack/persist,grype,GHSA-7r86-cg39-jmmj,High,/pnpm-lock.yaml,,minimatch,9.0.5,9.0.7,npm,,minimatch has ReDoS: matchOne() combinatorial backtracking via multiple non-adjacent GLOBSTAR segments,3.0
TanStack/persist,grype,GHSA-7w5x-hrqm-74c2,High,/pnpm-lock.yaml,,smol-toml,1.6.1,1.7.1,npm,,smol-toml: Denial of Service via malformed TOML documents,3.0
TanStack/persist,grype,GHSA-82fw-gwwq-j7x9,Medium,/pnpm-lock.yaml,,@vitest/mocker,4.1.5,4.1.11,npm,,Vitest: Path Traversal / Arbitrary File Read via @vitest/mocker Redirect Mock,2.0
TanStack/persist,grype,GHSA-82fw-gwwq-j7x9,Medium,/pnpm-lock.yaml,,vitest,4.1.5,4.1.11,npm,,Vitest: Path Traversal / Arbitrary File Read via @vitest/mocker Redirect Mock,2.0
TanStack/persist,grype,GHSA-8436-99hf-9mmv,Low,/pnpm-lock.yaml,,undici,7.25.0,7.29.1,npm,,undici vulnerable to caching and replay of unsafe HTTP method responses,1.0
TanStack/persist,grype,GHSA-858h-whjf-mvg5,High,/pnpm-lock.yaml,,simple-git,3.36.0,4.0.0,npm,,simple-git: unsafe-operations plugin bypass via git long-option abbreviation (--receive-p/--exe) -> command execution (residual of CVE-2026-28291),3.0
TanStack/persist,grype,GHSA-898c-q2cr-xwhg,Medium,/pnpm-lock.yaml,,axios,1.15.0,1.16.0,npm,,axios has DoS & Header Injection via Prototype Pollution Read-Side Gadgets in axios merge functions,2.0
TanStack/persist,grype,GHSA-8xcm-r25x-g524,Medium,/pnpm-lock.yaml,,undici,6.21.3,6.28.0,npm,,undici vulnerable to downstream response desynchronization via retry interceptor,2.0
TanStack/persist,grype,GHSA-8xcm-r25x-g524,Medium,/pnpm-lock.yaml,,undici,7.25.0,7.29.0,npm,,undici vulnerable to downstream response desynchronization via retry interceptor,2.0
TanStack/persist,grype,GHSA-9fr6-4gfg-395g,Medium,/pnpm-lock.yaml,,axios,1.15.0,1.20.0,npm,,Axios: Prototype-Pollution Gadget in the Default Instance Allows Inherited Object.prototype.method to Override HTTP Method,2.0
TanStack/persist,grype,GHSA-c2c7-rcm5-vvqj,High,/pnpm-lock.yaml,,picomatch,2.3.1,2.3.2,npm,,Picomatch has a ReDoS vulnerability via extglob quantifiers,3.0
TanStack/persist,grype,GHSA-c2c7-rcm5-vvqj,High,/pnpm-lock.yaml,,picomatch,4.0.3,4.0.4,npm,,Picomatch has a ReDoS vulnerability via extglob quantifiers,3.0
TanStack/persist,grype,GHSA-c83g-rgw3-j3cx,High,/pnpm-lock.yaml,,browserslist,4.24.4,4.28.7,npm,,"Browserslist: Unbounded memory growth (no cache eviction) via distinct query results, leading to eventual OOM",3.0
TanStack/persist,grype,GHSA-crpf-4hrx-3jrp,Medium,/pnpm-lock.yaml,,svelte,5.22.6,5.51.5,npm,,Svelte SSR attribute spreading includes inherited properties from prototype chain,2.0
TanStack/persist,grype,GHSA-f23m-r3pf-42rh,Medium,/pnpm-lock.yaml,,lodash,4.17.21,4.18.0,npm,,lodash vulnerable to Prototype Pollution via array path bypass in `_.unset` and `_.omit`,2.0
TanStack/persist,grype,GHSA-f269-vfmq-vjvj,High,/pnpm-lock.yaml,,undici,6.21.3,6.24.0,npm,,Undici: Malicious WebSocket 64-bit length overflows parser and crashes the client,3.0
TanStack/persist,grype,GHSA-f4gw-2p7v-4548,Medium,/pnpm-lock.yaml,,axios,1.15.0,1.18.0,npm,,Axios: NO_PROXY bypass for 0.0.0.0 local addresses in axios,2.0
TanStack/persist,grype,GHSA-f7gr-6p89-r883,Medium,/pnpm-lock.yaml,,svelte,5.22.6,5.51.5,npm,,Svelte affected by cross-site scripting via spread attributes in Svelte SSR,2.0
TanStack/persist,grype,GHSA-f886-m6hf-6m8v,Medium,/pnpm-lock.yaml,,brace-expansion,1.1.11,1.1.13,npm,,brace-expansion: Zero-step sequence causes process hang and memory exhaustion,2.0
TanStack/persist,grype,GHSA-f886-m6hf-6m8v,Medium,/pnpm-lock.yaml,,brace-expansion,2.0.1,2.0.3,npm,,brace-expansion: Zero-step sequence causes process hang and memory exhaustion,2.0
TanStack/persist,grype,GHSA-f886-m6hf-6m8v,Medium,/pnpm-lock.yaml,,brace-expansion,5.0.2,5.0.5,npm,,brace-expansion: Zero-step sequence causes process hang and memory exhaustion,2.0
TanStack/persist,grype,GHSA-fx2h-pf6j-xcff,High,/pnpm-lock.yaml,,vite,8.0.10,8.0.16,npm,,vite: `server.fs.deny` bypass on Windows alternate paths,3.0
TanStack/persist,grype,GHSA-fxqj-rqcc-2cmp,Medium,/pnpm-lock.yaml,,postcss,8.5.13,8.5.23,npm,,PostCSS: incomplete fix of GHSA-6g55-p6wh-862q — attacker-controlled sourceMappingURL reads arbitrary .map files when `from` is unset,2.0
TanStack/persist,grype,GHSA-g2r8-wvmj-jf5w,Medium,/pnpm-lock.yaml,,nx,22.7.1,22.7.2,npm,,`nx graph` dev server permissive CORS policy,2.0
TanStack/persist,grype,GHSA-g4wm-2vf7-vfgr,High,/pnpm-lock.yaml,,simple-git,3.36.0,4.0.0,npm,,simple-git allows command execution through unblocked Git configuration includes,3.0
TanStack/persist,grype,GHSA-g7r4-m6w7-qqqr,Low,/pnpm-lock.yaml,,esbuild,0.28.0,0.28.1,npm,,esbuild allows arbitrary file read when running the development server on Windows,1.0
TanStack/persist,grype,GHSA-g8m3-5g58-fq7m,Low,/pnpm-lock.yaml,,undici,6.21.3,6.27.0,npm,,undici vulnerable to Set-Cookie SameSite attribute downgrade via permissive substring matching,1.0
TanStack/persist,grype,GHSA-g8m3-5g58-fq7m,Low,/pnpm-lock.yaml,,undici,7.25.0,7.28.0,npm,,undici vulnerable to Set-Cookie SameSite attribute downgrade via permissive substring matching,1.0
TanStack/persist,grype,GHSA-g9mf-h72j-4rw9,Medium,/pnpm-lock.yaml,,undici,6.21.3,6.23.0,npm,,Undici has an unbounded decompression chain in HTTP responses on Node.js Fetch API via Content-Encoding leads to resource exhaustion,2.0
TanStack/persist,grype,GHSA-h67p-54hq-rp68,Medium,/pnpm-lock.yaml,,js-yaml,3.14.1,3.15.0,npm,,JS-YAML: Quadratic-complexity DoS in merge key handling via repeated aliases,2.0
TanStack/persist,grype,GHSA-h67p-54hq-rp68,Medium,/pnpm-lock.yaml,,js-yaml,4.1.1,4.2.0,npm,,JS-YAML: Quadratic-complexity DoS in merge key handling via repeated aliases,2.0
TanStack/persist,grype,GHSA-hfxv-24rg-xrqf,High,/pnpm-lock.yaml,,axios,1.15.0,1.16.0,npm,,Axios: Regular Expression Denial of Service (ReDoS) via Cookie Name Injection,3.0
TanStack/persist,grype,GHSA-hm92-r4w5-c3mj,High,/pnpm-lock.yaml,,undici,7.25.0,7.28.0,npm,,undici vulnerable to cross-origin request routing via SOCKS5 proxy pool reuse,3.0
TanStack/persist,grype,GHSA-hmw2-7cc7-3qxx,High,/pnpm-lock.yaml,,form-data,4.0.5,4.0.6,npm,,form-data: CRLF injection in form-data via unescaped multipart field names and filenames,3.0
TanStack/persist,grype,GHSA-hp3w-g68c-fv3c,Medium,/pnpm-lock.yaml,,sprintf-js,1.0.3,,npm,,sprintf-js vulnerable to denial of service through unbounded precision specifiers,2.0
TanStack/persist,grype,GHSA-hrvq-x7jp-36xv,Medium,/pnpm-lock.yaml,,nx,22.7.1,22.7.10,npm,,Nx: Path traversal in nx migrate package-migrations extraction,2.0
TanStack/persist,grype,GHSA-j5f8-grm9-p9fc,High,/pnpm-lock.yaml,,axios,1.15.0,1.16.0,npm,,Axios: Proxy-Authorization header leaks to redirect target when proxy is re-evaluated to direct connection,3.0
TanStack/persist,grype,GHSA-j8rh-479h-cp32,Medium,/pnpm-lock.yaml,,axios,1.15.0,1.20.0,npm,,Axios: Header Injection via Inherited headers After Minimal Interceptor,2.0
TanStack/persist,grype,GHSA-jqh4-m9w3-8hp9,Medium,/pnpm-lock.yaml,,axios,1.15.0,1.18.0,npm,,Axios: Fetch adapter `ReadableStream` uploads bypass `maxBodyLength`,2.0
TanStack/persist,grype,GHSA-jr45-8vmc-qm54,Medium,/pnpm-lock.yaml,,undici,7.25.0,7.29.0,npm,,undici vulnerable to cross-user information disclosure via whitespace around equals in Cache-Control directives,2.0
TanStack/persist,grype,GHSA-jxxr-4gwj-5jf2,Medium,/pnpm-lock.yaml,,brace-expansion,5.0.2,5.0.6,npm,,brace-expansion: Large numeric range defeats documented `max` DoS protection,2.0
TanStack/persist,grype,GHSA-jxxr-4gwj-5jf2,Medium,/pnpm-lock.yaml,,brace-expansion,5.0.5,5.0.6,npm,,brace-expansion: Large numeric range defeats documented `max` DoS protection,2.0
TanStack/persist,grype,GHSA-m56q-vw4c-c2cp,Medium,/pnpm-lock.yaml,,svelte,5.22.6,5.51.5,npm,,Svelte SSR does not validate dynamic element tag names in `<svelte:element>`,2.0
TanStack/persist,grype,GHSA-m7pr-hjqh-92cm,Medium,/pnpm-lock.yaml,,axios,1.15.0,1.15.1,npm,,Axios: no_proxy bypass via IP alias allows SSRF,2.0
TanStack/persist,grype,GHSA-m8rv-5g2x-5cg5,Medium,/pnpm-lock.yaml,,undici,6.21.3,6.28.0,npm,,undici vulnerable to CRLF Injection via blob-like body 'type' property,2.0
TanStack/persist,grype,GHSA-m8rv-5g2x-5cg5,Medium,/pnpm-lock.yaml,,undici,7.25.0,7.29.0,npm,,undici vulnerable to CRLF Injection via blob-like body 'type' property,2.0
TanStack/persist,grype,GHSA-mghh-pgcx-3jjj,High,/pnpm-lock.yaml,,axios,1.15.0,1.20.0,npm,,"Axios: ReDoS (O(N²)) in shouldBypassProxy host normalization, reachable via untrusted redirect Location",3.0
TanStack/persist,grype,GHSA-mh29-5h37-fv8m,Medium,/pnpm-lock.yaml,,js-yaml,3.14.1,3.14.2,npm,,js-yaml has prototype pollution in merge (<<),2.0
TanStack/persist,grype,GHSA-mh99-v99m-4gvg,High,/pnpm-lock.yaml,,brace-expansion,1.1.11,1.1.17,npm,,brace-expansion: DoS via unbounded expansion length causing an out-of-memory process crash,3.0
TanStack/persist,grype,GHSA-mh99-v99m-4gvg,High,/pnpm-lock.yaml,,brace-expansion,2.0.1,2.1.3,npm,,brace-expansion: DoS via unbounded expansion length causing an out-of-memory process crash,3.0
TanStack/persist,grype,GHSA-mh99-v99m-4gvg,High,/pnpm-lock.yaml,,brace-expansion,5.0.2,5.0.8,npm,,brace-expansion: DoS via unbounded expansion length causing an out-of-memory process crash,3.0
TanStack/persist,grype,GHSA-mh99-v99m-4gvg,High,/pnpm-lock.yaml,,brace-expansion,5.0.5,5.0.8,npm,,brace-expansion: DoS via unbounded expansion length causing an out-of-memory process crash,3.0
TanStack/persist,grype,GHSA-mmx7-hfxf-jppx,Medium,/pnpm-lock.yaml,,axios,1.15.0,1.18.0,npm,,Axios: Prototype pollution gadgets can alter axios request construction,2.0
TanStack/persist,grype,GHSA-mw96-cpmx-2vgc,High,/pnpm-lock.yaml,,rollup,4.44.1,4.59.0,npm,,Rollup 4 has Arbitrary File Write via Path Traversal,3.0
TanStack/persist,grype,GHSA-mwf2-3pr3-8698,Medium,/pnpm-lock.yaml,,axios,1.15.0,1.18.0,npm,,Axios: HTTP/2 streamed uploads bypass `maxBodyLength`,2.0
TanStack/persist,grype,GHSA-p498-v437-472g,Medium,/pnpm-lock.yaml,,@humanfs/node,0.16.6,0.16.8,npm,,humanfs: Recursive copy follows symlinked files and copies data from outside the source tree,2.0
TanStack/persist,grype,GHSA-p88m-4jfj-68fv,Medium,/pnpm-lock.yaml,,undici,6.21.3,6.27.0,npm,,undici vulnerable to HTTP header injection via Set-Cookie percent-decoding,2.0
TanStack/persist,grype,GHSA-p88m-4jfj-68fv,Medium,/pnpm-lock.yaml,,undici,7.25.0,7.28.0,npm,,undici vulnerable to HTTP header injection via Set-Cookie percent-decoding,2.0
TanStack/persist,grype,GHSA-p92q-9vqr-4j8v,High,/pnpm-lock.yaml,,axios,1.15.0,1.16.0,npm,,Axios: Proxy-Authorization Credential Leak to Origin Server Across HTTP-to-HTTPS Redirect in Axios Node.js HTTP Adapter,3.0
TanStack/persist,grype,GHSA-pf86-5x62-jrwf,High,/pnpm-lock.yaml,,axios,1.15.0,1.15.1,npm,,"Axios: Prototype Pollution Gadgets - Response Tampering, Data Exfiltration, and Request Hijacking",3.0
TanStack/persist,grype,GHSA-ph9p-34f9-6g65,High,/pnpm-lock.yaml,,tmp,0.2.4,0.2.6,npm,,tmp has Path Traversal via unsanitized prefix/postfix that enables directory escape,3.0
TanStack/persist,grype,GHSA-phwv-c562-gvmh,Medium,/pnpm-lock.yaml,,svelte,5.22.6,5.53.5,npm,,Svelte vulnerable to XSS during SSR with contenteditable `bind:innerText` and `bind:textContent`,2.0
TanStack/persist,grype,GHSA-pjwm-pj3p-43mv,High,/pnpm-lock.yaml,,axios,1.15.0,1.16.0,npm,,"axios's shouldBypassProxy does not recognize IPv4-mapped IPv6 addresses, allowing NO_PROXY bypass (incomplete fix for CVE-2025-62718)",3.0
TanStack/persist,grype,GHSA-pmjh-fq2x-6v4x,Medium,/pnpm-lock.yaml,,undici,7.25.0,7.29.1,npm,,undici vulnerable to Denial of Service via orphaned RetryHandler response body,2.0
TanStack/persist,grype,GHSA-pmv8-rq9r-6j72,Medium,/pnpm-lock.yaml,,axios,1.15.0,1.18.0,npm,,Axios: Deep formToJSON Key Recursion Can Cause Denial of Service,2.0
TanStack/persist,grype,GHSA-pmwg-cvhr-8vh7,High,/pnpm-lock.yaml,,axios,1.15.0,1.15.1,npm,,Axios: Incomplete Fix for CVE-2025-62718 — NO_PROXY Protection Bypassed via RFC 1122 Loopback Subnet (127.0.0.0/8) in Axios 1.15.0,3.0
TanStack/persist,grype,GHSA-pr6f-5x2q-rwfp,Medium,/pnpm-lock.yaml,,svelte,5.22.6,5.55.7,npm,,Svelte SSR vulnerable to cross-site scripting via spread attributes,2.0
TanStack/persist,grype,GHSA-pr7r-676h-xcf6,Medium,/pnpm-lock.yaml,,undici,7.25.0,7.28.0,npm,,undici vulnerable to cross-user information disclosure via shared cache whitespace bypass,2.0
TanStack/persist,grype,GHSA-q2hr-2g5m-vwhr,Medium,/pnpm-lock.yaml,,brace-expansion,1.1.11,1.1.21,npm,,"brace-expansion: Quadratic-time expansion of the `{a},b}` rewrite causes CPU denial of service",2.0
TanStack/persist,grype,GHSA-q2hr-2g5m-vwhr,Medium,/pnpm-lock.yaml,,brace-expansion,2.0.1,2.1.7,npm,,"brace-expansion: Quadratic-time expansion of the `{a},b}` rewrite causes CPU denial of service",2.0
TanStack/persist,grype,GHSA-q2hr-2g5m-vwhr,Medium,/pnpm-lock.yaml,,brace-expansion,5.0.2,5.0.12,npm,,"brace-expansion: Quadratic-time expansion of the `{a},b}` rewrite causes CPU denial of service",2.0
TanStack/persist,grype,GHSA-q2hr-2g5m-vwhr,Medium,/pnpm-lock.yaml,,brace-expansion,5.0.5,5.0.12,npm,,"brace-expansion: Quadratic-time expansion of the `{a},b}` rewrite causes CPU denial of service",2.0
TanStack/persist,grype,GHSA-q8qp-cvcw-x6jj,High,/pnpm-lock.yaml,,axios,1.15.0,1.15.2,npm,,Axios has prototype pollution read-side gadgets in HTTP adapter that allow credential injection and request hijacking,3.0
TanStack/persist,grype,GHSA-qhr7-859c-m2p7,High,/pnpm-lock.yaml,,brace-expansion,1.1.11,1.1.20,npm,,brace-expansion: DoS via uncontrolled recursion on nested brace groups causing stack exhaustion,3.0
TanStack/persist,grype,GHSA-qhr7-859c-m2p7,High,/pnpm-lock.yaml,,brace-expansion,2.0.1,2.1.6,npm,,brace-expansion: DoS via uncontrolled recursion on nested brace groups causing stack exhaustion,3.0
TanStack/persist,grype,GHSA-qhr7-859c-m2p7,High,/pnpm-lock.yaml,,brace-expansion,5.0.2,5.0.11,npm,,brace-expansion: DoS via uncontrolled recursion on nested brace groups causing stack exhaustion,3.0
TanStack/persist,grype,GHSA-qhr7-859c-m2p7,High,/pnpm-lock.yaml,,brace-expansion,5.0.5,5.0.11,npm,,brace-expansion: DoS via uncontrolled recursion on nested brace groups causing stack exhaustion,3.0
TanStack/persist,grype,GHSA-qxc2-j82w-r537,High,/pnpm-lock.yaml,,@faker-js/faker,10.4.0,10.5.0,npm,,Faker: helpers.fake exploitable into arbritary code execution,3.0
TanStack/persist,grype,GHSA-r28c-9q8g-f849,High,/pnpm-lock.yaml,,postcss,8.5.13,8.5.18,npm,,PostCSS: Path Traversal in Previous Source Map Auto-Loading (sourceMappingURL) leads to Arbitrary .map File Disclosure,3.0
TanStack/persist,grype,GHSA-r4q5-vmmm-2653,Medium,/pnpm-lock.yaml,,follow-redirects,1.15.11,1.16.0,npm,,follow-redirects leaks Custom Authentication Headers to Cross-Domain Redirect Targets,2.0
TanStack/persist,grype,GHSA-r4xh-jqrq-34v2,Medium,/pnpm-lock.yaml,,smol-toml,1.6.1,1.9.0,npm,,smol-toml: Quadratic-time parse() from parseKey rescanning to end of document on each key line,2.0
TanStack/persist,grype,GHSA-r53p-7pc4-xj5r,Low,/pnpm-lock.yaml,,undici,6.21.3,6.28.1,npm,,undici vulnerable to downstream response splitting via retry interceptor,1.0
TanStack/persist,grype,GHSA-r53p-7pc4-xj5r,Low,/pnpm-lock.yaml,,undici,7.25.0,7.29.1,npm,,undici vulnerable to downstream response splitting via retry interceptor,1.0
TanStack/persist,grype,GHSA-r5fr-rjxr-66jc,High,/pnpm-lock.yaml,,lodash,4.17.21,4.18.0,npm,,lodash vulnerable to Code Injection via `_.template` imports key names,3.0
TanStack/persist,grype,GHSA-rcqx-6q8c-2c42,Medium,/pnpm-lock.yaml,,svelte,5.22.6,5.55.7,npm,,Svelte Vulnerable to XSS via DOM Clobbering of Internal Framework State,2.0
TanStack/persist,grype,GHSA-rf6f-7fwh-wjgh,High,/pnpm-lock.yaml,,flatted,3.3.3,3.4.2,npm,,Prototype Pollution via parse() in NodeJS flatted,3.0
TanStack/persist,grype,GHSA-rfgv-xxqx-mfg5,High,/pnpm-lock.yaml,,undici,6.21.3,6.28.1,npm,,undici vulnerable to Denial of Service via unrequested WebSocket subprotocol,3.0
TanStack/persist,grype,GHSA-rfgv-xxqx-mfg5,High,/pnpm-lock.yaml,,undici,7.25.0,7.29.1,npm,,undici vulnerable to Denial of Service via unrequested WebSocket subprotocol,3.0
TanStack/persist,grype,GHSA-rgw5-rvv9-x895,High,/pnpm-lock.yaml,,brace-expansion,1.1.11,1.1.18,npm,,"brace-expansion: DoS via unbounded intermediate arrays, bypassing the CVE-2026-14257 mitigation",3.0
TanStack/persist,grype,GHSA-rgw5-rvv9-x895,High,/pnpm-lock.yaml,,brace-expansion,2.0.1,2.1.4,npm,,"brace-expansion: DoS via unbounded intermediate arrays, bypassing the CVE-2026-14257 mitigation",3.0
TanStack/persist,grype,GHSA-rgw5-rvv9-x895,High,/pnpm-lock.yaml,,brace-expansion,5.0.2,5.0.9,npm,,"brace-expansion: DoS via unbounded intermediate arrays, bypassing the CVE-2026-14257 mitigation",3.0
TanStack/persist,grype,GHSA-rgw5-rvv9-x895,High,/pnpm-lock.yaml,,brace-expansion,5.0.5,5.0.9,npm,,"brace-expansion: DoS via unbounded intermediate arrays, bypassing the CVE-2026-14257 mitigation",3.0
TanStack/persist,grype,GHSA-rx4f-c7p8-82vq,Medium,/pnpm-lock.yaml,,undici,7.25.0,7.29.1,npm,,undici vulnerable to Denial of Service via WebSocketStream unclean close,2.0
TanStack/persist,grype,GHSA-v245-v573-v5vm,High,/pnpm-lock.yaml,,linkify-it,5.0.0,5.0.2,npm,,linkify-it: Quadratic-complexity DoS via the `mailto:` validator scan-loop on attacker text,3.0
TanStack/persist,grype,GHSA-v3r7-h72x-cjcm,Medium,/pnpm-lock.yaml,,undici,6.21.3,6.28.0,npm,,undici vulnerable to cookie attribute injection via unsanitized domain and unparsed setCookie fields,2.0
TanStack/persist,grype,GHSA-v3r7-h72x-cjcm,Medium,/pnpm-lock.yaml,,undici,7.25.0,7.29.0,npm,,undici vulnerable to cookie attribute injection via unsanitized domain and unparsed setCookie fields,2.0
TanStack/persist,grype,GHSA-v5rq-49vh-5v5c,Critical,/pnpm-lock.yaml,,@simple-git/argv-parser,1.1.1,2.0.1,npm,,simple-git: `VISUAL` editor environment variable is omitted from unsafe editor detection,4.0
TanStack/persist,grype,GHSA-v6h2-p8h4-qcjw,Low,/pnpm-lock.yaml,,brace-expansion,1.1.11,1.1.12,npm,,brace-expansion Regular Expression Denial of Service vulnerability,1.0
TanStack/persist,grype,GHSA-v6h2-p8h4-qcjw,Low,/pnpm-lock.yaml,,brace-expansion,2.0.1,2.0.2,npm,,brace-expansion Regular Expression Denial of Service vulnerability,1.0
TanStack/persist,grype,GHSA-v6wh-96g9-6wx3,Medium,/pnpm-lock.yaml,,vite,8.0.10,8.0.16,npm,,launch-editor: NTLMv2 hash disclosure via UNC path handling on Windows,2.0
TanStack/persist,grype,GHSA-v9p9-hfj2-hcw8,High,/pnpm-lock.yaml,,undici,6.21.3,6.24.0,npm,,Undici has Unhandled Exception in WebSocket Client Due to Invalid server_max_window_bits Validation,3.0
TanStack/persist,grype,GHSA-vf2m-468p-8v99,Medium,/pnpm-lock.yaml,,axios,1.15.0,1.15.1,npm,,Axios: HTTP adapter streamed responses bypass maxContentLength,2.0
TanStack/persist,grype,GHSA-vfj7-8cjw-p6xm,High,/pnpm-lock.yaml,,braces,3.0.3,,npm,,braces vulnerable to stack-exhaustion denial of service through deeply nested patterns,3.0
TanStack/persist,grype,GHSA-vh66-26gq-q6x8,Medium,/pnpm-lock.yaml,,axios,1.15.0,1.20.0,npm,,Axios: Prototype pollution gadget in fetch adapter can alter outbound requests,2.0
TanStack/persist,grype,GHSA-vmh5-mc38-953g,High,/pnpm-lock.yaml,,undici,7.25.0,7.28.0,npm,,undici vulnerable to TLS certificate validation bypass via dropped requestTls in SOCKS5 ProxyAgent,3.0
TanStack/persist,grype,GHSA-vp3h-ghgh-jr7g,High,/pnpm-lock.yaml,,nx,22.7.1,22.7.7,npm,,Nx: Zip-Slip in the self-hosted remote cache,3.0
TanStack/persist,grype,GHSA-vrm6-8vpv-qv8q,High,/pnpm-lock.yaml,,undici,6.21.3,6.24.0,npm,,Undici has Unbounded Memory Consumption in WebSocket permessage-deflate Decompression,3.0
TanStack/persist,grype,GHSA-vxpw-j846-p89q,High,/pnpm-lock.yaml,,undici,6.21.3,6.27.0,npm,,undici WebSocket client vulnerable to denial of service via fragment count bypass,3.0
TanStack/persist,grype,GHSA-vxpw-j846-p89q,High,/pnpm-lock.yaml,,undici,7.25.0,7.28.0,npm,,undici WebSocket client vulnerable to denial of service via fragment count bypass,3.0
TanStack/persist,grype,GHSA-w293-vg96-wgc3,High,/pnpm-lock.yaml,,undici,7.25.0,7.29.1,npm,,undici vulnerable to TLS certificate validation bypass via dropped connect options in BalancedPool,3.0
TanStack/persist,grype,GHSA-w2vw-w76x-qr89,High,/pnpm-lock.yaml,,nx,22.7.1,22.7.8,npm,,Nx: OS command injection via git revisions and remote refs,3.0
TanStack/persist,grype,GHSA-w3vv-58gj-gw77,High,/pnpm-lock.yaml,,nx,22.7.1,22.7.9,npm,,Nx daemon and plugin worker sockets are accessible to other local users,3.0
TanStack/persist,grype,GHSA-w9j2-pvgh-6h63,Medium,/pnpm-lock.yaml,,axios,1.15.0,1.15.1,npm,,Axios: Authentication Bypass via Prototype Pollution Gadget in `validateStatus` Merge Strategy,2.0
TanStack/persist,grype,GHSA-x6jw-m9v5-85vh,Critical,/pnpm-lock.yaml,,simple-git,3.36.0,4.0.1,npm,,simple-git unsafe-operation guard does not block trailer command configuration,4.0
TanStack/persist,grype,GHSA-xhjh-pmcv-23jw,Low,/pnpm-lock.yaml,,axios,1.15.0,1.15.1,npm,,Axios: Null Byte Injection via Reverse-Encoding in AxiosURLSearchParams,1.0
TanStack/persist,grype,GHSA-xwg4-73v4-xw9w,High,/pnpm-lock.yaml,,nanoid,3.3.11,3.3.12,npm,,nanoid: Integer Overflow or Wraparound,3.0
TanStack/persist,grype,GHSA-xx6v-rp6x-q39c,Medium,/pnpm-lock.yaml,,axios,1.15.0,1.15.1,npm,,Axios: XSRF Token Cross-Origin Leakage via Prototype Pollution Gadget in `withXSRFToken` Boolean Coercion,2.0
TanStack/persist,grype,GHSA-xxjr-mmjv-4gpg,Medium,/pnpm-lock.yaml,,lodash,4.17.21,4.17.23,npm,,Lodash has Prototype Pollution Vulnerability in `_.unset` and `_.omit` functions,2.0
TanStack/preact,grype,GHSA-36jr-mh4h-2g58,High,/demo/package-lock.json,,d3-color,1.4.1,3.1.0,npm,,d3-color vulnerable to ReDoS,3.0
TanStack/preact,grype,GHSA-3v7f-55p6-f55p,Medium,/demo/package-lock.json,,picomatch,2.3.1,2.3.2,npm,,Picomatch: Method Injection in POSIX Character Classes causes incorrect Glob Matching,2.0
TanStack/preact,grype,GHSA-5xr6-xhww-33m4,High,/.github/workflows/pr-reporter.yml,,dawidd6/action-download-artifact,v2,6,github-action,,Artifact poisoning vulnerability in action-download-artifact v5 and earlier,3.0
TanStack/preact,grype,GHSA-67hx-6x53-jw92,Critical,/demo/package-lock.json,,@babel/traverse,7.18.8,7.23.2,npm,,Babel vulnerable to arbitrary code execution when compiling specifically crafted malicious code,4.0
TanStack/preact,grype,GHSA-968p-4wvh-cqc8,Medium,/demo/package-lock.json,,@babel/runtime,7.18.6,7.26.10,npm,,Babel has inefficient RegExp complexity in generated code with .replace when transpiling named capturing groups,2.0
TanStack/preact,grype,GHSA-9wv6-86v2-598j,High,/demo/package-lock.json,,path-to-regexp,1.8.0,1.9.0,npm,,path-to-regexp outputs backtracking regular expressions,3.0
TanStack/preact,grype,GHSA-c2c7-rcm5-vvqj,High,/demo/package-lock.json,,picomatch,2.3.1,2.3.2,npm,,Picomatch has a ReDoS vulnerability via extglob quantifiers,3.0
TanStack/preact,grype,GHSA-cxww-7g56-2vh6,High,/.github/workflows/benchmarks.yml,,actions/download-artifact,v4,4.1.3,github-action,,@actions/download-artifact has an Arbitrary File Write via artifact extraction,3.0
TanStack/preact,grype,GHSA-cxww-7g56-2vh6,High,/.github/workflows/release.yml,,actions/download-artifact,v4,4.1.3,github-action,,@actions/download-artifact has an Arbitrary File Write via artifact extraction,3.0
TanStack/preact,grype,GHSA-cxww-7g56-2vh6,High,/.github/workflows/run-bench.yml,,actions/download-artifact,v4,4.1.3,github-action,,@actions/download-artifact has an Arbitrary File Write via artifact extraction,3.0
TanStack/preact,grype,GHSA-cxww-7g56-2vh6,High,/.github/workflows/single-bench.yml,,actions/download-artifact,v4,4.1.3,github-action,,@actions/download-artifact has an Arbitrary File Write via artifact extraction,3.0
TanStack/preact,grype,GHSA-f23m-r3pf-42rh,Medium,/demo/package-lock.json,,lodash,4.17.21,4.18.0,npm,,lodash vulnerable to Prototype Pollution via array path bypass in `_.unset` and `_.omit`,2.0
TanStack/preact,grype,GHSA-r5fr-rjxr-66jc,High,/demo/package-lock.json,,lodash,4.17.21,4.18.0,npm,,lodash vulnerable to Code Injection via `_.template` imports key names,3.0
TanStack/preact,grype,GHSA-xxjr-mmjv-4gpg,Medium,/demo/package-lock.json,,lodash,4.17.21,4.17.23,npm,,Lodash has Prototype Pollution Vulnerability in `_.unset` and `_.omit` functions,2.0
TanStack/query,grype,GHSA-22cc-p3c6-wpvm,High,/pnpm-lock.yaml,,h3,1.15.3,1.15.6,npm,,h3 has a Server-Sent Events Injection via Unsanitized Newlines in Event Stream Fields,3.0
TanStack/query,grype,GHSA-23hp-3jrh-7fpw,Critical,/pnpm-lock.yaml,,tar,7.5.13,7.5.19,npm,,node-tar: Decompression/parse DoS via unlimited input,4.0
TanStack/query,grype,GHSA-267c-6grr-h53f,High,/pnpm-lock.yaml,,next,15.5.14,15.5.16,npm,,Next.js has a Middleware / Proxy bypass in App Router applications via segment-prefetch routes,3.0
TanStack/query,grype,GHSA-267c-6grr-h53f,High,/pnpm-lock.yaml,,next,16.2.2,16.2.5,npm,,Next.js has a Middleware / Proxy bypass in App Router applications via segment-prefetch routes,3.0
TanStack/query,grype,GHSA-26hh-7cqf-hhc6,High,/pnpm-lock.yaml,,next,15.5.14,15.5.18,npm,,Next.js has a Middleware / Proxy bypass in App Router applications via segment-prefetch routes - Incomplete Fix Follow-Up,3.0
TanStack/query,grype,GHSA-26hh-7cqf-hhc6,High,/pnpm-lock.yaml,,next,16.2.2,16.2.6,npm,,Next.js has a Middleware / Proxy bypass in App Router applications via segment-prefetch routes - Incomplete Fix Follow-Up,3.0
TanStack/query,grype,GHSA-26pp-8wgv-hjvm,Medium,/pnpm-lock.yaml,,hono,4.12.9,4.12.12,npm,,Hono missing validation of cookie name on write path in setCookie(),2.0
TanStack/query,grype,GHSA-27p8-2357-5qqv,High,/pnpm-lock.yaml,,@xmldom/xmldom,0.8.12,0.8.15,npm,,xmldom: DocType `name` Injection Bypasses requireWellFormed,3.0
TanStack/query,grype,GHSA-2883-xcg3-v3hh,High,/pnpm-lock.yaml,,js-yaml,3.14.2,3.15.2,npm,,js-yaml: maxTotalMergeKeys does not limit CPU use for empty merge sources,3.0
TanStack/query,grype,GHSA-2gcr-mfcq-wcc3,Medium,/pnpm-lock.yaml,,hono,4.12.9,4.12.21,npm,,"Hono: app.mount() strips mount prefix using undecoded path, causing incorrect routing for percent-encoded paths",2.0
TanStack/query,grype,GHSA-2gqq-gqf2-x968,Low,/pnpm-lock.yaml,,undici,7.24.6,7.29.1,npm,,undici vulnerable to response truncation via oversized chunked responses in the dump interceptor,1.0
TanStack/query,grype,GHSA-2j2x-hqr9-3h42,Medium,/pnpm-lock.yaml,,@remix-run/router,1.23.2,1.23.3,npm,,React Router's same-origin redirect with path starting // causes open redirect via protocol-relative URL reinterpretation,2.0
TanStack/query,grype,GHSA-2j2x-hqr9-3h42,Medium,/pnpm-lock.yaml,,react-router,6.30.3,6.30.4,npm,,React Router's same-origin redirect with path starting // causes open redirect via protocol-relative URL reinterpretation,2.0
TanStack/query,grype,GHSA-2jfj-6hjv-fm6j,Medium,/pnpm-lock.yaml,,undici,7.24.6,7.29.1,npm,,undici vulnerable to cross-user cookie disclosure via Set-Cookie caching in shared caches,2.0
TanStack/query,grype,GHSA-2v35-w6hq-6mfw,High,/pnpm-lock.yaml,,@xmldom/xmldom,0.8.12,0.8.13,npm,,xmldom: Uncontrolled recursion in XML serialization leads to DoS,3.0
TanStack/query,grype,GHSA-2xp9-vwfh-vxw4,Critical,/pnpm-lock.yaml,,next,14.2.35,15.5.24,npm,,Next.js: Unauthenticated Remote Code Execution in Image Optimization API when AVIF files are used,4.0
TanStack/query,grype,GHSA-2xp9-vwfh-vxw4,Critical,/pnpm-lock.yaml,,next,15.5.14,15.5.24,npm,,Next.js: Unauthenticated Remote Code Execution in Image Optimization API when AVIF files are used,4.0
TanStack/query,grype,GHSA-2xp9-vwfh-vxw4,Critical,/pnpm-lock.yaml,,next,16.2.2,16.3.3,npm,,Next.js: Unauthenticated Remote Code Execution in Image Optimization API when AVIF files are used,4.0
TanStack/query,grype,GHSA-337j-9hxr-rhxg,Medium,/pnpm-lock.yaml,,react-router,6.30.3,7.18.0,npm,,React Router: Arbitrary Constructor Injection via deserializeErrors() in React Router SSR Hydration,2.0
TanStack/query,grype,GHSA-35p6-xmwp-9g52,Low,/pnpm-lock.yaml,,undici,7.24.6,7.28.0,npm,,undici vulnerable to HTTP response queue poisoning via keep-alive socket reuse,1.0
TanStack/query,grype,GHSA-36qx-fr4f-26g5,High,/pnpm-lock.yaml,,next,14.2.35,15.5.16,npm,,Next.js has a Middleware / Proxy bypass in Pages Router applications using i18n,3.0
TanStack/query,grype,GHSA-36qx-fr4f-26g5,High,/pnpm-lock.yaml,,next,15.5.14,15.5.16,npm,,Next.js has a Middleware / Proxy bypass in Pages Router applications using i18n,3.0
TanStack/query,grype,GHSA-36qx-fr4f-26g5,High,/pnpm-lock.yaml,,next,16.2.2,16.2.5,npm,,Next.js has a Middleware / Proxy bypass in Pages Router applications using i18n,3.0
TanStack/query,grype,GHSA-39pv-4j6c-2g6v,High,/pnpm-lock.yaml,,@angular/common,20.3.18,20.3.25,npm,,@angular/common: Weak 32-Bit Cache Key Hashing in `HttpTransferCache` Leading to Cross-Request Data Leakage and State Poisoning,3.0
TanStack/query,grype,GHSA-39w2-rjm5-chcv,Low,/pnpm-lock.yaml,,next,16.2.2,16.3.8,npm,,Next.js has information disclosure in development server's Model Context Protocol endpoint,1.0
TanStack/query,grype,GHSA-3g8h-86w9-wvmq,Low,/pnpm-lock.yaml,,next,14.2.35,15.5.16,npm,,Next.js's Middleware / Proxy redirects can be cache-poisoned,1.0
TanStack/query,grype,GHSA-3g8h-86w9-wvmq,Low,/pnpm-lock.yaml,,next,15.5.14,15.5.16,npm,,Next.js's Middleware / Proxy redirects can be cache-poisoned,1.0
TanStack/query,grype,GHSA-3g8h-86w9-wvmq,Low,/pnpm-lock.yaml,,next,16.2.2,16.2.5,npm,,Next.js's Middleware / Proxy redirects can be cache-poisoned,1.0
TanStack/query,grype,GHSA-3hrh-pfw6-9m5x,Medium,/pnpm-lock.yaml,,hono,4.12.9,4.12.21,npm,,"Hono: Cookie helper does not sanitize sameSite and priority, allowing Set-Cookie injection",2.0
TanStack/query,grype,GHSA-3jxr-9vmj-r5cp,High,/pnpm-lock.yaml,,brace-expansion,1.1.13,1.1.16,npm,,brace-expansion: DoS via exponential-time expansion of consecutive non-expanding {} groups,3.0
TanStack/query,grype,GHSA-3jxr-9vmj-r5cp,High,/pnpm-lock.yaml,,brace-expansion,2.0.3,2.1.2,npm,,brace-expansion: DoS via exponential-time expansion of consecutive non-expanding {} groups,3.0
TanStack/query,grype,GHSA-3pq3-5fj3-cg6v,High,/pnpm-lock.yaml,,axios,1.18.1,1.20.0,npm,,Axios: HTTP/2 adapter bypasses configured DNS lookup and proxy controls,3.0
TanStack/query,grype,GHSA-3x4c-7xq6-9pq8,Medium,/pnpm-lock.yaml,,next,14.2.35,15.5.14,npm,,Next.js: Unbounded next/image disk cache growth can exhaust storage,2.0
TanStack/query,grype,GHSA-3xpg-4rpp-hhhm,Medium,/pnpm-lock.yaml,,undici,7.24.6,7.29.1,npm,,undici vulnerable to Denial of Service via unbounded decompression of compressed responses,2.0
TanStack/query,grype,GHSA-44g4-m2mj-wpvx,Medium,/pnpm-lock.yaml,,axios,1.18.1,1.20.0,npm,,"Axios: CIDR-form NO_PROXY entries are ignored, causing proxy exclusion bypass for internal IP ranges",2.0
TanStack/query,grype,GHSA-458j-xx4x-4375,Medium,/pnpm-lock.yaml,,hono,4.12.9,4.12.14,npm,,hono Improperly Handles JSX Attribute Names Allows HTML Injection in hono/jsx SSR,2.0
TanStack/query,grype,GHSA-4633-3j49-mh5q,Medium,/pnpm-lock.yaml,,next,14.2.35,15.5.21,npm,,Next.js: Cache confusion of response bodies for requests with bodies containing invalid UTF-8 byte sequences,2.0
TanStack/query,grype,GHSA-4633-3j49-mh5q,Medium,/pnpm-lock.yaml,,next,15.5.14,15.5.21,npm,,Next.js: Cache confusion of response bodies for requests with bodies containing invalid UTF-8 byte sequences,2.0
TanStack/query,grype,GHSA-4633-3j49-mh5q,Medium,/pnpm-lock.yaml,,next,16.2.2,16.2.11,npm,,Next.js: Cache confusion of response bodies for requests with bodies containing invalid UTF-8 byte sequences,2.0
TanStack/query,grype,GHSA-477h-4r7f-fvrx,Medium,/pnpm-lock.yaml,,pbkdf2,3.1.5,3.1.7,npm,,"pbkdf2 rehashes long passwords on every iteration, enabling denial of service",2.0
TanStack/query,grype,GHSA-48r7-hpm6-gfxm,High,/pnpm-lock.yaml,,@angular/common,20.3.18,20.3.25,npm,,@angular/common: Denial of Service (DoS) via OOM in Date Formatting (formatDate),3.0
TanStack/query,grype,GHSA-492v-c6pp-mqqv,High,/pnpm-lock.yaml,,next,15.5.14,15.5.16,npm,,Next.js has a Middleware / Proxy bypass through dynamic route parameter injection,3.0
TanStack/query,grype,GHSA-492v-c6pp-mqqv,High,/pnpm-lock.yaml,,next,16.2.2,16.2.5,npm,,Next.js has a Middleware / Proxy bypass through dynamic route parameter injection,3.0
TanStack/query,grype,GHSA-4c39-4ccg-62r3,Medium,/pnpm-lock.yaml,,next,14.2.35,15.5.21,npm,,Next.js: Unbounded Server Action payload in Edge runtime,2.0
TanStack/query,grype,GHSA-4c39-4ccg-62r3,Medium,/pnpm-lock.yaml,,next,15.5.14,15.5.21,npm,,Next.js: Unbounded Server Action payload in Edge runtime,2.0
TanStack/query,grype,GHSA-4c39-4ccg-62r3,Medium,/pnpm-lock.yaml,,next,16.2.2,16.2.11,npm,,Next.js: Unbounded Server Action payload in Edge runtime,2.0
TanStack/query,grype,GHSA-4c8g-83qw-93j6,High,/pnpm-lock.yaml,,fast-uri,3.1.0,3.1.3,npm,,fast-uri vulnerable to host confusion via failed IDN canonicalization,3.0
TanStack/query,grype,GHSA-4cwx-7wf7-3272,High,/pnpm-lock.yaml,,undici,7.24.6,7.29.0,npm,,undici vulnerable to cross-user information disclosure and parse-time crash via degenerate private cache directives,3.0
TanStack/query,grype,GHSA-4hqw-qxg8-jxx2,Medium,/pnpm-lock.yaml,,axios,1.18.1,1.20.0,npm,,Axios: Fetch Adapter Header Injection via Inherited FormData getHeaders,2.0
TanStack/query,grype,GHSA-4hxc-9384-m385,Medium,/pnpm-lock.yaml,,h3,1.15.3,1.15.9,npm,,h3: SSE Event Injection via Unsanitized Carriage Return (`\r`) in EventStream Data and Comment Fields (Bypass of CVE Fix),2.0
TanStack/query,grype,GHSA-4jqv-mc3x-m676,Medium,/pnpm-lock.yaml,,next,15.5.14,15.5.27,npm,,Next.js has cache poisoning of SSG and ISR pages in self-hosted applications,2.0
TanStack/query,grype,GHSA-4jqv-mc3x-m676,Medium,/pnpm-lock.yaml,,next,16.2.2,16.3.8,npm,,Next.js has cache poisoning of SSG and ISR pages in self-hosted applications,2.0
TanStack/query,grype,GHSA-4mjr-xmp4-gh2g,Medium,/pnpm-lock.yaml,,qs,6.15.0,6.16.0,npm,,qs: Denial of Service via Attacker Controlled isBuffer,2.0
TanStack/query,grype,GHSA-4w3w-2rp5-g8jm,High,/pnpm-lock.yaml,,@xmldom/xmldom,0.8.12,0.8.14,npm,,xmldom: Attribute name injection via setAttribute() bypasses requireWellFormed,3.0
TanStack/query,grype,GHSA-4w7w-66w2-5vf9,Medium,/pnpm-lock.yaml,,vite,6.4.1,6.4.2,npm,,Vite Vulnerable to Path Traversal in Optimized Deps `.map` Handling,2.0
TanStack/query,grype,GHSA-4w7w-66w2-5vf9,Medium,/pnpm-lock.yaml,,vite,7.1.11,7.3.2,npm,,Vite Vulnerable to Path Traversal in Optimized Deps `.map` Handling,2.0
TanStack/query,grype,GHSA-4x5r-pxfx-6jf8,Low,/pnpm-lock.yaml,,@babel/core,7.28.3,7.29.6,npm,,@babel/core: Arbitrary File Read via sourceMappingURL Comment,1.0
TanStack/query,grype,GHSA-52cp-r559-cp3m,High,/pnpm-lock.yaml,,js-yaml,3.14.2,3.15.0,npm,,js-yaml: YAML merge-key chains can force quadratic CPU consumption,3.0
TanStack/query,grype,GHSA-52v5-jr5w-gjxr,High,/pnpm-lock.yaml,,sigstore,4.1.0,4.1.1,npm,,sigstore's `certificateOIDs` verification constraints are silently dropped and never enforced,3.0
TanStack/query,grype,GHSA-542g-h47m-68v8,High,/pnpm-lock.yaml,,axios,1.18.1,1.20.0,npm,,Axios: Denial of Service via Unhandled 'error' Event in HTTP/2 ClientHttp2Session Initialization,3.0
TanStack/query,grype,GHSA-54fx-42gc-7vw4,Medium,/pnpm-lock.yaml,,hono,4.12.9,4.12.34,npm,,Hono: Algorithmic Complexity DoS in Language Middleware,2.0
TanStack/query,grype,GHSA-58qx-3vcg-4xpx,Medium,/pnpm-lock.yaml,,ws,8.20.0,8.20.1,npm,,ws: Uninitialized memory disclosure,2.0
TanStack/query,grype,GHSA-58w9-8g37-x9v5,Medium,/pnpm-lock.yaml,,@angular/compiler,20.3.18,20.3.25,npm,,@angular/compiler: Two-Way Property Binding Sanitization Bypass (XSS),2.0
TanStack/query,grype,GHSA-5c6j-r48x-rmvq,High,/pnpm-lock.yaml,,serialize-javascript,4.0.0,7.0.3,npm,,Serialize JavaScript is Vulnerable to RCE via RegExp.flags and Date.prototype.toISOString(),3.0
TanStack/query,grype,GHSA-5j4c-8p2g-v4jx,Low,/pnpm-lock.yaml,,vue,2.6.14,3.0.0-alpha.0,npm,,ReDoS vulnerability in vue package that is exploitable through inefficient regex evaluation in the parseHTML function,1.0
TanStack/query,grype,GHSA-5j4c-8p2g-v4jx,Low,/pnpm-lock.yaml,,vue,2.7.16,3.0.0-alpha.0,npm,,ReDoS vulnerability in vue package that is exploitable through inefficient regex evaluation in the parseHTML function,1.0
TanStack/query,grype,GHSA-5p4m-2wfm-xmqj,High,/pnpm-lock.yaml,,js-yaml,3.14.2,3.15.1,npm,,JS-YAML: Quadratic CPU consumption in !!omap resolution (3.x and 4.x) — CVE-2026-59870 fix not backported,3.0
TanStack/query,grype,GHSA-5w89-w975-hf9q,Medium,/pnpm-lock.yaml,,nitropack,2.13.2,2.13.4,npm,,Nitro has a proxy scope bypass via percent-encoded path traversal in `routeRules`,2.0
TanStack/query,grype,GHSA-67c8-pqhq-4rmx,Critical,/pnpm-lock.yaml,,piscina,5.1.3,5.3.2,npm,,piscina: Prototype-pollution gadget in ThreadPool.options allows RCE via execArgv / loadBalancer / env,4.0
TanStack/query,grype,GHSA-68fv-2mgg-jv7q,High,/pnpm-lock.yaml,,source-map-js,1.2.1,1.2.2,npm,,source-map-js allows event-loop denial of service through indexed source-map section offsets,3.0
TanStack/query,grype,GHSA-68g3-v927-f742,Medium,/pnpm-lock.yaml,,next,14.2.35,15.5.21,npm,,Next.js: Cache confusion of response bodies for requests with bodies,2.0
TanStack/query,grype,GHSA-68g3-v927-f742,Medium,/pnpm-lock.yaml,,next,15.5.14,15.5.21,npm,,Next.js: Cache confusion of response bodies for requests with bodies,2.0
TanStack/query,grype,GHSA-68g3-v927-f742,Medium,/pnpm-lock.yaml,,next,16.2.2,16.2.11,npm,,Next.js: Cache confusion of response bodies for requests with bodies,2.0
TanStack/query,grype,GHSA-692r-grfm-v8x7,Medium,/pnpm-lock.yaml,,@angular/core,20.3.18,20.3.22,npm,,@angular/core: Angular Template and Dynamic Component Namespace Bypass leading to Cross-Site Scripting (XSS),2.0
TanStack/query,grype,GHSA-69xw-7hcm-h432,Medium,/pnpm-lock.yaml,,hono,4.12.9,4.12.16,npm,,hono/jsx has Unvalidated JSX Tag Names that May Allow HTML Injection,2.0
TanStack/query,grype,GHSA-6g55-p6wh-862q,High,/pnpm-lock.yaml,,postcss,8.4.31,8.5.12,npm,,PostCSS: Arbitrary file read and information disclosure via attacker-controlled sourceMappingURL in CSS comments,3.0
TanStack/query,grype,GHSA-6g55-p6wh-862q,High,/pnpm-lock.yaml,,postcss,8.5.8,8.5.12,npm,,PostCSS: Arbitrary file read and information disclosure via attacker-controlled sourceMappingURL in CSS comments,3.0
TanStack/query,grype,GHSA-6gmq-8vp8-gcm6,Medium,/pnpm-lock.yaml,,@xmldom/xmldom,0.8.12,0.8.15,npm,,xmldom: XML fragment injection via invalid EntityReference.nodeName during requireWellFormed serialization,2.0
TanStack/query,grype,GHSA-6gpp-xcg3-4w24,High,/pnpm-lock.yaml,,next,16.2.2,16.2.11,npm,,Next.js: Middleware / Proxy bypass in App Router applications using Turbopack and single locale,3.0
TanStack/query,grype,GHSA-6h8r-xr42-gp59,Medium,/pnpm-lock.yaml,,@xmldom/xmldom,0.8.12,0.8.15,npm,,xmldom: Parser silently accepts a not-well-formed end tag whose name is followed by a line break and trailing content,2.0
TanStack/query,grype,GHSA-6j4f-fj2g-mc7p,High,/pnpm-lock.yaml,,brace-expansion,1.1.13,1.1.19,npm,,brace-expansion: DoS via uncontrolled recursion in parseCommaParts causing stack exhaustion,3.0
TanStack/query,grype,GHSA-6j4f-fj2g-mc7p,High,/pnpm-lock.yaml,,brace-expansion,2.0.3,2.1.5,npm,,brace-expansion: DoS via uncontrolled recursion in parseCommaParts causing stack exhaustion,3.0
TanStack/query,grype,GHSA-6j4f-fj2g-mc7p,High,/pnpm-lock.yaml,,brace-expansion,5.0.9,5.0.10,npm,,brace-expansion: DoS via uncontrolled recursion in parseCommaParts causing stack exhaustion,3.0
TanStack/query,grype,GHSA-6qxp-vccf-f47h,High,/pnpm-lock.yaml,,@modelcontextprotocol/sdk,1.26.0,1.31.0,npm,,MCP TypeScript SDK: OAuth client could send credentials to an authorization server chosen by the MCP server,3.0
TanStack/query,grype,GHSA-72gr-qfp7-vwhw,Medium,/pnpm-lock.yaml,,h3,1.15.3,1.15.9,npm,,h3: Double Decoding in `serveStatic` Bypasses `resolveDotSegments` Path Traversal Protection via `%252e%252e`,2.0
TanStack/query,grype,GHSA-73wf-gq98-2v4g,High,/pnpm-lock.yaml,,browserslist,4.28.2,4.28.7,npm,,Browserslist: Uncaught crash / prototype write via untrusted browserslist-stats.json custom stats (normalizeStats),3.0
TanStack/query,grype,GHSA-79qm-7rj5-m7r9,Low,/pnpm-lock.yaml,,hono,4.12.9,4.12.34,npm,,Hono: Proxy Helper does not remove response headers listed in the `Connection` header,1.0
TanStack/query,grype,GHSA-7p8r-x3mc-p8w7,High,/pnpm-lock.yaml,,fast-uri,3.1.0,3.1.5,npm,,fast-uri vulnerable to host confusion via backslash authority introducer,3.0
TanStack/query,grype,GHSA-7w5x-hrqm-74c2,High,/pnpm-lock.yaml,,smol-toml,1.6.1,1.7.1,npm,,smol-toml: Denial of Service via malformed TOML documents,3.0
TanStack/query,grype,GHSA-8344-3jmq-59r6,High,/pnpm-lock.yaml,,@xmldom/xmldom,0.8.12,0.8.15,npm,,xmldom: Quadratic-time attribute deduplication,3.0
TanStack/query,grype,GHSA-8436-99hf-9mmv,Low,/pnpm-lock.yaml,,undici,7.24.6,7.29.1,npm,,undici vulnerable to caching and replay of unsafe HTTP method responses,1.0
TanStack/query,grype,GHSA-848j-6mx2-7j84,Low,/pnpm-lock.yaml,,elliptic,6.6.1,,npm,,Elliptic Uses a Cryptographic Primitive with a Risky Implementation,1.0
TanStack/query,grype,GHSA-86w9-cpqp-85rv,High,/pnpm-lock.yaml,,node-forge,1.4.0,,npm,,node-forge RSA PKCS#1 v1.5 signature verification accepts extra nested DigestAlgorithm elements,3.0
TanStack/query,grype,GHSA-88fw-hqm2-52qc,High,/pnpm-lock.yaml,,hono,4.12.9,4.12.25,npm,,hono: CORS Middleware reflects any Origin with credentials when `origin` defaults to the wildcard,3.0
TanStack/query,grype,GHSA-89xv-2m56-2m9x,High,/pnpm-lock.yaml,,next,14.2.35,15.5.21,npm,,Next.js: Server-Side Request Forgery in Server Actions on custom servers,3.0
TanStack/query,grype,GHSA-89xv-2m56-2m9x,High,/pnpm-lock.yaml,,next,15.5.14,15.5.21,npm,,Next.js: Server-Side Request Forgery in Server Actions on custom servers,3.0
TanStack/query,grype,GHSA-89xv-2m56-2m9x,High,/pnpm-lock.yaml,,next,16.2.2,16.2.11,npm,,Next.js: Server-Side Request Forgery in Server Actions on custom servers,3.0
TanStack/query,grype,GHSA-8h8q-6873-q5fj,High,/pnpm-lock.yaml,,next,14.2.35,15.5.16,npm,,Next.js Vulnerable to Denial of Service with Server Components,3.0
TanStack/query,grype,GHSA-8h8q-6873-q5fj,High,/pnpm-lock.yaml,,next,15.5.14,15.5.16,npm,,Next.js Vulnerable to Denial of Service with Server Components,3.0
TanStack/query,grype,GHSA-8h8q-6873-q5fj,High,/pnpm-lock.yaml,,next,16.2.2,16.2.5,npm,,Next.js Vulnerable to Denial of Service with Server Components,3.0
TanStack/query,grype,GHSA-8j4g-w8fx-2239,Medium,/pnpm-lock.yaml,,hono,4.12.9,4.12.34,npm,,Hono: ReDoS in CORS middleware via Access-Control-Request-Headers,2.0
TanStack/query,grype,GHSA-8v63-cqqc-6r2c,High,/pnpm-lock.yaml,,object-path,0.6.0,0.11.8,npm,,Prototype Pollution in object-path,3.0
TanStack/query,grype,GHSA-8x88-c5mf-7j5w,High,/pnpm-lock.yaml,,tar,7.5.13,7.5.18,npm,,node-tar: Negative tar entry size causes infinite loop in archive replace,3.0
TanStack/query,grype,GHSA-8xcm-r25x-g524,Medium,/pnpm-lock.yaml,,undici,7.24.6,7.29.0,npm,,undici vulnerable to downstream response desynchronization via retry interceptor,2.0
TanStack/query,grype,GHSA-92pp-h63x-v22m,Medium,/pnpm-lock.yaml,,@hono/node-server,1.19.12,1.19.13,npm,,@hono/node-server: Middleware bypass via repeated slashes in serveStatic,2.0
TanStack/query,grype,GHSA-93r5-fhx6-vmg9,High,/pnpm-lock.yaml,,@xmldom/xmldom,0.8.12,0.8.15,npm,,xmldom: Quadratic-time parsing via the malformed-input recovery path — `parseElementStartPart` re-scan and `normalize()` adjacent-text merge,3.0
TanStack/query,grype,GHSA-952p-6rrq-rcjv,Medium,/pnpm-lock.yaml,,micromatch,3.1.10,4.0.8,npm,,Regular Expression Denial of Service (ReDoS) in micromatch,2.0
TanStack/query,grype,GHSA-955p-x3mx-jcvp,Medium,/pnpm-lock.yaml,,next,14.2.35,15.5.21,npm,,Next.js: Unauthenticated disclosure of internal Server Function endpoints,2.0
TanStack/query,grype,GHSA-955p-x3mx-jcvp,Medium,/pnpm-lock.yaml,,next,15.5.14,15.5.21,npm,,Next.js: Unauthenticated disclosure of internal Server Function endpoints,2.0
TanStack/query,grype,GHSA-955p-x3mx-jcvp,Medium,/pnpm-lock.yaml,,next,16.2.2,16.2.11,npm,,Next.js: Unauthenticated disclosure of internal Server Function endpoints,2.0
TanStack/query,grype,GHSA-965w-775f-mr7g,High,/pnpm-lock.yaml,,@xmldom/xmldom,0.8.12,0.8.15,npm,,xmldom: Quadratic-memory consumption,3.0
TanStack/query,grype,GHSA-96hv-2xvq-fx4p,High,/pnpm-lock.yaml,,ws,7.5.10,7.5.11,npm,,ws: Memory exhaustion DoS from tiny fragments and data chunks,3.0
TanStack/query,grype,GHSA-96hv-2xvq-fx4p,High,/pnpm-lock.yaml,,ws,8.20.0,8.21.0,npm,,ws: Memory exhaustion DoS from tiny fragments and data chunks,3.0
TanStack/query,grype,GHSA-9fr6-4gfg-395g,Medium,/pnpm-lock.yaml,,axios,1.18.1,1.20.0,npm,,Axios: Prototype-Pollution Gadget in the Default Instance Allows Inherited Object.prototype.method to Override HTTP Method,2.0
TanStack/query,grype,GHSA-9g9p-9gw9-jx7f,Medium,/pnpm-lock.yaml,,next,14.2.35,15.5.10,npm,,Next.js self-hosted applications vulnerable to DoS via Image Optimizer remotePatterns configuration,2.0
TanStack/query,grype,GHSA-9phm-9p8f-hw5m,Medium,/pnpm-lock.yaml,,nitropack,2.13.2,2.13.4,npm,,Nitro has an Open Redirect via Protocol-Relative URL Bypass in Wildcard Route Rules,2.0
TanStack/query,grype,GHSA-9vqf-7f2p-gf9v,Medium,/pnpm-lock.yaml,,hono,4.12.9,4.12.16,npm,,Hono: bodyLimit() can be bypassed for chunked / unknown-length requests,2.0
TanStack/query,grype,GHSA-c29m-xwm3-cm6r,High,/pnpm-lock.yaml,,axios,1.18.1,1.20.0,npm,,Axios: ReDoS in fromDataURI data: URL parser freezes the Node event loop (DoS),3.0
TanStack/query,grype,GHSA-c4j6-fc7j-m34r,High,/pnpm-lock.yaml,,next,14.2.35,15.5.16,npm,,Next.js vulnerable to server-side request forgery in applications using WebSocket upgrades,3.0
TanStack/query,grype,GHSA-c4j6-fc7j-m34r,High,/pnpm-lock.yaml,,next,15.5.14,15.5.16,npm,,Next.js vulnerable to server-side request forgery in applications using WebSocket upgrades,3.0
TanStack/query,grype,GHSA-c4j6-fc7j-m34r,High,/pnpm-lock.yaml,,next,16.2.2,16.2.5,npm,,Next.js vulnerable to server-side request forgery in applications using WebSocket upgrades,3.0
TanStack/query,grype,GHSA-c7q8-3ch8-vqpv,High,/pnpm-lock.yaml,,@xmldom/xmldom,0.8.12,0.8.15,npm,,xmldom: Processing Instruction Target Injection Bypasses requireWellFormed,3.0
TanStack/query,grype,GHSA-c83g-rgw3-j3cx,High,/pnpm-lock.yaml,,browserslist,4.28.2,4.28.7,npm,,"Browserslist: Unbounded memory growth (no cache eviction) via distinct query results, leading to eventual OOM",3.0
TanStack/query,grype,GHSA-ch52-4w7c-c8xp,High,/pnpm-lock.yaml,,http-cache-semantics,4.2.0,,npm,,http-cache-semantics max-stale handling can disclose cross-user cached responses,3.0
TanStack/query,grype,GHSA-cjq9-62q9-8jv4,High,/pnpm-lock.yaml,,next,16.2.2,16.3.8,npm,,Next.js has Server-Side Request Forgery in Image Optimization,3.0
TanStack/query,grype,GHSA-crvj-82cr-hjcx,Medium,/pnpm-lock.yaml,,hono,4.12.9,4.13.5,npm,,"Hono: Query parser reads parameters after the URL fragment, causing cache-key and proxy interpretation differentials",2.0
TanStack/query,grype,GHSA-cwx2-736x-mf6w,High,/pnpm-lock.yaml,,object-path,0.6.0,0.11.5,npm,,Prototype pollution in object-path,3.0
TanStack/query,grype,GHSA-f23m-r3pf-42rh,Medium,/pnpm-lock.yaml,,lodash,4.17.21,4.18.0,npm,,lodash vulnerable to Prototype Pollution via array path bypass in `_.unset` and `_.omit`,2.0
TanStack/query,grype,GHSA-f23p-vx2j-j53r,Medium,/pnpm-lock.yaml,,hono,4.12.9,4.12.34,npm,,"Hono: `memo()` retains SSR output across requests, leading to cross-user data disclosure",2.0
TanStack/query,grype,GHSA-f3m7-gqxr-g87x,Medium,/pnpm-lock.yaml,,@angular/compiler,20.3.18,20.3.22,npm,,Angular: Template and Attribute Namespace Sanitization Bypass (XSS),2.0
TanStack/query,grype,GHSA-f3m7-gqxr-g87x,Medium,/pnpm-lock.yaml,,@angular/core,20.3.18,20.3.22,npm,,Angular: Template and Attribute Namespace Sanitization Bypass (XSS),2.0
TanStack/query,grype,GHSA-f577-qrjj-4474,Medium,/pnpm-lock.yaml,,hono,4.12.9,4.12.21,npm,,"Hono: JWT middleware accepts any Authorization scheme, not only Bearer",2.0
TanStack/query,grype,GHSA-f65p-4m7j-42xc,High,/pnpm-lock.yaml,,fast-uri,3.1.0,3.1.6,npm,,fast-uri vulnerable to server-side request forgery via malformed IPv6 normalization,3.0
TanStack/query,grype,GHSA-f6ww-3ggp-fr8h,High,/pnpm-lock.yaml,,@xmldom/xmldom,0.8.12,0.8.13,npm,,xmldom has XML injection through unvalidated DocumentType serialization,3.0
TanStack/query,grype,GHSA-f87g-xv8r-7p7x,Medium,/pnpm-lock.yaml,,next,16.2.2,16.3.8,npm,,Next.js has information disclosure in App Router metadata image routes via dynamicParams bypass,2.0
TanStack/query,grype,GHSA-f88m-g3jw-g9cj,High,/pnpm-lock.yaml,,sharp,0.34.5,0.35.0,npm,,"sharp inherited vulnerabilities in libvips: CVE-2026-33327, CVE-2026-33328, CVE-2026-35590, CVE-2026-35591",3.0
TanStack/query,grype,GHSA-ff3f-86qr-9cv3,High,/pnpm-lock.yaml,,@angular/router,20.3.18,20.3.32,npm,,Angular Server-Side Rendering (SSR): Denial of Service via Numeric URL Matrix Parameters,3.0
TanStack/query,grype,GHSA-ffhc-5mcf-pf4q,Medium,/pnpm-lock.yaml,,next,14.2.35,15.5.16,npm,,Next.js vulnerable to cross-site scripting in App Router applications using CSP nonces,2.0
TanStack/query,grype,GHSA-ffhc-5mcf-pf4q,Medium,/pnpm-lock.yaml,,next,15.5.14,15.5.16,npm,,Next.js vulnerable to cross-site scripting in App Router applications using CSP nonces,2.0
TanStack/query,grype,GHSA-ffhc-5mcf-pf4q,Medium,/pnpm-lock.yaml,,next,16.2.2,16.2.5,npm,,Next.js vulnerable to cross-site scripting in App Router applications using CSP nonces,2.0
TanStack/query,grype,GHSA-frvp-7c67-39w9,Medium,/pnpm-lock.yaml,,@hono/node-server,1.19.12,1.19.15,npm,,Node.js Adapter for Hono: Path traversal in `serve-static` on Windows via encoded backslash (`%5C`),2.0
TanStack/query,grype,GHSA-fv7c-fp4j-7gwp,High,/pnpm-lock.yaml,,@babel/plugin-transform-modules-systemjs,7.29.0,7.29.4,npm,,@babel/plugin-transform-modules-systemjs generates arbitrary code when compiling malicious input,3.0
TanStack/query,grype,GHSA-fx2h-pf6j-xcff,High,/pnpm-lock.yaml,,vite,6.4.1,6.4.3,npm,,vite: `server.fs.deny` bypass on Windows alternate paths,3.0
TanStack/query,grype,GHSA-fx2h-pf6j-xcff,High,/pnpm-lock.yaml,,vite,7.1.11,7.3.5,npm,,vite: `server.fs.deny` bypass on Windows alternate paths,3.0
TanStack/query,grype,GHSA-fxqj-rqcc-2cmp,Medium,/pnpm-lock.yaml,,postcss,8.4.31,8.5.23,npm,,PostCSS: incomplete fix of GHSA-6g55-p6wh-862q — attacker-controlled sourceMappingURL reads arbitrary .map files when `from` is unset,2.0
TanStack/query,grype,GHSA-fxqj-rqcc-2cmp,Medium,/pnpm-lock.yaml,,postcss,8.5.8,8.5.23,npm,,PostCSS: incomplete fix of GHSA-6g55-p6wh-862q — attacker-controlled sourceMappingURL reads arbitrary .map files when `from` is unset,2.0
TanStack/query,grype,GHSA-g6gw-c38x-mqfc,Medium,/pnpm-lock.yaml,,hono,4.12.9,4.13.5,npm,,Hono: Unbounded dot-notation nesting in `parseBody()` can cause memory exhaustion,2.0
TanStack/query,grype,GHSA-g8m3-5g58-fq7m,Low,/pnpm-lock.yaml,,undici,7.24.6,7.28.0,npm,,undici vulnerable to Set-Cookie SameSite attribute downgrade via permissive substring matching,1.0
TanStack/query,grype,GHSA-ggv3-7p47-pfv8,Medium,/pnpm-lock.yaml,,next,14.2.35,15.5.13,npm,,Next.js: HTTP request smuggling in rewrites,2.0
TanStack/query,grype,GHSA-gqvv-2mrq-wpjv,Medium,/pnpm-lock.yaml,,hono,4.12.9,4.13.5,npm,,Hono: Incomplete fix for CVE-2026-39408: `toSSG()` still writes files outside the output directory,2.0
TanStack/query,grype,GHSA-grv7-fg5c-xmjg,High,/pnpm-lock.yaml,,braces,2.3.2,3.0.3,npm,,Uncontrolled resource consumption in braces,3.0
TanStack/query,grype,GHSA-gvwx-54wh-qm9j,Medium,/pnpm-lock.yaml,,tar,7.5.13,7.5.17,npm,,node-tar: Uncaught Exception DoS via NUL byte in PAX path/linkpath records,2.0
TanStack/query,grype,GHSA-gx5p-jg67-6x7h,Medium,/pnpm-lock.yaml,,next,14.2.35,15.5.16,npm,,Next.js has cross-site scripting in beforeInteractive scripts with untrusted input,2.0
TanStack/query,grype,GHSA-gx5p-jg67-6x7h,Medium,/pnpm-lock.yaml,,next,15.5.14,15.5.16,npm,,Next.js has cross-site scripting in beforeInteractive scripts with untrusted input,2.0
TanStack/query,grype,GHSA-gx5p-jg67-6x7h,Medium,/pnpm-lock.yaml,,next,16.2.2,16.2.5,npm,,Next.js has cross-site scripting in beforeInteractive scripts with untrusted input,2.0
TanStack/query,grype,GHSA-h25m-26qc-wcjf,High,/pnpm-lock.yaml,,next,14.2.35,15.0.8,npm,,Next.js HTTP request deserialization can lead to DoS when using insecure React Server Components,3.0
TanStack/query,grype,GHSA-h3mg-xc3c-68pw,Medium,/pnpm-lock.yaml,,ip-address,10.1.0,10.7.1,npm,,"ip-address: Address6 builds a parse diagnostic proportional to the input with no length bound, allowing a single long string to stall or crash the process",2.0
TanStack/query,grype,GHSA-h64f-5h5j-jqjh,Medium,/pnpm-lock.yaml,,next,14.2.35,15.5.16,npm,,Next.js has a Denial of Service in the Image Optimization API,2.0
TanStack/query,grype,GHSA-h64f-5h5j-jqjh,Medium,/pnpm-lock.yaml,,next,15.5.14,15.5.16,npm,,Next.js has a Denial of Service in the Image Optimization API,2.0
TanStack/query,grype,GHSA-h64f-5h5j-jqjh,Medium,/pnpm-lock.yaml,,next,16.2.2,16.2.5,npm,,Next.js has a Denial of Service in the Image Optimization API,2.0
TanStack/query,grype,GHSA-h67p-54hq-rp68,Medium,/pnpm-lock.yaml,,js-yaml,3.14.2,3.15.0,npm,,JS-YAML: Quadratic-complexity DoS in merge key handling via repeated aliases,2.0
TanStack/query,grype,GHSA-hh8m-fm6v-7cvg,Medium,/pnpm-lock.yaml,,@angular/compiler,20.3.18,20.3.28,npm,,Angular: Sanitization bypass via directive host bindings on concrete host elements in @angular/core and @angular/compiler,2.0
TanStack/query,grype,GHSA-hh8m-fm6v-7cvg,Medium,/pnpm-lock.yaml,,@angular/core,20.3.18,20.3.28,npm,,Angular: Sanitization bypass via directive host bindings on concrete host elements in @angular/core and @angular/compiler,2.0
TanStack/query,grype,GHSA-hm8q-7f3q-5f36,Low,/pnpm-lock.yaml,,hono,4.12.9,4.12.18,npm,,"Hono has improper validation of NumericDate claims (exp, nbf, iat) in JWT verify()",1.0
TanStack/query,grype,GHSA-hm92-r4w5-c3mj,High,/pnpm-lock.yaml,,undici,7.24.6,7.28.0,npm,,undici vulnerable to cross-origin request routing via SOCKS5 proxy pool reuse,3.0
TanStack/query,grype,GHSA-hp3w-g68c-fv3c,Medium,/pnpm-lock.yaml,,sprintf-js,1.0.3,,npm,,sprintf-js vulnerable to denial of service through unbounded precision specifiers,2.0
TanStack/query,grype,GHSA-hrr3-gc8f-f4qj,Medium,/pnpm-lock.yaml,,fast-uri,3.1.0,3.1.8,npm,,fast-uri vulnerable to inconsistent host case normalization via percent-encoded octets,2.0
TanStack/query,grype,GHSA-hvrm-45r6-mjfj,Medium,/pnpm-lock.yaml,,hono,4.12.9,4.12.27,npm,,"hono/jsx does not isolate context per request, leading to cross-request data disclosure",2.0
TanStack/query,grype,GHSA-hxh3-vqpv-xpqv,Medium,/pnpm-lock.yaml,,hono,4.12.9,4.13.7,npm,,"hono/jsx renders plain strings unescaped in boundary components, leading to XSS",2.0
TanStack/query,grype,GHSA-j6c9-x7qj-28xf,Medium,/pnpm-lock.yaml,,hono,4.12.9,4.12.25,npm,,"hono: AWS Lambda adapter merges multiple `Set-Cookie` headers into one value, dropping cookies on ALB single-header and Lattice",2.0
TanStack/query,grype,GHSA-j6r3-76f7-8jcv,Medium,/pnpm-lock.yaml,,ip-address,10.1.0,10.7.1,npm,,"ip-address: isInSubnet() and isHostInSubnet() compare addresses of different families as if they shared an address space, allowing an allowlist check to admit an address outside its range",2.0
TanStack/query,grype,GHSA-j759-j44w-7fr8,High,/pnpm-lock.yaml,,@xmldom/xmldom,0.8.12,0.8.13,npm,,xmldom has XML node injection through unvalidated comment serialization,3.0
TanStack/query,grype,GHSA-j8rh-479h-cp32,Medium,/pnpm-lock.yaml,,axios,1.18.1,1.20.0,npm,,Axios: Header Injection via Inherited headers After Minimal Interceptor,2.0
TanStack/query,grype,GHSA-jfc7-64v2-mr8c,Medium,/pnpm-lock.yaml,,@sigstore/core,3.2.0,3.2.1,npm,,@sigstore/core has DSSE payloadType type-binding failure,2.0
TanStack/query,grype,GHSA-jhpw-976m-542j,High,/pnpm-lock.yaml,,@angular/common,20.3.18,20.3.27,npm,,Angular: Cache-Key Ambiguity in HttpTransferCache Leading to Cross-Request Response Reuse and State Poisoning,3.0
TanStack/query,grype,GHSA-jj27-h5hq-8x99,High,/pnpm-lock.yaml,,@angular/compiler,20.3.18,20.3.27,npm,,Angular i18n: Cross-Site Scripting (XSS) via event-handler attributes,3.0
TanStack/query,grype,GHSA-jj27-h5hq-8x99,High,/pnpm-lock.yaml,,@angular/core,20.3.18,20.3.27,npm,,Angular i18n: Cross-Site Scripting (XSS) via event-handler attributes,3.0
TanStack/query,grype,GHSA-jjmj-jmhj-qwj2,Medium,/pnpm-lock.yaml,,react-router-dom,6.30.3,6.30.6,npm,,React Router: Open redirect leading to XSS,2.0
TanStack/query,grype,GHSA-jp82-f5mq-hwhp,High,/pnpm-lock.yaml,,seroval,1.5.6,1.6.3,npm,,Seroval: Memory exhaustion via unchecked TypedArray length in JSON deserialization,3.0
TanStack/query,grype,GHSA-jqcg-44mw-7w3h,Critical,/pnpm-lock.yaml,,proxy-addr,2.0.7,2.0.8,npm,,proxy-addr vulnerable to IP spoofing via IPv4-mapped IPv6 trust subnet,4.0
TanStack/query,grype,GHSA-jqff-g426-hqxp,High,/pnpm-lock.yaml,,fast-uri,3.1.0,3.1.6,npm,,fast-uri vulnerable to host confusion via percent-encoded scheme normalization,3.0
TanStack/query,grype,GHSA-jr45-8vmc-qm54,Medium,/pnpm-lock.yaml,,undici,7.24.6,7.29.0,npm,,undici vulnerable to cross-user information disclosure via whitespace around equals in Cache-Control directives,2.0
TanStack/query,grype,GHSA-m8m8-qj5v-23w3,High,/pnpm-lock.yaml,,axios,1.18.1,1.20.0,npm,,Axios: Node HTTP adapter prototype-pollution gadget allows request socket hijack via inherited createConnection,3.0
TanStack/query,grype,GHSA-m8rv-5g2x-5cg5,Medium,/pnpm-lock.yaml,,undici,7.24.6,7.29.0,npm,,undici vulnerable to CRLF Injection via blob-like body 'type' property,2.0
TanStack/query,grype,GHSA-m99w-x7hq-7vfj,High,/pnpm-lock.yaml,,next,14.2.35,15.5.21,npm,,Next.js: Denial of Service in App Router using Server Actions,3.0
TanStack/query,grype,GHSA-m99w-x7hq-7vfj,High,/pnpm-lock.yaml,,next,15.5.14,15.5.21,npm,,Next.js: Denial of Service in App Router using Server Actions,3.0
TanStack/query,grype,GHSA-m99w-x7hq-7vfj,High,/pnpm-lock.yaml,,next,16.2.2,16.2.11,npm,,Next.js: Denial of Service in App Router using Server Actions,3.0
TanStack/query,grype,GHSA-mcj8-r9mp-w47p,Medium,/pnpm-lock.yaml,,next,15.5.14,15.5.27,npm,,Next.js has cache poisoning in SSG/ISR rendering that leads to cross-user content substitution and persistent denial of service,2.0
TanStack/query,grype,GHSA-mcj8-r9mp-w47p,Medium,/pnpm-lock.yaml,,next,16.2.2,16.3.8,npm,,Next.js has cache poisoning in SSG/ISR rendering that leads to cross-user content substitution and persistent denial of service,2.0
TanStack/query,grype,GHSA-mg66-mrh9-m8jx,High,/pnpm-lock.yaml,,next,15.5.14,15.5.16,npm,,Next.js vulnerable to Denial of Service via connection exhaustion in applications using Cache Components,3.0
TanStack/query,grype,GHSA-mg66-mrh9-m8jx,High,/pnpm-lock.yaml,,next,16.2.2,16.2.5,npm,,Next.js vulnerable to Denial of Service via connection exhaustion in applications using Cache Components,3.0
TanStack/query,grype,GHSA-mghh-pgcx-3jjj,High,/pnpm-lock.yaml,,axios,1.18.1,1.20.0,npm,,"Axios: ReDoS (O(N²)) in shouldBypassProxy host normalization, reachable via untrusted redirect Location",3.0
TanStack/query,grype,GHSA-mh99-v99m-4gvg,High,/pnpm-lock.yaml,,brace-expansion,1.1.13,1.1.17,npm,,brace-expansion: DoS via unbounded expansion length causing an out-of-memory process crash,3.0
TanStack/query,grype,GHSA-mh99-v99m-4gvg,High,/pnpm-lock.yaml,,brace-expansion,2.0.3,2.1.3,npm,,brace-expansion: DoS via unbounded expansion length causing an out-of-memory process crash,3.0
TanStack/query,grype,GHSA-mp2g-9vg9-f4cg,High,/pnpm-lock.yaml,,h3,1.15.3,1.15.5,npm,,h3 v1 has Request Smuggling (TE.TE) issue,3.0
TanStack/query,grype,GHSA-mwp4-54f8-5fhr,High,/pnpm-lock.yaml,,ip-address,10.1.0,10.3.1,npm,,"ip-address: Address4 decodes leading-zero octets as decimal while resolvers decode them as octal, allowing SSRF and trust-boundary bypass",3.0
TanStack/query,grype,GHSA-p293-qw3h-jr36,Critical,/pnpm-lock.yaml,,next,14.2.35,15.5.24,npm,,Next.js: Unauthenticated Remote Code Execution on windows-hosted servers,4.0
TanStack/query,grype,GHSA-p293-qw3h-jr36,Critical,/pnpm-lock.yaml,,next,15.5.14,15.5.24,npm,,Next.js: Unauthenticated Remote Code Execution on windows-hosted servers,4.0
TanStack/query,grype,GHSA-p293-qw3h-jr36,Critical,/pnpm-lock.yaml,,next,16.2.2,16.3.3,npm,,Next.js: Unauthenticated Remote Code Execution on windows-hosted servers,4.0
TanStack/query,grype,GHSA-p297-fm68-3q8c,Medium,/pnpm-lock.yaml,,@angular/common,20.3.18,20.3.28,npm,,Angular: Information Leak via `HttpTransferCache` Bypass When Using `withRequestsMadeViaParent`,2.0
TanStack/query,grype,GHSA-p3vc-36g9-x9gr,High,/pnpm-lock.yaml,,@angular/common,20.3.18,20.3.22,npm,,@angular/common: Denial of Service (DoS) via OOM in Number Formatting (digitsInfo),3.0
TanStack/query,grype,GHSA-p498-v437-472g,Medium,/pnpm-lock.yaml,,@humanfs/node,0.16.7,0.16.8,npm,,humanfs: Recursive copy follows symlinked files and copies data from outside the source tree,2.0
TanStack/query,grype,GHSA-p6vx-979v-rg4c,Critical,/pnpm-lock.yaml,,seroval,1.5.6,1.6.2,npm,,Seroval: `fromJSON()` Promise thenable assimilation invokes plugin-produced callables (bypass of GHSA-mv8w-475r-vwqw),4.0
TanStack/query,grype,GHSA-p77w-8qqv-26rm,Medium,/pnpm-lock.yaml,,hono,4.12.9,4.12.18,npm,,Hono's Cache Middleware ignores Vary: Authorization / Vary: Cookie leading to cross-user cache leakage,2.0
TanStack/query,grype,GHSA-p88m-4jfj-68fv,Medium,/pnpm-lock.yaml,,undici,7.24.6,7.28.0,npm,,undici vulnerable to HTTP header injection via Set-Cookie percent-decoding,2.0
TanStack/query,grype,GHSA-p9ff-h696-f583,High,/pnpm-lock.yaml,,vite,6.4.1,6.4.2,npm,,Vite Vulnerable to Arbitrary File Read via Vite Dev Server WebSocket,3.0
TanStack/query,grype,GHSA-p9ff-h696-f583,High,/pnpm-lock.yaml,,vite,7.1.11,7.3.2,npm,,Vite Vulnerable to Arbitrary File Read via Vite Dev Server WebSocket,3.0
TanStack/query,grype,GHSA-p9j2-gv94-2wf4,High,/pnpm-lock.yaml,,next,14.2.35,15.5.21,npm,,Next.js: Server-Side Request Forgery in rewrites via attacker-controlled destination hostname,3.0
TanStack/query,grype,GHSA-p9j2-gv94-2wf4,High,/pnpm-lock.yaml,,next,15.5.14,15.5.21,npm,,Next.js: Server-Side Request Forgery in rewrites via attacker-controlled destination hostname,3.0
TanStack/query,grype,GHSA-p9j2-gv94-2wf4,High,/pnpm-lock.yaml,,next,16.2.2,16.2.11,npm,,Next.js: Server-Side Request Forgery in rewrites via attacker-controlled destination hostname,3.0
TanStack/query,grype,GHSA-pmjh-fq2x-6v4x,Medium,/pnpm-lock.yaml,,undici,7.24.6,7.29.1,npm,,undici vulnerable to Denial of Service via orphaned RetryHandler response body,2.0
TanStack/query,grype,GHSA-pqg4-j6r4-53mv,Critical,/pnpm-lock.yaml,,shell-quote,1.10.0,1.11.0,npm,,shell-quote: `quote()` command injection via a line terminator in a token after a `{ comment }` token,4.0
TanStack/query,grype,GHSA-pr7r-676h-xcf6,Medium,/pnpm-lock.yaml,,undici,7.24.6,7.28.0,npm,,undici vulnerable to cross-user information disclosure via shared cache whitespace bypass,2.0
TanStack/query,grype,GHSA-pxg6-pf52-xh8x,Low,/pnpm-lock.yaml,,cookie,0.6.0,0.7.0,npm,,"cookie accepts cookie name, path, and domain with out of bounds characters",1.0
TanStack/query,grype,GHSA-q2hr-2g5m-vwhr,Medium,/pnpm-lock.yaml,,brace-expansion,1.1.13,1.1.21,npm,,"brace-expansion: Quadratic-time expansion of the `{a},b}` rewrite causes CPU denial of service",2.0
TanStack/query,grype,GHSA-q2hr-2g5m-vwhr,Medium,/pnpm-lock.yaml,,brace-expansion,2.0.3,2.1.7,npm,,"brace-expansion: Quadratic-time expansion of the `{a},b}` rewrite causes CPU denial of service",2.0
TanStack/query,grype,GHSA-q2hr-2g5m-vwhr,Medium,/pnpm-lock.yaml,,brace-expansion,5.0.9,5.0.12,npm,,"brace-expansion: Quadratic-time expansion of the `{a},b}` rewrite causes CPU denial of service",2.0
TanStack/query,grype,GHSA-q3j6-qgpj-74h6,High,/pnpm-lock.yaml,,fast-uri,3.1.0,3.1.1,npm,,fast-uri vulnerable to path traversal via percent-encoded dot segments,3.0
TanStack/query,grype,GHSA-q4gf-8mx6-v5v3,High,/pnpm-lock.yaml,,next,14.2.35,15.5.15,npm,,Next.js has a Denial of Service with Server Components,3.0
TanStack/query,grype,GHSA-q4gf-8mx6-v5v3,High,/pnpm-lock.yaml,,next,15.5.14,15.5.15,npm,,Next.js has a Denial of Service with Server Components,3.0
TanStack/query,grype,GHSA-q4gf-8mx6-v5v3,High,/pnpm-lock.yaml,,next,16.2.2,16.2.3,npm,,Next.js has a Denial of Service with Server Components,3.0
TanStack/query,grype,GHSA-q6f4-qqrg-jv6x,High,/pnpm-lock.yaml,,@angular/common,20.3.18,20.3.22,npm,,@angular/common: Information Leak via Default Caching of Credentialed Requests in HttpTransferCache,3.0
TanStack/query,grype,GHSA-q8mj-m7cp-5q26,Medium,/pnpm-lock.yaml,,qs,6.15.0,6.15.2,npm,,qs has a remotely triggerable DoS: qs.stringify crashes with TypeError on null/undefined entries in comma-format arrays when encodeValuesOnly is set,2.0
TanStack/query,grype,GHSA-q8wf-6r8g-63ch,Medium,/pnpm-lock.yaml,,next,15.5.14,15.5.21,npm,,Next.js: Denial of Service in the Image Optimization API using SVGs,2.0
TanStack/query,grype,GHSA-q8wf-6r8g-63ch,Medium,/pnpm-lock.yaml,,next,16.2.2,16.2.11,npm,,Next.js: Denial of Service in the Image Optimization API using SVGs,2.0
TanStack/query,grype,GHSA-qhr7-859c-m2p7,High,/pnpm-lock.yaml,,brace-expansion,1.1.13,1.1.20,npm,,brace-expansion: DoS via uncontrolled recursion on nested brace groups causing stack exhaustion,3.0
TanStack/query,grype,GHSA-qhr7-859c-m2p7,High,/pnpm-lock.yaml,,brace-expansion,2.0.3,2.1.6,npm,,brace-expansion: DoS via uncontrolled recursion on nested brace groups causing stack exhaustion,3.0
TanStack/query,grype,GHSA-qhr7-859c-m2p7,High,/pnpm-lock.yaml,,brace-expansion,5.0.9,5.0.11,npm,,brace-expansion: DoS via uncontrolled recursion on nested brace groups causing stack exhaustion,3.0
TanStack/query,grype,GHSA-qp7p-654g-cw7p,Medium,/pnpm-lock.yaml,,hono,4.12.9,4.12.18,npm,,Hono has CSS Declaration Injection via Style Object Values in JSX SSR,2.0
TanStack/query,grype,GHSA-qw65-cvwx-89v3,High,/pnpm-lock.yaml,,fast-uri,3.1.0,3.1.7,npm,,fast-uri vulnerable to authority injection via an unvalidated port in serialize,3.0
TanStack/query,grype,GHSA-qx2v-qp2m-jg93,Medium,/pnpm-lock.yaml,,postcss,8.4.31,8.5.10,npm,,PostCSS has XSS via Unescaped </style> in its CSS Stringify Output,2.0
TanStack/query,grype,GHSA-qx2v-qp2m-jg93,Medium,/pnpm-lock.yaml,,postcss,8.5.8,8.5.10,npm,,PostCSS has XSS via Unescaped </style> in its CSS Stringify Output,2.0
TanStack/query,grype,GHSA-r28c-9q8g-f849,High,/pnpm-lock.yaml,,postcss,8.4.31,8.5.18,npm,,PostCSS: Path Traversal in Previous Source Map Auto-Loading (sourceMappingURL) leads to Arbitrary .map File Disclosure,3.0
TanStack/query,grype,GHSA-r28c-9q8g-f849,High,/pnpm-lock.yaml,,postcss,8.5.8,8.5.18,npm,,PostCSS: Path Traversal in Previous Source Map Auto-Loading (sourceMappingURL) leads to Arbitrary .map File Disclosure,3.0
TanStack/query,grype,GHSA-r292-9mhp-454m,High,/pnpm-lock.yaml,,tar,7.5.13,7.5.21,npm,,node-tar: Uncontrolled recursion in mapHas/filesFilter allows uncatchable stack-overflow DoS via crafted long-path tar with member selection,3.0
TanStack/query,grype,GHSA-r4gj-5m52-g5wh,High,/pnpm-lock.yaml,,axios,1.18.1,1.20.0,npm,,"Axios: maxRedirects: 0 is not enforced by the fetch adapter, allowing redirect-based SSRF",3.0
TanStack/query,grype,GHSA-r4xh-jqrq-34v2,Medium,/pnpm-lock.yaml,,smol-toml,1.6.1,1.9.0,npm,,smol-toml: Quadratic-time parse() from parseKey rescanning to end of document on each key line,2.0
TanStack/query,grype,GHSA-r4xh-jqrq-34v2,Medium,/pnpm-lock.yaml,,smol-toml,1.8.0,1.9.0,npm,,smol-toml: Quadratic-time parse() from parseKey rescanning to end of document on each key line,2.0
TanStack/query,grype,GHSA-r53p-7pc4-xj5r,Low,/pnpm-lock.yaml,,undici,7.24.6,7.29.1,npm,,undici vulnerable to downstream response splitting via retry interceptor,1.0
TanStack/query,grype,GHSA-r5fr-rjxr-66jc,High,/pnpm-lock.yaml,,lodash,4.17.21,4.18.0,npm,,lodash vulnerable to Code Injection via `_.template` imports key names,3.0
TanStack/query,grype,GHSA-r5rp-j6wh-rvv4,Medium,/pnpm-lock.yaml,,hono,4.12.9,4.12.12,npm,,Hono: Non-breaking space prefix bypass in cookie name handling in getCookie(),2.0
TanStack/query,grype,GHSA-rfgv-xxqx-mfg5,High,/pnpm-lock.yaml,,undici,7.24.6,7.29.1,npm,,undici vulnerable to Denial of Service via unrequested WebSocket subprotocol,3.0
TanStack/query,grype,GHSA-rgj7-g3m4-5g8c,High,/pnpm-lock.yaml,,sharp,0.34.5,0.35.4,npm,,sharp: Vulnerabilities in libheif: GHSA-g89c-p67h-r497 and GHSA-2jg2-4ch7-h545,3.0
TanStack/query,grype,GHSA-rgjc-h3x7-9mwg,High,/pnpm-lock.yaml,,@angular/core,20.3.18,20.3.25,npm,,Angular Client Hydration DOM Clobbering & Response-Cache Poisoning,3.0
TanStack/query,grype,GHSA-rgw5-rvv9-x895,High,/pnpm-lock.yaml,,brace-expansion,1.1.13,1.1.18,npm,,"brace-expansion: DoS via unbounded intermediate arrays, bypassing the CVE-2026-14257 mitigation",3.0
TanStack/query,grype,GHSA-rgw5-rvv9-x895,High,/pnpm-lock.yaml,,brace-expansion,2.0.3,2.1.4,npm,,"brace-expansion: DoS via unbounded intermediate arrays, bypassing the CVE-2026-14257 mitigation",3.0
TanStack/query,grype,GHSA-rj75-hqrm-r3gf,Medium,/pnpm-lock.yaml,,postcss-selector-parser,6.1.2,7.1.6,npm,,PostCSS: Quadratic complexity in flat selector parsing allows CPU exhaustion,2.0
TanStack/query,grype,GHSA-rpw4-54j3-4h4q,Medium,/pnpm-lock.yaml,,ip-address,10.1.0,10.5.1,npm,,"ip-address: Address6.isLinkLocal() recognizes fe80::/64 rather than fe80::/10, allowing SSRF and trust-boundary bypass to on-link hosts",2.0
TanStack/query,grype,GHSA-rv63-4mwf-qqc2,Medium,/pnpm-lock.yaml,,hono,4.12.9,4.12.25,npm,,hono: Body Limit Middleware can be bypassed on AWS Lambda by understating `Content-Length`,2.0
TanStack/query,grype,GHSA-rx4f-c7p8-82vq,Medium,/pnpm-lock.yaml,,undici,7.24.6,7.29.1,npm,,undici vulnerable to Denial of Service via WebSocketStream unclean close,2.0
TanStack/query,grype,GHSA-v2hh-gcrm-f6hx,High,/pnpm-lock.yaml,,fast-uri,3.1.0,3.1.4,npm,,fast-uri vulnerable to host confusion via literal backslash authority delimiter,3.0
TanStack/query,grype,GHSA-v2v4-37r5-5v8g,Medium,/pnpm-lock.yaml,,ip-address,10.1.0,10.1.1,npm,,ip-address has XSS in Address6 HTML-emitting methods,2.0
TanStack/query,grype,GHSA-v2wj-q39q-566r,High,/pnpm-lock.yaml,,vite,7.1.11,7.3.2,npm,,Vite: `server.fs.deny` bypassed with queries,3.0
TanStack/query,grype,GHSA-v39h-62p7-jpjc,High,/pnpm-lock.yaml,,fast-uri,3.1.0,3.1.2,npm,,fast-uri vulnerable to host confusion via percent-encoded authority delimiters,3.0
TanStack/query,grype,GHSA-v39p-96qg-c8rf,Medium,/pnpm-lock.yaml,,object-path,0.6.0,0.11.6,npm,,Prototype Pollution in object-path,2.0
TanStack/query,grype,GHSA-v3r7-h72x-cjcm,Medium,/pnpm-lock.yaml,,undici,7.24.6,7.29.0,npm,,undici vulnerable to cookie attribute injection via unsanitized domain and unparsed setCookie fields,2.0
TanStack/query,grype,GHSA-v422-hmwv-36x6,Low,/pnpm-lock.yaml,,body-parser,2.2.2,2.3.0,npm,,body-parser vulnerable to denial of service when invalid limit value silently disables size enforcement,1.0
TanStack/query,grype,GHSA-v56q-mh7h-f735,High,/pnpm-lock.yaml,,immutable,5.1.5,5.1.8,npm,,Immutable.js `List` 32-bit trie overflow → unrecoverable DoS,3.0
TanStack/query,grype,GHSA-v6wh-96g9-6wx3,Medium,/pnpm-lock.yaml,,vite,6.4.1,6.4.3,npm,,launch-editor: NTLMv2 hash disclosure via UNC path handling on Windows,2.0
TanStack/query,grype,GHSA-v6wh-96g9-6wx3,Medium,/pnpm-lock.yaml,,vite,7.1.11,7.3.5,npm,,launch-editor: NTLMv2 hash disclosure via UNC path handling on Windows,2.0
TanStack/query,grype,GHSA-vc2v-76pw-4v95,High,/pnpm-lock.yaml,,compression,1.8.1,1.8.2,npm,,compression vulnerable to Denial of Service via memory leak on premature response close,3.0
TanStack/query,grype,GHSA-vcc3-ghjq-m6fr,Medium,/pnpm-lock.yaml,,decode-uri-component,0.2.2,0.5.0,npm,,decode-uri-component: Denial of service via exponential decoding of malformed percent-encoded input,2.0
TanStack/query,grype,GHSA-vcvr-r3jv-pc5j,Critical,/pnpm-lock.yaml,,next,16.2.2,16.3.6,npm,,Next.js: Remote Code Execution in next/og ImageResponse,4.0
TanStack/query,grype,GHSA-vfj7-8cjw-p6xm,High,/pnpm-lock.yaml,,braces,2.3.2,,npm,,braces vulnerable to stack-exhaustion denial of service through deeply nested patterns,3.0
TanStack/query,grype,GHSA-vfj7-8cjw-p6xm,High,/pnpm-lock.yaml,,braces,3.0.3,,npm,,braces vulnerable to stack-exhaustion denial of service through deeply nested patterns,3.0
TanStack/query,grype,GHSA-vfv6-92ff-j949,Low,/pnpm-lock.yaml,,next,14.2.35,15.5.16,npm,,Next.js vulnerable to cache poisoning via collisions in React Server Component cache-busting,1.0
TanStack/query,grype,GHSA-vfv6-92ff-j949,Low,/pnpm-lock.yaml,,next,15.5.14,15.5.16,npm,,Next.js vulnerable to cache poisoning via collisions in React Server Component cache-busting,1.0
TanStack/query,grype,GHSA-vfv6-92ff-j949,Low,/pnpm-lock.yaml,,next,16.2.2,16.2.5,npm,,Next.js vulnerable to cache poisoning via collisions in React Server Component cache-busting,1.0
TanStack/query,grype,GHSA-vh66-26gq-q6x8,Medium,/pnpm-lock.yaml,,axios,1.18.1,1.20.0,npm,,Axios: Prototype pollution gadget in fetch adapter can alter outbound requests,2.0
TanStack/query,grype,GHSA-vmf3-w455-68vh,Medium,/pnpm-lock.yaml,,tar,7.5.13,7.5.16,npm,,"node-tar applies PAX size override to intermediary GNU long-name/long-link headers, causing tar parser interpretation differential (file smuggling)",2.0
TanStack/query,grype,GHSA-vmh5-mc38-953g,High,/pnpm-lock.yaml,,undici,7.24.6,7.28.0,npm,,undici vulnerable to TLS certificate validation bypass via dropped requestTls in SOCKS5 ProxyAgent,3.0
TanStack/query,grype,GHSA-vxpw-j846-p89q,High,/pnpm-lock.yaml,,undici,7.24.6,7.28.0,npm,,undici WebSocket client vulnerable to denial of service via fragment count bypass,3.0
TanStack/query,grype,GHSA-w293-vg96-wgc3,High,/pnpm-lock.yaml,,undici,7.24.6,7.29.1,npm,,undici vulnerable to TLS certificate validation bypass via dropped connect options in BalancedPool,3.0
TanStack/query,grype,GHSA-w2rr-34g9-rvrj,High,/pnpm-lock.yaml,,@xmldom/xmldom,0.8.12,0.8.14,npm,,xmldom: Element name injection via createElement() bypasses requireWellFormed,3.0
TanStack/query,grype,GHSA-w4pp-8pjf-rmxw,High,/pnpm-lock.yaml,,pacote,21.0.4,21.5.1,npm,,pacote is vulnerable to Denial of Service (DoS) via the addGitSha function,3.0
TanStack/query,grype,GHSA-w5hq-g745-h8pq,Medium,/pnpm-lock.yaml,,uuid,7.0.3,11.1.1,npm,,uuid: Missing buffer bounds check in v3/v5/v6 when buf is provided,2.0
TanStack/query,grype,GHSA-w5vr-8v7q-w6rv,Medium,/pnpm-lock.yaml,,baseline-browser-mapping,2.10.13,2.11.0,npm,,baseline-browser-mapping process termination on invalid input causes denial of service,2.0
TanStack/query,grype,GHSA-w62v-xxxg-mg59,Medium,/pnpm-lock.yaml,,hono,4.12.9,4.12.27,npm,,Hono: Server-Side XSS via JSX Escaping Bypass in cx() Utility,2.0
TanStack/query,grype,GHSA-w8wr-v893-vjvp,Medium,/pnpm-lock.yaml,,tar,7.5.13,7.5.18,npm,,node-tar: Process crash via PAX numeric path type confusion,2.0
TanStack/query,grype,GHSA-w9m9-85wc-3x92,Low,/pnpm-lock.yaml,,postcss-selector-parser,6.1.2,6.1.3,npm,,postcss-selector-parser allows denial of service through uncontrolled AST recursion,1.0
TanStack/query,grype,GHSA-wfc6-r584-vfw7,Medium,/pnpm-lock.yaml,,next,14.2.35,15.5.16,npm,,Next.js vulnerable to cache poisoning in React Server Component responses,2.0
TanStack/query,grype,GHSA-wfc6-r584-vfw7,Medium,/pnpm-lock.yaml,,next,15.5.14,15.5.16,npm,,Next.js vulnerable to cache poisoning in React Server Component responses,2.0
TanStack/query,grype,GHSA-wfc6-r584-vfw7,Medium,/pnpm-lock.yaml,,next,16.2.2,16.2.5,npm,,Next.js vulnerable to cache poisoning in React Server Component responses,2.0
TanStack/query,grype,GHSA-wgpf-jwqj-8h8p,Medium,/pnpm-lock.yaml,,hono,4.12.9,4.12.25,npm,,"hono: Lambda@Edge adapter keeps only the last value of a repeated request header, dropping the rest",2.0
TanStack/query,grype,GHSA-wmmm-f939-6g9c,Medium,/pnpm-lock.yaml,,hono,4.12.9,4.12.12,npm,,Hono: Middleware bypass via repeated slashes in serveStatic,2.0
TanStack/query,grype,GHSA-wq5f-xc86-pv6w,High,/pnpm-lock.yaml,,sharp,0.34.5,0.35.5,npm,,sharp : Vulnerability in librsvg dependency CVE-2026-96889,3.0
TanStack/query,grype,GHSA-wq5f-xc86-pv6w,High,/pnpm-lock.yaml,,sharp,0.35.4,0.35.5,npm,,sharp : Vulnerability in librsvg dependency CVE-2026-96889,3.0
TanStack/query,grype,GHSA-wr4h-v87w-p3r7,Medium,/pnpm-lock.yaml,,h3,1.15.3,1.15.6,npm,,h3 has a Path Traversal via Percent-Encoded Dot Segments in serveStatic Allows Arbitrary File Read,2.0
TanStack/query,grype,GHSA-wrjc-x8rr-h8h6,Medium,/pnpm-lock.yaml,,react-router,6.30.3,7.18.0,npm,,React Router: Open redirect via backslash in <Link> and useNavigate (CVE-2025-68470 bypass),2.0
TanStack/query,grype,GHSA-wwfh-h76j-fc44,Medium,/pnpm-lock.yaml,,hono,4.12.9,4.12.25,npm,,hono: Path traversal in `serve-static` on Windows via encoded backslash (`%5C`),2.0
TanStack/query,grype,GHSA-x4fp-j954-r2f4,High,/pnpm-lock.yaml,,@xmldom/xmldom,0.8.12,0.8.15,npm,,xmldom: End-tag Whitespace-Trim Regex ReDoS — quadratic backtracking in the 0.8.x end-tag parser,3.0
TanStack/query,grype,GHSA-x5fp-wj9c-mxmx,Medium,/pnpm-lock.yaml,,qs,6.15.0,6.16.0,npm,,qs array-limit bypass via bracket-key comma parsing,2.0
TanStack/query,grype,GHSA-x6wf-f3px-wcqx,High,/pnpm-lock.yaml,,@xmldom/xmldom,0.8.12,0.8.13,npm,,xmldom has XML node injection through unvalidated processing instruction serialization,3.0
TanStack/query,grype,GHSA-x97p-jq2g-jp4f,High,/pnpm-lock.yaml,,axios,1.18.1,1.20.0,npm,,Axios: Prototype Pollution Gadget in axios toFormData Options,3.0
TanStack/query,grype,GHSA-x9g3-xrwr-cwfg,High,/pnpm-lock.yaml,,piscina,5.1.3,5.2.0,npm,,piscina: Prototype Pollution Gadget → RCE via inherited options.filename,3.0
TanStack/query,grype,GHSA-xf4j-xp2r-rqqx,Medium,/pnpm-lock.yaml,,hono,4.12.9,4.12.12,npm,,Hono: Path traversal in toSSG() allows writing files outside the output directory,2.0
TanStack/query,grype,GHSA-xgjw-pm74-86q4,Medium,/pnpm-lock.yaml,,@sigstore/verify,3.1.0,3.1.1,npm,,sigstore-js has Insufficient Verification of Data Authenticity,2.0
TanStack/query,grype,GHSA-xgm2-5f3f-mvvc,Medium,/pnpm-lock.yaml,,hono,4.12.9,4.12.27,npm,,Hono: API Gateway v1 adapter can drop a distinct repeated request header value during de-duplication,2.0
TanStack/query,grype,GHSA-xpcf-pg52-r92g,Medium,/pnpm-lock.yaml,,hono,4.12.9,4.12.12,npm,,Hono has incorrect IP matching in ipRestriction() for IPv4-mapped IPv6 addresses,2.0
TanStack/query,grype,GHSA-xrhx-7g5j-rcj5,Medium,/pnpm-lock.yaml,,hono,4.12.9,4.12.21,npm,,Hono: IP Restriction bypasses static deny rules for non-canonical IPv6,2.0
TanStack/query,grype,GHSA-xvcm-6775-5m9r,High,/pnpm-lock.yaml,,immutable,5.1.5,5.1.8,npm,,Immutable: Hash-collision algorithmic complexity denial of service in Immutable.Map/Set,3.0
TanStack/query,grype,GHSA-xxjr-mmjv-4gpg,Medium,/pnpm-lock.yaml,,lodash,4.17.21,4.17.23,npm,,Lodash has Prototype Pollution Vulnerability in `_.unset` and `_.omit` functions,2.0
TanStack/ranger,grype,GHSA-23c5-xmqv-rm74,High,/pnpm-lock.yaml,,minimatch,9.0.3,9.0.7,npm,,minimatch ReDoS: nested *() extglobs generate catastrophically backtracking regular expressions,3.0
TanStack/ranger,grype,GHSA-2883-xcg3-v3hh,High,/pnpm-lock.yaml,,js-yaml,3.14.2,3.15.2,npm,,js-yaml: maxTotalMergeKeys does not limit CPU use for empty merge sources,3.0
TanStack/ranger,grype,GHSA-2883-xcg3-v3hh,High,/pnpm-lock.yaml,,js-yaml,4.1.1,4.3.2,npm,,js-yaml: maxTotalMergeKeys does not limit CPU use for empty merge sources,3.0
TanStack/ranger,grype,GHSA-28wg-ghj8-5hjv,High,/pnpm-lock.yaml,,nanoid,3.3.11,3.3.16,npm,,nanoid: non-secure generators can loop indefinitely with negative size,3.0
TanStack/ranger,grype,GHSA-28wg-ghj8-5hjv,High,/pnpm-lock.yaml,,nanoid,3.3.4,3.3.16,npm,,nanoid: non-secure generators can loop indefinitely with negative size,3.0
TanStack/ranger,grype,GHSA-2gqq-gqf2-x968,Low,/pnpm-lock.yaml,,undici,7.16.0,7.29.1,npm,,undici vulnerable to response truncation via oversized chunked responses in the dump interceptor,1.0
TanStack/ranger,grype,GHSA-2jfj-6hjv-fm6j,Medium,/pnpm-lock.yaml,,undici,7.16.0,7.29.1,npm,,undici vulnerable to cross-user cookie disclosure via Set-Cookie caching in shared caches,2.0
TanStack/ranger,grype,GHSA-2mjp-6q6p-2qxm,Medium,/pnpm-lock.yaml,,undici,7.16.0,7.24.0,npm,,Undici has an HTTP Request/Response Smuggling issue,2.0
TanStack/ranger,grype,GHSA-2v37-7h3g-55p8,High,/pnpm-lock.yaml,,nanoid,3.3.11,3.3.18,npm,,nanoid: custom generators can loop indefinitely when size is zero,3.0
TanStack/ranger,grype,GHSA-2v37-7h3g-55p8,High,/pnpm-lock.yaml,,nanoid,3.3.4,3.3.18,npm,,nanoid: custom generators can loop indefinitely when size is zero,3.0
TanStack/ranger,grype,GHSA-353f-5xf4-qw67,High,/pnpm-lock.yaml,,vite,3.2.5,3.2.7,npm,,Vite Server Options (server.fs.deny) can be bypassed using double forward-slash (//),3.0
TanStack/ranger,grype,GHSA-356w-63v5-8wf4,Medium,/pnpm-lock.yaml,,vite,3.2.5,4.5.13,npm,,Vite has an `server.fs.deny` bypass with an invalid `request-target`,2.0
TanStack/ranger,grype,GHSA-35jp-ww65-95wh,High,/pnpm-lock.yaml,,axios,1.13.2,1.16.0,npm,,axios Vulnerable to Full Man-in-the-Middle via Prototype Pollution Gadget in `config.proxy`,3.0
TanStack/ranger,grype,GHSA-35p6-xmwp-9g52,Low,/pnpm-lock.yaml,,undici,7.16.0,7.28.0,npm,,undici vulnerable to HTTP response queue poisoning via keep-alive socket reuse,1.0
TanStack/ranger,grype,GHSA-3g43-6gmg-66jw,High,/pnpm-lock.yaml,,axios,1.13.2,1.15.2,npm,,axios Vulnerable to Credential Theft and Response Hijacking via Prototype Pollution Gadget in Config Merge,3.0
TanStack/ranger,grype,GHSA-3jxr-9vmj-r5cp,High,/pnpm-lock.yaml,,brace-expansion,2.0.2,2.1.2,npm,,brace-expansion: DoS via exponential-time expansion of consecutive non-expanding {} groups,3.0
TanStack/ranger,grype,GHSA-3p68-rc4w-qgx5,Medium,/pnpm-lock.yaml,,axios,1.13.2,1.15.0,npm,,Axios has a NO_PROXY Hostname Normalization Bypass that Leads to SSRF,2.0
TanStack/ranger,grype,GHSA-3ppc-4f35-3m26,High,/pnpm-lock.yaml,,minimatch,9.0.3,9.0.6,npm,,minimatch has a ReDoS via repeated wildcards with non-matching literal in pattern,3.0
TanStack/ranger,grype,GHSA-3pq3-5fj3-cg6v,High,/pnpm-lock.yaml,,axios,1.13.2,1.20.0,npm,,Axios: HTTP/2 adapter bypasses configured DNS lookup and proxy controls,3.0
TanStack/ranger,grype,GHSA-3v7f-55p6-f55p,Medium,/pnpm-lock.yaml,,picomatch,2.3.1,2.3.2,npm,,Picomatch: Method Injection in POSIX Character Classes causes incorrect Glob Matching,2.0
TanStack/ranger,grype,GHSA-3v7f-55p6-f55p,Medium,/pnpm-lock.yaml,,picomatch,4.0.3,4.0.4,npm,,Picomatch: Method Injection in POSIX Character Classes causes incorrect Glob Matching,2.0
TanStack/ranger,grype,GHSA-3w6x-2g7m-8v23,Medium,/pnpm-lock.yaml,,axios,1.13.2,1.15.2,npm,,Axios: Invisible JSON Response Tampering via Prototype Pollution Gadget in `parseReviver`,2.0
TanStack/ranger,grype,GHSA-3xpg-4rpp-hhhm,Medium,/pnpm-lock.yaml,,undici,7.16.0,7.29.1,npm,,undici vulnerable to Denial of Service via unbounded decompression of compressed responses,2.0
TanStack/ranger,grype,GHSA-42h9-826w-cgv3,Medium,/pnpm-lock.yaml,,axios,1.13.2,1.18.0,npm,,Axios: Excessive recursion in formDataToJSON can cause denial of service,2.0
TanStack/ranger,grype,GHSA-43fc-jf86-j433,High,/pnpm-lock.yaml,,axios,1.13.2,1.13.5,npm,,Axios is Vulnerable to Denial of Service via __proto__ Key in mergeConfig,3.0
TanStack/ranger,grype,GHSA-445q-vr5w-6q77,Medium,/pnpm-lock.yaml,,axios,1.13.2,1.15.1,npm,,Axios: CRLF Injection in multipart/form-data body via unsanitized blob.type in formDataToStream,2.0
TanStack/ranger,grype,GHSA-48c2-rrv3-qjmp,Medium,/pnpm-lock.yaml,,yaml,2.8.2,2.8.3,npm,,yaml is vulnerable to Stack Overflow via deeply nested YAML collections,2.0
TanStack/ranger,grype,GHSA-4992-7rv2-5pvq,Medium,/pnpm-lock.yaml,,undici,7.16.0,7.24.0,npm,,Undici has CRLF Injection in undici via `upgrade` option,2.0
TanStack/ranger,grype,GHSA-4cwx-7wf7-3272,High,/pnpm-lock.yaml,,undici,7.16.0,7.29.0,npm,,undici vulnerable to cross-user information disclosure and parse-time crash via degenerate private cache directives,3.0
TanStack/ranger,grype,GHSA-4hqw-qxg8-jxx2,Medium,/pnpm-lock.yaml,,axios,1.13.2,1.20.0,npm,,Axios: Fetch Adapter Header Injection via Inherited FormData getHeaders,2.0
TanStack/ranger,grype,GHSA-4r4m-qw57-chr8,Medium,/pnpm-lock.yaml,,vite,3.2.5,4.5.11,npm,,Vite has a `server.fs.deny` bypassed for `inline` and `raw` with `?import` query,2.0
TanStack/ranger,grype,GHSA-4w7w-66w2-5vf9,Medium,/pnpm-lock.yaml,,vite,3.2.5,6.4.2,npm,,Vite Vulnerable to Path Traversal in Optimized Deps `.map` Handling,2.0
TanStack/ranger,grype,GHSA-4w7w-66w2-5vf9,Medium,/pnpm-lock.yaml,,vite,7.2.6,7.3.2,npm,,Vite Vulnerable to Path Traversal in Optimized Deps `.map` Handling,2.0
TanStack/ranger,grype,GHSA-4x5r-pxfx-6jf8,Low,/pnpm-lock.yaml,,@babel/core,7.20.12,7.29.6,npm,,@babel/core: Arbitrary File Read via sourceMappingURL Comment,1.0
TanStack/ranger,grype,GHSA-52cp-r559-cp3m,High,/pnpm-lock.yaml,,js-yaml,3.14.2,3.15.0,npm,,js-yaml: YAML merge-key chains can force quadratic CPU consumption,3.0
TanStack/ranger,grype,GHSA-52cp-r559-cp3m,High,/pnpm-lock.yaml,,js-yaml,4.1.1,4.3.0,npm,,js-yaml: YAML merge-key chains can force quadratic CPU consumption,3.0
TanStack/ranger,grype,GHSA-542g-h47m-68v8,High,/pnpm-lock.yaml,,axios,1.13.2,1.20.0,npm,,Axios: Denial of Service via Unhandled 'error' Event in HTTP/2 ClientHttp2Session Initialization,3.0
TanStack/ranger,grype,GHSA-5c9x-8gcm-mpgx,Medium,/pnpm-lock.yaml,,axios,1.13.2,1.15.1,npm,,Axios' HTTP adapter-streamed uploads bypass maxBodyLength when maxRedirects: 0,2.0
TanStack/ranger,grype,GHSA-5p4m-2wfm-xmqj,High,/pnpm-lock.yaml,,js-yaml,3.14.2,3.15.1,npm,,JS-YAML: Quadratic CPU consumption in !!omap resolution (3.x and 4.x) — CVE-2026-59870 fix not backported,3.0
TanStack/ranger,grype,GHSA-5p4m-2wfm-xmqj,High,/pnpm-lock.yaml,,js-yaml,4.1.1,4.3.1,npm,,JS-YAML: Quadratic CPU consumption in !!omap resolution (3.x and 4.x) — CVE-2026-59870 fix not backported,3.0
TanStack/ranger,grype,GHSA-5xrq-8626-4rwp,Critical,/pnpm-lock.yaml,,vitest,4.0.15,4.1.0,npm,,"When Vitest UI server is listening, arbitrary file can be read and executed",4.0
TanStack/ranger,grype,GHSA-62hf-57xw-28j9,Medium,/pnpm-lock.yaml,,axios,1.13.2,1.15.1,npm,,Axios: unbounded recursion in toFormData causes DoS via deeply nested request data,2.0
TanStack/ranger,grype,GHSA-64vr-g452-qvp3,Medium,/pnpm-lock.yaml,,vite,3.2.5,3.2.11,npm,,Vite DOM Clobbering gadget found in vite bundled scripts that leads to XSS,2.0
TanStack/ranger,grype,GHSA-67hx-6x53-jw92,Critical,/pnpm-lock.yaml,,@babel/traverse,7.20.13,7.23.2,npm,,Babel vulnerable to arbitrary code execution when compiling specifically crafted malicious code,4.0
TanStack/ranger,grype,GHSA-67mh-4wv8-2f99,Medium,/pnpm-lock.yaml,,esbuild,0.15.18,0.25.0,npm,,esbuild enables any website to send any requests to the development server and read the response,2.0
TanStack/ranger,grype,GHSA-68fv-2mgg-jv7q,High,/pnpm-lock.yaml,,source-map-js,1.0.2,1.2.2,npm,,source-map-js allows event-loop denial of service through indexed source-map section offsets,3.0
TanStack/ranger,grype,GHSA-68fv-2mgg-jv7q,High,/pnpm-lock.yaml,,source-map-js,1.2.1,1.2.2,npm,,source-map-js allows event-loop denial of service through indexed source-map section offsets,3.0
TanStack/ranger,grype,GHSA-6chq-wfr3-2hj9,High,/pnpm-lock.yaml,,axios,1.13.2,1.15.1,npm,,Axios: Header Injection via Prototype Pollution,3.0
TanStack/ranger,grype,GHSA-6g55-p6wh-862q,High,/pnpm-lock.yaml,,postcss,8.4.21,8.5.12,npm,,PostCSS: Arbitrary file read and information disclosure via attacker-controlled sourceMappingURL in CSS comments,3.0
TanStack/ranger,grype,GHSA-6g55-p6wh-862q,High,/pnpm-lock.yaml,,postcss,8.5.6,8.5.12,npm,,PostCSS: Arbitrary file read and information disclosure via attacker-controlled sourceMappingURL in CSS comments,3.0
TanStack/ranger,grype,GHSA-6j4f-fj2g-mc7p,High,/pnpm-lock.yaml,,brace-expansion,2.0.2,2.1.5,npm,,brace-expansion: DoS via uncontrolled recursion in parseCommaParts causing stack exhaustion,3.0
TanStack/ranger,grype,GHSA-73wf-gq98-2v4g,High,/pnpm-lock.yaml,,browserslist,4.21.4,4.28.7,npm,,Browserslist: Uncaught crash / prototype write via untrusted browserslist-stats.json custom stats (normalizeStats),3.0
TanStack/ranger,grype,GHSA-777c-7fjr-54vf,High,/pnpm-lock.yaml,,axios,1.13.2,1.16.0,npm,,Allocation of Resources Without Limits or Throttling in Axios,3.0
TanStack/ranger,grype,GHSA-7fh5-64p2-3v2j,Medium,/pnpm-lock.yaml,,postcss,8.4.21,8.4.31,npm,,PostCSS line return parsing error,2.0
TanStack/ranger,grype,GHSA-7q8q-rj6j-mhjq,Medium,/pnpm-lock.yaml,,axios,1.13.2,1.18.0,npm,,Axios: Nested axios option objects can consume polluted prototype values,2.0
TanStack/ranger,grype,GHSA-7r86-cg39-jmmj,High,/pnpm-lock.yaml,,minimatch,9.0.3,9.0.7,npm,,minimatch has ReDoS: matchOne() combinatorial backtracking via multiple non-adjacent GLOBSTAR segments,3.0
TanStack/ranger,grype,GHSA-7w5x-hrqm-74c2,High,/pnpm-lock.yaml,,smol-toml,1.5.2,1.7.1,npm,,smol-toml: Denial of Service via malformed TOML documents,3.0
TanStack/ranger,grype,GHSA-82fw-gwwq-j7x9,Medium,/pnpm-lock.yaml,,@vitest/mocker,4.0.15,4.1.11,npm,,Vitest: Path Traversal / Arbitrary File Read via @vitest/mocker Redirect Mock,2.0
TanStack/ranger,grype,GHSA-82fw-gwwq-j7x9,Medium,/pnpm-lock.yaml,,vitest,4.0.15,4.1.11,npm,,Vitest: Path Traversal / Arbitrary File Read via @vitest/mocker Redirect Mock,2.0
TanStack/ranger,grype,GHSA-8436-99hf-9mmv,Low,/pnpm-lock.yaml,,undici,7.16.0,7.29.1,npm,,undici vulnerable to caching and replay of unsafe HTTP method responses,1.0
TanStack/ranger,grype,GHSA-859w-5945-r5v3,Medium,/pnpm-lock.yaml,,vite,3.2.5,4.5.14,npm,,Vite's server.fs.deny bypassed with /. for files under project root,2.0
TanStack/ranger,grype,GHSA-898c-q2cr-xwhg,Medium,/pnpm-lock.yaml,,axios,1.13.2,1.16.0,npm,,axios has DoS & Header Injection via Prototype Pollution Read-Side Gadgets in axios merge functions,2.0
TanStack/ranger,grype,GHSA-8jhw-289h-jh2g,Medium,/pnpm-lock.yaml,,vite,3.2.5,3.2.10,npm,,Vite's `server.fs.deny` did not deny requests for patterns with directories.,2.0
TanStack/ranger,grype,GHSA-8xcm-r25x-g524,Medium,/pnpm-lock.yaml,,undici,7.16.0,7.29.0,npm,,undici vulnerable to downstream response desynchronization via retry interceptor,2.0
TanStack/ranger,grype,GHSA-968p-4wvh-cqc8,Medium,/pnpm-lock.yaml,,@babel/helpers,7.20.13,7.26.10,npm,,Babel has inefficient RegExp complexity in generated code with .replace when transpiling named capturing groups,2.0
TanStack/ranger,grype,GHSA-968p-4wvh-cqc8,Medium,/pnpm-lock.yaml,,@babel/runtime,7.20.13,7.26.10,npm,,Babel has inefficient RegExp complexity in generated code with .replace when transpiling named capturing groups,2.0
TanStack/ranger,grype,GHSA-9cwx-2883-4wfx,Medium,/pnpm-lock.yaml,,vite,3.2.5,3.2.11,npm,,Vite's `server.fs.deny` is bypassed when using `?import&raw`,2.0
TanStack/ranger,grype,GHSA-9fr6-4gfg-395g,Medium,/pnpm-lock.yaml,,axios,1.13.2,1.20.0,npm,,Axios: Prototype-Pollution Gadget in the Default Instance Allows Inherited Object.prototype.method to Override HTTP Method,2.0
TanStack/ranger,grype,GHSA-c24v-8rfc-w8vw,High,/pnpm-lock.yaml,,vite,3.2.5,3.2.8,npm,,Vite dev server option `server.fs.deny` can be bypassed when hosted on case-insensitive filesystem,3.0
TanStack/ranger,grype,GHSA-c27g-q93r-2cwf,High,/pnpm-lock.yaml,,vite,3.2.5,5.4.9,npm,,launch-editor vulnerable to command injection via the crafted request on Windows,3.0
TanStack/ranger,grype,GHSA-c2c7-rcm5-vvqj,High,/pnpm-lock.yaml,,picomatch,2.3.1,2.3.2,npm,,Picomatch has a ReDoS vulnerability via extglob quantifiers,3.0
TanStack/ranger,grype,GHSA-c2c7-rcm5-vvqj,High,/pnpm-lock.yaml,,picomatch,4.0.3,4.0.4,npm,,Picomatch has a ReDoS vulnerability via extglob quantifiers,3.0
TanStack/ranger,grype,GHSA-c2qf-rxjj-qqgw,High,/pnpm-lock.yaml,,semver,6.3.0,6.3.1,npm,,semver vulnerable to Regular Expression Denial of Service,3.0
TanStack/ranger,grype,GHSA-c83g-rgw3-j3cx,High,/pnpm-lock.yaml,,browserslist,4.21.4,4.28.7,npm,,"Browserslist: Unbounded memory growth (no cache eviction) via distinct query results, leading to eventual OOM",3.0
TanStack/ranger,grype,GHSA-f23m-r3pf-42rh,Medium,/pnpm-lock.yaml,,lodash,4.17.21,4.18.0,npm,,lodash vulnerable to Prototype Pollution via array path bypass in `_.unset` and `_.omit`,2.0
TanStack/ranger,grype,GHSA-f269-vfmq-vjvj,High,/pnpm-lock.yaml,,undici,7.16.0,7.24.0,npm,,Undici: Malicious WebSocket 64-bit length overflows parser and crashes the client,3.0
TanStack/ranger,grype,GHSA-f886-m6hf-6m8v,Medium,/pnpm-lock.yaml,,brace-expansion,2.0.2,2.0.3,npm,,brace-expansion: Zero-step sequence causes process hang and memory exhaustion,2.0
TanStack/ranger,grype,GHSA-fvcv-3m26-pcqx,Medium,/pnpm-lock.yaml,,axios,1.13.2,1.15.0,npm,,Axios has Unrestricted Cloud Metadata Exfiltration via Header Injection Chain,2.0
TanStack/ranger,grype,GHSA-fx2h-pf6j-xcff,High,/pnpm-lock.yaml,,vite,3.2.5,6.4.3,npm,,vite: `server.fs.deny` bypass on Windows alternate paths,3.0
TanStack/ranger,grype,GHSA-fx2h-pf6j-xcff,High,/pnpm-lock.yaml,,vite,7.2.6,7.3.5,npm,,vite: `server.fs.deny` bypass on Windows alternate paths,3.0
TanStack/ranger,grype,GHSA-fxqj-rqcc-2cmp,Medium,/pnpm-lock.yaml,,postcss,8.4.21,8.5.23,npm,,PostCSS: incomplete fix of GHSA-6g55-p6wh-862q — attacker-controlled sourceMappingURL reads arbitrary .map files when `from` is unset,2.0
TanStack/ranger,grype,GHSA-fxqj-rqcc-2cmp,Medium,/pnpm-lock.yaml,,postcss,8.5.6,8.5.23,npm,,PostCSS: incomplete fix of GHSA-6g55-p6wh-862q — attacker-controlled sourceMappingURL reads arbitrary .map files when `from` is unset,2.0
TanStack/ranger,grype,GHSA-g2r8-wvmj-jf5w,Medium,/pnpm-lock.yaml,,nx,22.1.3,22.7.2,npm,,`nx graph` dev server permissive CORS policy,2.0
TanStack/ranger,grype,GHSA-g4jq-h2w9-997c,Low,/pnpm-lock.yaml,,vite,3.2.5,5.4.20,npm,,Vite middleware may serve files starting with the same name with the public directory,1.0
TanStack/ranger,grype,GHSA-g8m3-5g58-fq7m,Low,/pnpm-lock.yaml,,undici,7.16.0,7.28.0,npm,,undici vulnerable to Set-Cookie SameSite attribute downgrade via permissive substring matching,1.0
TanStack/ranger,grype,GHSA-g9mf-h72j-4rw9,Medium,/pnpm-lock.yaml,,undici,7.16.0,7.18.2,npm,,Undici has an unbounded decompression chain in HTTP responses on Node.js Fetch API via Content-Encoding leads to resource exhaustion,2.0
TanStack/ranger,grype,GHSA-gcx4-mw62-g8wm,High,/pnpm-lock.yaml,,rollup,2.79.1,2.79.2,npm,,DOM Clobbering Gadget found in rollup bundled scripts that leads to XSS,3.0
TanStack/ranger,grype,GHSA-h67p-54hq-rp68,Medium,/pnpm-lock.yaml,,js-yaml,3.14.2,3.15.0,npm,,JS-YAML: Quadratic-complexity DoS in merge key handling via repeated aliases,2.0
TanStack/ranger,grype,GHSA-h67p-54hq-rp68,Medium,/pnpm-lock.yaml,,js-yaml,4.1.1,4.2.0,npm,,JS-YAML: Quadratic-complexity DoS in merge key handling via repeated aliases,2.0
TanStack/ranger,grype,GHSA-hfxv-24rg-xrqf,High,/pnpm-lock.yaml,,axios,1.13.2,1.16.0,npm,,Axios: Regular Expression Denial of Service (ReDoS) via Cookie Name Injection,3.0
TanStack/ranger,grype,GHSA-hmw2-7cc7-3qxx,High,/pnpm-lock.yaml,,form-data,4.0.5,4.0.6,npm,,form-data: CRLF injection in form-data via unescaped multipart field names and filenames,3.0
TanStack/ranger,grype,GHSA-hp3w-g68c-fv3c,Medium,/pnpm-lock.yaml,,sprintf-js,1.0.3,,npm,,sprintf-js vulnerable to denial of service through unbounded precision specifiers,2.0
TanStack/ranger,grype,GHSA-hrvq-x7jp-36xv,Medium,/pnpm-lock.yaml,,nx,22.1.3,22.7.10,npm,,Nx: Path traversal in nx migrate package-migrations extraction,2.0
TanStack/ranger,grype,GHSA-j5f8-grm9-p9fc,High,/pnpm-lock.yaml,,axios,1.13.2,1.16.0,npm,,Axios: Proxy-Authorization header leaks to redirect target when proxy is re-evaluated to direct connection,3.0
TanStack/ranger,grype,GHSA-j8rh-479h-cp32,Medium,/pnpm-lock.yaml,,axios,1.13.2,1.20.0,npm,,Axios: Header Injection via Inherited headers After Minimal Interceptor,2.0
TanStack/ranger,grype,GHSA-jqfw-vq24-v9c3,Low,/pnpm-lock.yaml,,vite,3.2.5,5.4.20,npm,,Vite's `server.fs` settings were not applied to HTML files,1.0
TanStack/ranger,grype,GHSA-jqh4-m9w3-8hp9,Medium,/pnpm-lock.yaml,,axios,1.13.2,1.18.0,npm,,Axios: Fetch adapter `ReadableStream` uploads bypass `maxBodyLength`,2.0
TanStack/ranger,grype,GHSA-jr45-8vmc-qm54,Medium,/pnpm-lock.yaml,,undici,7.16.0,7.29.0,npm,,undici vulnerable to cross-user information disclosure via whitespace around equals in Cache-Control directives,2.0
TanStack/ranger,grype,GHSA-m7pr-hjqh-92cm,Medium,/pnpm-lock.yaml,,axios,1.13.2,1.15.1,npm,,Axios: no_proxy bypass via IP alias allows SSRF,2.0
TanStack/ranger,grype,GHSA-m8rv-5g2x-5cg5,Medium,/pnpm-lock.yaml,,undici,7.16.0,7.29.0,npm,,undici vulnerable to CRLF Injection via blob-like body 'type' property,2.0
TanStack/ranger,grype,GHSA-mh99-v99m-4gvg,High,/pnpm-lock.yaml,,brace-expansion,2.0.2,2.1.3,npm,,brace-expansion: DoS via unbounded expansion length causing an out-of-memory process crash,3.0
TanStack/ranger,grype,GHSA-mmx7-hfxf-jppx,Medium,/pnpm-lock.yaml,,axios,1.13.2,1.18.0,npm,,Axios: Prototype pollution gadgets can alter axios request construction,2.0
TanStack/ranger,grype,GHSA-mw96-cpmx-2vgc,High,/pnpm-lock.yaml,,rollup,2.79.1,2.80.0,npm,,Rollup 4 has Arbitrary File Write via Path Traversal,3.0
TanStack/ranger,grype,GHSA-mw96-cpmx-2vgc,High,/pnpm-lock.yaml,,rollup,4.53.3,4.59.0,npm,,Rollup 4 has Arbitrary File Write via Path Traversal,3.0
TanStack/ranger,grype,GHSA-mwcw-c2x4-8c55,Medium,/pnpm-lock.yaml,,nanoid,3.3.4,3.3.8,npm,,Predictable results in nanoid generation when given non-integer values,2.0
TanStack/ranger,grype,GHSA-mwf2-3pr3-8698,Medium,/pnpm-lock.yaml,,axios,1.13.2,1.18.0,npm,,Axios: HTTP/2 streamed uploads bypass `maxBodyLength`,2.0
TanStack/ranger,grype,GHSA-p88m-4jfj-68fv,Medium,/pnpm-lock.yaml,,undici,7.16.0,7.28.0,npm,,undici vulnerable to HTTP header injection via Set-Cookie percent-decoding,2.0
TanStack/ranger,grype,GHSA-p92q-9vqr-4j8v,High,/pnpm-lock.yaml,,axios,1.13.2,1.16.0,npm,,Axios: Proxy-Authorization Credential Leak to Origin Server Across HTTP-to-HTTPS Redirect in Axios Node.js HTTP Adapter,3.0
TanStack/ranger,grype,GHSA-p9ff-h696-f583,High,/pnpm-lock.yaml,,vite,7.2.6,7.3.2,npm,,Vite Vulnerable to Arbitrary File Read via Vite Dev Server WebSocket,3.0
TanStack/ranger,grype,GHSA-pf86-5x62-jrwf,High,/pnpm-lock.yaml,,axios,1.13.2,1.15.1,npm,,"Axios: Prototype Pollution Gadgets - Response Tampering, Data Exfiltration, and Request Hijacking",3.0
TanStack/ranger,grype,GHSA-ph9p-34f9-6g65,High,/pnpm-lock.yaml,,tmp,0.2.5,0.2.6,npm,,tmp has Path Traversal via unsanitized prefix/postfix that enables directory escape,3.0
TanStack/ranger,grype,GHSA-pmjh-fq2x-6v4x,Medium,/pnpm-lock.yaml,,undici,7.16.0,7.29.1,npm,,undici vulnerable to Denial of Service via orphaned RetryHandler response body,2.0
TanStack/ranger,grype,GHSA-pmv8-rq9r-6j72,Medium,/pnpm-lock.yaml,,axios,1.13.2,1.18.0,npm,,Axios: Deep formToJSON Key Recursion Can Cause Denial of Service,2.0
TanStack/ranger,grype,GHSA-pmwg-cvhr-8vh7,High,/pnpm-lock.yaml,,axios,1.13.2,1.15.1,npm,,Axios: Incomplete Fix for CVE-2025-62718 — NO_PROXY Protection Bypassed via RFC 1122 Loopback Subnet (127.0.0.0/8) in Axios 1.15.0,3.0
TanStack/ranger,grype,GHSA-pr7r-676h-xcf6,Medium,/pnpm-lock.yaml,,undici,7.16.0,7.28.0,npm,,undici vulnerable to cross-user information disclosure via shared cache whitespace bypass,2.0
TanStack/ranger,grype,GHSA-px8p-9vwx-vf98,Medium,/pnpm-lock.yaml,,fflate,0.8.2,0.8.3,npm,,fflate unzipSync can enter an infinite loop when parsing malformed ZIP64 archives,2.0
TanStack/ranger,grype,GHSA-q2hr-2g5m-vwhr,Medium,/pnpm-lock.yaml,,brace-expansion,2.0.2,2.1.7,npm,,"brace-expansion: Quadratic-time expansion of the `{a},b}` rewrite causes CPU denial of service",2.0
TanStack/ranger,grype,GHSA-q8qp-cvcw-x6jj,High,/pnpm-lock.yaml,,axios,1.13.2,1.15.2,npm,,Axios has prototype pollution read-side gadgets in HTTP adapter that allow credential injection and request hijacking,3.0
TanStack/ranger,grype,GHSA-qhr7-859c-m2p7,High,/pnpm-lock.yaml,,brace-expansion,2.0.2,2.1.6,npm,,brace-expansion: DoS via uncontrolled recursion on nested brace groups causing stack exhaustion,3.0
TanStack/ranger,grype,GHSA-qx2v-qp2m-jg93,Medium,/pnpm-lock.yaml,,postcss,8.4.21,8.5.10,npm,,PostCSS has XSS via Unescaped </style> in its CSS Stringify Output,2.0
TanStack/ranger,grype,GHSA-qx2v-qp2m-jg93,Medium,/pnpm-lock.yaml,,postcss,8.5.6,8.5.10,npm,,PostCSS has XSS via Unescaped </style> in its CSS Stringify Output,2.0
TanStack/ranger,grype,GHSA-r28c-9q8g-f849,High,/pnpm-lock.yaml,,postcss,8.4.21,8.5.18,npm,,PostCSS: Path Traversal in Previous Source Map Auto-Loading (sourceMappingURL) leads to Arbitrary .map File Disclosure,3.0
TanStack/ranger,grype,GHSA-r28c-9q8g-f849,High,/pnpm-lock.yaml,,postcss,8.5.6,8.5.18,npm,,PostCSS: Path Traversal in Previous Source Map Auto-Loading (sourceMappingURL) leads to Arbitrary .map File Disclosure,3.0
TanStack/ranger,grype,GHSA-r4q5-vmmm-2653,Medium,/pnpm-lock.yaml,,follow-redirects,1.15.11,1.16.0,npm,,follow-redirects leaks Custom Authentication Headers to Cross-Domain Redirect Targets,2.0
TanStack/ranger,grype,GHSA-r4xh-jqrq-34v2,Medium,/pnpm-lock.yaml,,smol-toml,1.5.2,1.9.0,npm,,smol-toml: Quadratic-time parse() from parseKey rescanning to end of document on each key line,2.0
TanStack/ranger,grype,GHSA-r53p-7pc4-xj5r,Low,/pnpm-lock.yaml,,undici,7.16.0,7.29.1,npm,,undici vulnerable to downstream response splitting via retry interceptor,1.0
TanStack/ranger,grype,GHSA-r5fr-rjxr-66jc,High,/pnpm-lock.yaml,,lodash,4.17.21,4.18.0,npm,,lodash vulnerable to Code Injection via `_.template` imports key names,3.0
TanStack/ranger,grype,GHSA-rfgv-xxqx-mfg5,High,/pnpm-lock.yaml,,undici,7.16.0,7.29.1,npm,,undici vulnerable to Denial of Service via unrequested WebSocket subprotocol,3.0
TanStack/ranger,grype,GHSA-rgw5-rvv9-x895,High,/pnpm-lock.yaml,,brace-expansion,2.0.2,2.1.4,npm,,"brace-expansion: DoS via unbounded intermediate arrays, bypassing the CVE-2026-14257 mitigation",3.0
TanStack/ranger,grype,GHSA-rx4f-c7p8-82vq,Medium,/pnpm-lock.yaml,,undici,7.16.0,7.29.1,npm,,undici vulnerable to Denial of Service via WebSocketStream unclean close,2.0
TanStack/ranger,grype,GHSA-v2wj-q39q-566r,High,/pnpm-lock.yaml,,vite,7.2.6,7.3.2,npm,,Vite: `server.fs.deny` bypassed with queries,3.0
TanStack/ranger,grype,GHSA-v3r7-h72x-cjcm,Medium,/pnpm-lock.yaml,,undici,7.16.0,7.29.0,npm,,undici vulnerable to cookie attribute injection via unsanitized domain and unparsed setCookie fields,2.0
TanStack/ranger,grype,GHSA-v3rj-xjv7-4jmq,Medium,/pnpm-lock.yaml,,smol-toml,1.5.2,1.6.1,npm,,smol-toml: Denial of Service via TOML documents containing thousands of consecutive commented lines,2.0
TanStack/ranger,grype,GHSA-v6wh-96g9-6wx3,Medium,/pnpm-lock.yaml,,vite,3.2.5,6.4.3,npm,,launch-editor: NTLMv2 hash disclosure via UNC path handling on Windows,2.0
TanStack/ranger,grype,GHSA-v6wh-96g9-6wx3,Medium,/pnpm-lock.yaml,,vite,7.2.6,7.3.5,npm,,launch-editor: NTLMv2 hash disclosure via UNC path handling on Windows,2.0
TanStack/ranger,grype,GHSA-v9p9-hfj2-hcw8,High,/pnpm-lock.yaml,,undici,7.16.0,7.24.0,npm,,Undici has Unhandled Exception in WebSocket Client Due to Invalid server_max_window_bits Validation,3.0
TanStack/ranger,grype,GHSA-vf2m-468p-8v99,Medium,/pnpm-lock.yaml,,axios,1.13.2,1.15.1,npm,,Axios: HTTP adapter streamed responses bypass maxContentLength,2.0
TanStack/ranger,grype,GHSA-vfj7-8cjw-p6xm,High,/pnpm-lock.yaml,,braces,3.0.3,,npm,,braces vulnerable to stack-exhaustion denial of service through deeply nested patterns,3.0
TanStack/ranger,grype,GHSA-vg6x-rcgg-rjx6,Medium,/pnpm-lock.yaml,,vite,3.2.5,4.5.6,npm,,Websites were able to send any requests to the development server and read the response in vite,2.0
TanStack/ranger,grype,GHSA-vh66-26gq-q6x8,Medium,/pnpm-lock.yaml,,axios,1.13.2,1.20.0,npm,,Axios: Prototype pollution gadget in fetch adapter can alter outbound requests,2.0
TanStack/ranger,grype,GHSA-vp3h-ghgh-jr7g,High,/pnpm-lock.yaml,,nx,22.1.3,22.7.7,npm,,Nx: Zip-Slip in the self-hosted remote cache,3.0
TanStack/ranger,grype,GHSA-vrm6-8vpv-qv8q,High,/pnpm-lock.yaml,,undici,7.16.0,7.24.0,npm,,Undici has Unbounded Memory Consumption in WebSocket permessage-deflate Decompression,3.0
TanStack/ranger,grype,GHSA-vxpw-j846-p89q,High,/pnpm-lock.yaml,,undici,7.16.0,7.28.0,npm,,undici WebSocket client vulnerable to denial of service via fragment count bypass,3.0
TanStack/ranger,grype,GHSA-w2vw-w76x-qr89,High,/pnpm-lock.yaml,,nx,22.1.3,22.7.8,npm,,Nx: OS command injection via git revisions and remote refs,3.0
TanStack/ranger,grype,GHSA-w3vv-58gj-gw77,High,/pnpm-lock.yaml,,nx,22.1.3,22.7.9,npm,,Nx daemon and plugin worker sockets are accessible to other local users,3.0
TanStack/ranger,grype,GHSA-w9j2-pvgh-6h63,Medium,/pnpm-lock.yaml,,axios,1.13.2,1.15.1,npm,,Axios: Authentication Bypass via Prototype Pollution Gadget in `validateStatus` Merge Strategy,2.0
TanStack/ranger,grype,GHSA-x574-m823-4x7w,Medium,/pnpm-lock.yaml,,vite,3.2.5,4.5.10,npm,,Vite bypasses server.fs.deny when using ?raw??,2.0
TanStack/ranger,grype,GHSA-xcj6-pq6g-qj4x,Medium,/pnpm-lock.yaml,,vite,3.2.5,4.5.12,npm,,Vite allows server.fs.deny to be bypassed with .svg or relative paths,2.0
TanStack/ranger,grype,GHSA-xhjh-pmcv-23jw,Low,/pnpm-lock.yaml,,axios,1.13.2,1.15.1,npm,,Axios: Null Byte Injection via Reverse-Encoding in AxiosURLSearchParams,1.0
TanStack/ranger,grype,GHSA-xwg4-73v4-xw9w,High,/pnpm-lock.yaml,,nanoid,3.3.11,3.3.12,npm,,nanoid: Integer Overflow or Wraparound,3.0
TanStack/ranger,grype,GHSA-xwg4-73v4-xw9w,High,/pnpm-lock.yaml,,nanoid,3.3.4,3.3.12,npm,,nanoid: Integer Overflow or Wraparound,3.0
TanStack/ranger,grype,GHSA-xx6v-rp6x-q39c,Medium,/pnpm-lock.yaml,,axios,1.13.2,1.15.1,npm,,Axios: XSRF Token Cross-Origin Leakage via Prototype Pollution Gadget in `withXSRFToken` Boolean Coercion,2.0
TanStack/ranger,grype,GHSA-xxjr-mmjv-4gpg,Medium,/pnpm-lock.yaml,,lodash,4.17.21,4.17.23,npm,,Lodash has Prototype Pollution Vulnerability in `_.unset` and `_.omit` functions,2.0
TanStack/react-charts,grype,GHSA-2328-f5f3-gj25,High,/examples/simple/yarn.lock,,node-forge,0.9.0,1.4.0,npm,,Forge has a basicConstraints bypass in its certificate chain verification (RFC 5280 violation),3.0
TanStack/react-charts,grype,GHSA-257v-vj4p-3w2h,Medium,/docs/yarn.lock,,color-string,1.5.3,1.5.5,npm,,Regular Expression Denial of Service (ReDOS),2.0
TanStack/react-charts,grype,GHSA-257v-vj4p-3w2h,Medium,/examples/simple/yarn.lock,,color-string,1.5.3,1.5.5,npm,,Regular Expression Denial of Service (ReDOS),2.0
TanStack/react-charts,grype,GHSA-25mp-g6fv-mqxx,High,/docs/yarn.lock,,next,9.4.4,11.1.3,npm,,Unexpected server crash in Next.js.,3.0
TanStack/react-charts,grype,GHSA-2883-xcg3-v3hh,High,/docs/yarn.lock,,js-yaml,3.14.0,3.15.2,npm,,js-yaml: maxTotalMergeKeys does not limit CPU use for empty merge sources,3.0
TanStack/react-charts,grype,GHSA-2g4f-4pwh-qvx6,Medium,/docs/yarn.lock,,ajv,6.12.3,6.14.0,npm,,ajv has ReDoS when using `$data` option,2.0
TanStack/react-charts,grype,GHSA-2p49-hgcm-8545,High,/docs/yarn.lock,,svgo,1.3.2,2.8.3,npm,,SVGO removeScripts plugin leaves some executable scripts intact,3.0
TanStack/react-charts,grype,GHSA-2p49-hgcm-8545,High,/examples/simple/yarn.lock,,svgo,1.3.2,2.8.3,npm,,SVGO removeScripts plugin leaves some executable scripts intact,3.0
TanStack/react-charts,grype,GHSA-2p57-rm9w-gvfp,High,/examples/simple/yarn.lock,,ip,1.1.5,,npm,,ip SSRF improper categorization in isPublic,3.0
TanStack/react-charts,grype,GHSA-2r2c-g63r-vccr,Medium,/examples/simple/yarn.lock,,node-forge,0.9.0,1.3.0,npm,,Improper Verification of Cryptographic Signature in `node-forge`,2.0
TanStack/react-charts,grype,GHSA-35jh-r3h4-6jhm,High,/docs/yarn.lock,,lodash.template,4.5.0,,npm,,Command Injection in lodash,3.0
TanStack/react-charts,grype,GHSA-35jh-r3h4-6jhm,High,/examples/simple/yarn.lock,,lodash.template,4.5.0,,npm,,Command Injection in lodash,3.0
TanStack/react-charts,grype,GHSA-36jr-mh4h-2g58,High,/examples/simple/yarn.lock,,d3-color,1.4.1,3.1.0,npm,,d3-color vulnerable to ReDoS,3.0
TanStack/react-charts,grype,GHSA-36jr-mh4h-2g58,High,/examples/simple/yarn.lock,,d3-color,2.0.0,3.1.0,npm,,d3-color vulnerable to ReDoS,3.0
TanStack/react-charts,grype,GHSA-378v-28hj-76wf,Medium,/docs/yarn.lock,,bn.js,4.11.9,4.12.3,npm,,bn.js affected by an infinite loop,2.0
TanStack/react-charts,grype,GHSA-378v-28hj-76wf,Medium,/docs/yarn.lock,,bn.js,5.1.2,5.2.3,npm,,bn.js affected by an infinite loop,2.0
TanStack/react-charts,grype,GHSA-378v-28hj-76wf,Medium,/examples/simple/yarn.lock,,bn.js,4.11.8,4.12.3,npm,,bn.js affected by an infinite loop,2.0
TanStack/react-charts,grype,GHSA-37ch-88jc-xwx2,High,/examples/simple/yarn.lock,,path-to-regexp,0.1.7,0.1.13,npm,,path-to-regexp vulnerable to Regular Expression Denial of Service via multiple route parameters,3.0
TanStack/react-charts,grype,GHSA-3949-f494-cm99,High,/docs/yarn.lock,,prismjs,1.20.0,1.27.0,npm,,Cross-site Scripting in Prism,3.0
TanStack/react-charts,grype,GHSA-394c-5j6w-4xmx,High,/docs/yarn.lock,,ua-parser-js,0.7.21,0.7.23,npm,,ua-parser-js Regular Expression Denial of Service vulnerability,3.0
TanStack/react-charts,grype,GHSA-395f-4hp3-45gv,High,/docs/yarn.lock,,shell-quote,1.7.2,1.9.0,npm,,shell-quote: Quadratic-complexity Denial of Service in `parse()` (CWE-407),3.0
TanStack/react-charts,grype,GHSA-395f-4hp3-45gv,High,/examples/simple/yarn.lock,,shell-quote,1.6.1,1.9.0,npm,,shell-quote: Quadratic-complexity Denial of Service in `parse()` (CWE-407),3.0
TanStack/react-charts,grype,GHSA-395f-4hp3-45gv,High,/examples/simple/yarn.lock,,shell-quote,1.7.2,1.9.0,npm,,shell-quote: Quadratic-complexity Denial of Service in `parse()` (CWE-407),3.0
TanStack/react-charts,grype,GHSA-3rfm-jhwj-7488,High,/docs/yarn.lock,,loader-utils,1.2.3,1.4.2,npm,,loader-utils is vulnerable to Regular Expression Denial of Service (ReDoS) via url variable,3.0
TanStack/react-charts,grype,GHSA-3rfm-jhwj-7488,High,/docs/yarn.lock,,loader-utils,1.4.0,1.4.2,npm,,loader-utils is vulnerable to Regular Expression Denial of Service (ReDoS) via url variable,3.0
TanStack/react-charts,grype,GHSA-3rfm-jhwj-7488,High,/docs/yarn.lock,,loader-utils,2.0.0,2.0.4,npm,,loader-utils is vulnerable to Regular Expression Denial of Service (ReDoS) via url variable,3.0
TanStack/react-charts,grype,GHSA-3rfm-jhwj-7488,High,/examples/simple/yarn.lock,,loader-utils,1.2.3,1.4.2,npm,,loader-utils is vulnerable to Regular Expression Denial of Service (ReDoS) via url variable,3.0
TanStack/react-charts,grype,GHSA-3rfm-jhwj-7488,High,/examples/simple/yarn.lock,,loader-utils,1.4.0,1.4.2,npm,,loader-utils is vulnerable to Regular Expression Denial of Service (ReDoS) via url variable,3.0
TanStack/react-charts,grype,GHSA-3wcq-x3mq-6r9p,High,/examples/simple/yarn.lock,,dns-packet,1.3.1,1.3.2,npm,,Potential memory exposure in dns-packet,3.0
TanStack/react-charts,grype,GHSA-3xgq-45jj-v275,High,/docs/yarn.lock,,cross-spawn,5.1.0,6.0.6,npm,,Regular Expression Denial of Service (ReDoS) in cross-spawn,3.0
TanStack/react-charts,grype,GHSA-3xgq-45jj-v275,High,/docs/yarn.lock,,cross-spawn,6.0.5,6.0.6,npm,,Regular Expression Denial of Service (ReDoS) in cross-spawn,3.0
TanStack/react-charts,grype,GHSA-3xgq-45jj-v275,High,/docs/yarn.lock,,cross-spawn,7.0.3,7.0.5,npm,,Regular Expression Denial of Service (ReDoS) in cross-spawn,3.0
TanStack/react-charts,grype,GHSA-4342-x723-ch2f,Medium,/docs/yarn.lock,,next,9.4.4,14.2.32,npm,,Next.js Improper Middleware Redirect Handling Leads to SSRF,2.0
TanStack/react-charts,grype,GHSA-434g-2637-qmqr,Low,/docs/yarn.lock,,elliptic,6.5.3,6.5.6,npm,,Elliptic's verify function omits uniqueness validation,1.0
TanStack/react-charts,grype,GHSA-434g-2637-qmqr,Low,/examples/simple/yarn.lock,,elliptic,6.5.2,6.5.6,npm,,Elliptic's verify function omits uniqueness validation,1.0
TanStack/react-charts,grype,GHSA-43f8-2h32-f4cj,Medium,/docs/yarn.lock,,hosted-git-info,2.8.8,2.8.9,npm,,Regular Expression Denial of Service in hosted-git-info,2.0
TanStack/react-charts,grype,GHSA-44c6-4v22-4mhx,High,/docs/yarn.lock,,semver-regex,2.0.0,3.1.3,npm,,semver-regex Regular Expression Denial of Service (ReDOS),3.0
TanStack/react-charts,grype,GHSA-44c6-4v22-4mhx,High,/docs/yarn.lock,,semver-regex,3.1.1,3.1.3,npm,,semver-regex Regular Expression Denial of Service (ReDOS),3.0
TanStack/react-charts,grype,GHSA-477h-4r7f-fvrx,Medium,/docs/yarn.lock,,pbkdf2,3.1.1,3.1.7,npm,,"pbkdf2 rehashes long passwords on every iteration, enabling denial of service",2.0
TanStack/react-charts,grype,GHSA-477h-4r7f-fvrx,Medium,/examples/simple/yarn.lock,,pbkdf2,3.0.17,3.1.7,npm,,"pbkdf2 rehashes long passwords on every iteration, enabling denial of service",2.0
TanStack/react-charts,grype,GHSA-48c2-rrv3-qjmp,Medium,/docs/yarn.lock,,yaml,1.10.0,1.10.3,npm,,yaml is vulnerable to Stack Overflow via deeply nested YAML collections,2.0
TanStack/react-charts,grype,GHSA-48c2-rrv3-qjmp,Medium,/examples/simple/yarn.lock,,yaml,1.7.2,1.10.3,npm,,yaml is vulnerable to Stack Overflow via deeply nested YAML collections,2.0
TanStack/react-charts,grype,GHSA-49q7-c7j4-3p7m,Low,/docs/yarn.lock,,elliptic,6.5.3,6.5.7,npm,,Elliptic allows BER-encoded signatures,1.0
TanStack/react-charts,grype,GHSA-49q7-c7j4-3p7m,Low,/examples/simple/yarn.lock,,elliptic,6.5.2,6.5.7,npm,,Elliptic allows BER-encoded signatures,1.0
TanStack/react-charts,grype,GHSA-4gmj-3p3h-gm8h,Low,/docs/yarn.lock,,es5-ext,0.10.53,0.10.63,npm,,es5-ext vulnerable to Regular Expression Denial of Service in `function#copy` and `function#toStringTokens`,1.0
TanStack/react-charts,grype,GHSA-4gmj-3p3h-gm8h,Low,/examples/simple/yarn.lock,,es5-ext,0.10.53,0.10.63,npm,,es5-ext vulnerable to Regular Expression Denial of Service in `function#copy` and `function#toStringTokens`,1.0
TanStack/react-charts,grype,GHSA-4mjr-xmp4-gh2g,Medium,/docs/yarn.lock,,qs,6.5.2,6.16.0,npm,,qs: Denial of Service via Attacker Controlled isBuffer,2.0
TanStack/react-charts,grype,GHSA-4rq4-32rv-6wp6,High,/docs/yarn.lock,,shelljs,0.8.4,0.8.5,npm,,Improper Privilege Management in shelljs,3.0
TanStack/react-charts,grype,GHSA-4v9v-hfq4-rm2v,Medium,/examples/simple/yarn.lock,,webpack-dev-server,3.11.0,5.2.1,npm,,webpack-dev-server users' source code may be stolen when they access a malicious web site,2.0
TanStack/react-charts,grype,GHSA-4vpr-x523-8j87,Medium,/docs/yarn.lock,,svgo,1.3.2,2.8.4,npm,,SVGO: removeScripts incompletely sanitizes executable HTML in SVG foreignObject elements,2.0
TanStack/react-charts,grype,GHSA-4vpr-x523-8j87,Medium,/examples/simple/yarn.lock,,svgo,1.3.2,2.8.4,npm,,SVGO: removeScripts incompletely sanitizes executable HTML in SVG foreignObject elements,2.0
TanStack/react-charts,grype,GHSA-4wf5-vphf-c2xc,High,/docs/yarn.lock,,terser,4.6.13,4.8.1,npm,,Terser insecure use of regular expressions leads to ReDoS,3.0
TanStack/react-charts,grype,GHSA-4wf5-vphf-c2xc,High,/docs/yarn.lock,,terser,4.8.0,4.8.1,npm,,Terser insecure use of regular expressions leads to ReDoS,3.0
TanStack/react-charts,grype,GHSA-4wf5-vphf-c2xc,High,/examples/simple/yarn.lock,,terser,4.6.4,4.8.1,npm,,Terser insecure use of regular expressions leads to ReDoS,3.0
TanStack/react-charts,grype,GHSA-4wf5-vphf-c2xc,High,/examples/simple/yarn.lock,,terser,4.8.0,4.8.1,npm,,Terser insecure use of regular expressions leads to ReDoS,3.0
TanStack/react-charts,grype,GHSA-4x5v-gmq8-25ch,Low,/docs/yarn.lock,,semver-regex,2.0.0,3.1.4,npm,,Regular expression denial of service in semver-regex,1.0
TanStack/react-charts,grype,GHSA-4x5v-gmq8-25ch,Low,/docs/yarn.lock,,semver-regex,3.1.1,3.1.4,npm,,Regular expression denial of service in semver-regex,1.0
TanStack/react-charts,grype,GHSA-52cp-r559-cp3m,High,/docs/yarn.lock,,js-yaml,3.14.0,3.15.0,npm,,js-yaml: YAML merge-key chains can force quadratic CPU consumption,3.0
TanStack/react-charts,grype,GHSA-554w-wpv2-vw27,High,/examples/simple/yarn.lock,,node-forge,0.9.0,1.3.2,npm,,node-forge has ASN.1 Unbounded Recursion,3.0
TanStack/react-charts,grype,GHSA-566m-qj78-rww5,Medium,/docs/yarn.lock,,postcss,6.0.23,7.0.36,npm,,Regular Expression Denial of Service in postcss,2.0
TanStack/react-charts,grype,GHSA-566m-qj78-rww5,Medium,/docs/yarn.lock,,postcss,7.0.21,7.0.36,npm,,Regular Expression Denial of Service in postcss,2.0
TanStack/react-charts,grype,GHSA-566m-qj78-rww5,Medium,/docs/yarn.lock,,postcss,7.0.29,7.0.36,npm,,Regular Expression Denial of Service in postcss,2.0
TanStack/react-charts,grype,GHSA-566m-qj78-rww5,Medium,/docs/yarn.lock,,postcss,7.0.32,7.0.36,npm,,Regular Expression Denial of Service in postcss,2.0
TanStack/react-charts,grype,GHSA-566m-qj78-rww5,Medium,/examples/simple/yarn.lock,,postcss,7.0.21,7.0.36,npm,,Regular Expression Denial of Service in postcss,2.0
TanStack/react-charts,grype,GHSA-566m-qj78-rww5,Medium,/examples/simple/yarn.lock,,postcss,7.0.27,7.0.36,npm,,Regular Expression Denial of Service in postcss,2.0
TanStack/react-charts,grype,GHSA-566m-qj78-rww5,Medium,/examples/simple/yarn.lock,,postcss,7.0.32,7.0.36,npm,,Regular Expression Denial of Service in postcss,2.0
TanStack/react-charts,grype,GHSA-5c6j-r48x-rmvq,High,/docs/yarn.lock,,serialize-javascript,3.1.0,7.0.3,npm,,Serialize JavaScript is Vulnerable to RCE via RegExp.flags and Date.prototype.toISOString(),3.0
TanStack/react-charts,grype,GHSA-5c6j-r48x-rmvq,High,/examples/simple/yarn.lock,,serialize-javascript,4.0.0,7.0.3,npm,,Serialize JavaScript is Vulnerable to RCE via RegExp.flags and Date.prototype.toISOString(),3.0
TanStack/react-charts,grype,GHSA-5gfm-wpxj-wjgq,High,/examples/simple/yarn.lock,,node-forge,0.9.0,1.3.2,npm,,node-forge has an Interpretation Conflict vulnerability via its ASN.1 Validator Desynchronization,3.0
TanStack/react-charts,grype,GHSA-5m6q-g25r-mvwx,High,/examples/simple/yarn.lock,,node-forge,0.9.0,1.4.0,npm,,Forge has Denial of Service via Infinite Loop in BigInteger.modInverse() with Zero Input,3.0
TanStack/react-charts,grype,GHSA-5p4m-2wfm-xmqj,High,/docs/yarn.lock,,js-yaml,3.14.0,3.15.1,npm,,JS-YAML: Quadratic CPU consumption in !!omap resolution (3.x and 4.x) — CVE-2026-59870 fix not backported,3.0
TanStack/react-charts,grype,GHSA-5q6m-3h65-w53x,Medium,/examples/simple/yarn.lock,,react-dev-utils,10.2.1,11.0.4,npm,,react-dev-utils OS Command Injection in function `getProcessForPort`,2.0
TanStack/react-charts,grype,GHSA-5q6m-3h65-w53x,Medium,/examples/simple/yarn.lock,,react-dev-utils,7.0.5,11.0.4,npm,,react-dev-utils OS Command Injection in function `getProcessForPort`,2.0
TanStack/react-charts,grype,GHSA-5rrq-pxf6-6jx5,Low,/examples/simple/yarn.lock,,node-forge,0.9.0,1.0.0,npm,,Prototype Pollution in node-forge debug API.,1.0
TanStack/react-charts,grype,GHSA-64g7-mvw6-v9qj,Medium,/docs/yarn.lock,,shelljs,0.8.4,0.8.5,npm,,Improper Privilege Management in shelljs,2.0
TanStack/react-charts,grype,GHSA-64mm-vxmg-q3vj,Medium,/examples/simple/yarn.lock,,http-proxy-middleware,0.19.1,2.0.10,npm,,http-proxy-middleware `router` host+path substring matching allows Host-header-driven backend routing bypass,2.0
TanStack/react-charts,grype,GHSA-65ch-62r8-g69g,Medium,/examples/simple/yarn.lock,,node-forge,0.9.0,1.3.2,npm,,node-forge is vulnerable to ASN.1 OID Integer Truncation,2.0
TanStack/react-charts,grype,GHSA-662x-fhqg-9p8v,High,/docs/yarn.lock,,ua-parser-js,0.7.21,0.7.22,npm,,Regular Expression Denial of Service in ua-parser-js,3.0
TanStack/react-charts,grype,GHSA-6g55-p6wh-862q,High,/docs/yarn.lock,,postcss,6.0.23,8.5.12,npm,,PostCSS: Arbitrary file read and information disclosure via attacker-controlled sourceMappingURL in CSS comments,3.0
TanStack/react-charts,grype,GHSA-6g55-p6wh-862q,High,/docs/yarn.lock,,postcss,7.0.21,8.5.12,npm,,PostCSS: Arbitrary file read and information disclosure via attacker-controlled sourceMappingURL in CSS comments,3.0
TanStack/react-charts,grype,GHSA-6g55-p6wh-862q,High,/docs/yarn.lock,,postcss,7.0.29,8.5.12,npm,,PostCSS: Arbitrary file read and information disclosure via attacker-controlled sourceMappingURL in CSS comments,3.0
TanStack/react-charts,grype,GHSA-6g55-p6wh-862q,High,/docs/yarn.lock,,postcss,7.0.32,8.5.12,npm,,PostCSS: Arbitrary file read and information disclosure via attacker-controlled sourceMappingURL in CSS comments,3.0
TanStack/react-charts,grype,GHSA-6g55-p6wh-862q,High,/examples/simple/yarn.lock,,postcss,7.0.21,8.5.12,npm,,PostCSS: Arbitrary file read and information disclosure via attacker-controlled sourceMappingURL in CSS comments,3.0
TanStack/react-charts,grype,GHSA-6g55-p6wh-862q,High,/examples/simple/yarn.lock,,postcss,7.0.27,8.5.12,npm,,PostCSS: Arbitrary file read and information disclosure via attacker-controlled sourceMappingURL in CSS comments,3.0
TanStack/react-charts,grype,GHSA-6g55-p6wh-862q,High,/examples/simple/yarn.lock,,postcss,7.0.32,8.5.12,npm,,PostCSS: Arbitrary file read and information disclosure via attacker-controlled sourceMappingURL in CSS comments,3.0
TanStack/react-charts,grype,GHSA-6h5x-7c5m-7cr7,Critical,/examples/simple/yarn.lock,,eventsource,1.0.7,1.1.1,npm,,Exposure of Sensitive Information in eventsource,4.0
TanStack/react-charts,grype,GHSA-6rw7-vpxm-498p,Medium,/docs/yarn.lock,,qs,6.5.2,6.14.1,npm,,qs's arrayLimit bypass in its bracket notation allows DoS via memory exhaustion,2.0
TanStack/react-charts,grype,GHSA-6x33-pw7p-hmpq,High,/examples/simple/yarn.lock,,http-proxy,1.18.0,1.18.1,npm,,Denial of Service in http-proxy,3.0
TanStack/react-charts,grype,GHSA-72xf-g2v4-qvf3,Medium,/docs/yarn.lock,,tough-cookie,2.5.0,4.1.3,npm,,tough-cookie Prototype Pollution vulnerability,2.0
TanStack/react-charts,grype,GHSA-74fj-2j2h-c42q,High,/examples/simple/yarn.lock,,follow-redirects,1.10.0,1.14.7,npm,,Exposure of sensitive information in follow-redirects,3.0
TanStack/react-charts,grype,GHSA-76c9-3jph-rj3q,Low,/examples/simple/yarn.lock,,on-headers,1.0.2,1.1.0,npm,,on-headers is vulnerable to http response header manipulation,1.0
TanStack/react-charts,grype,GHSA-76p3-8jx3-jpfq,Critical,/docs/yarn.lock,,loader-utils,1.2.3,1.4.1,npm,,Prototype pollution in webpack loader-utils,4.0
TanStack/react-charts,grype,GHSA-76p3-8jx3-jpfq,Critical,/docs/yarn.lock,,loader-utils,1.4.0,1.4.1,npm,,Prototype pollution in webpack loader-utils,4.0
TanStack/react-charts,grype,GHSA-76p3-8jx3-jpfq,Critical,/docs/yarn.lock,,loader-utils,2.0.0,2.0.3,npm,,Prototype pollution in webpack loader-utils,4.0
TanStack/react-charts,grype,GHSA-76p3-8jx3-jpfq,Critical,/examples/simple/yarn.lock,,loader-utils,1.2.3,1.4.1,npm,,Prototype pollution in webpack loader-utils,4.0
TanStack/react-charts,grype,GHSA-76p3-8jx3-jpfq,Critical,/examples/simple/yarn.lock,,loader-utils,1.4.0,1.4.1,npm,,Prototype pollution in webpack loader-utils,4.0
TanStack/react-charts,grype,GHSA-78cj-fxph-m83p,High,/docs/yarn.lock,,ua-parser-js,0.7.21,0.7.24,npm,,Regular Expression Denial of Service (ReDoS) in ua-parser-js,3.0
TanStack/react-charts,grype,GHSA-78xj-cgh5-2h22,Low,/examples/simple/yarn.lock,,ip,1.1.5,1.1.9,npm,,NPM IP package incorrectly identifies some private IP addresses as public,1.0
TanStack/react-charts,grype,GHSA-79cf-xcqc-c78w,Medium,/examples/simple/yarn.lock,,webpack-dev-server,3.11.0,5.2.4,npm,,webpack-dev-server vulnerable to cross-origin source code exposure on non-HTTPS origins,2.0
TanStack/react-charts,grype,GHSA-7fh5-64p2-3v2j,Medium,/docs/yarn.lock,,postcss,6.0.23,8.4.31,npm,,PostCSS line return parsing error,2.0
TanStack/react-charts,grype,GHSA-7fh5-64p2-3v2j,Medium,/docs/yarn.lock,,postcss,7.0.21,8.4.31,npm,,PostCSS line return parsing error,2.0
TanStack/react-charts,grype,GHSA-7fh5-64p2-3v2j,Medium,/docs/yarn.lock,,postcss,7.0.29,8.4.31,npm,,PostCSS line return parsing error,2.0
TanStack/react-charts,grype,GHSA-7fh5-64p2-3v2j,Medium,/docs/yarn.lock,,postcss,7.0.32,8.4.31,npm,,PostCSS line return parsing error,2.0
TanStack/react-charts,grype,GHSA-7fh5-64p2-3v2j,Medium,/examples/simple/yarn.lock,,postcss,7.0.21,8.4.31,npm,,PostCSS line return parsing error,2.0
TanStack/react-charts,grype,GHSA-7fh5-64p2-3v2j,Medium,/examples/simple/yarn.lock,,postcss,7.0.27,8.4.31,npm,,PostCSS line return parsing error,2.0
TanStack/react-charts,grype,GHSA-7fh5-64p2-3v2j,Medium,/examples/simple/yarn.lock,,postcss,7.0.32,8.4.31,npm,,PostCSS line return parsing error,2.0
TanStack/react-charts,grype,GHSA-7p7h-4mm5-852v,High,/docs/yarn.lock,,trim-newlines,1.0.0,3.0.1,npm,,Uncontrolled Resource Consumption in trim-newlines,3.0
TanStack/react-charts,grype,GHSA-7r28-3m3f-r2pr,High,/docs/yarn.lock,,is-svg,3.0.0,4.2.2,npm,,Regular Expression Denial of Service (ReDoS),3.0
TanStack/react-charts,grype,GHSA-7r28-3m3f-r2pr,High,/examples/simple/yarn.lock,,is-svg,3.0.0,4.2.2,npm,,Regular Expression Denial of Service (ReDoS),3.0
TanStack/react-charts,grype,GHSA-848j-6mx2-7j84,Low,/docs/yarn.lock,,elliptic,6.5.3,,npm,,Elliptic Uses a Cryptographic Primitive with a Risky Implementation,1.0
TanStack/react-charts,grype,GHSA-848j-6mx2-7j84,Low,/examples/simple/yarn.lock,,elliptic,6.5.2,,npm,,Elliptic Uses a Cryptographic Primitive with a Risky Implementation,1.0
TanStack/react-charts,grype,GHSA-86w9-cpqp-85rv,High,/examples/simple/yarn.lock,,node-forge,0.9.0,,npm,,node-forge RSA PKCS#1 v1.5 signature verification accepts extra nested DigestAlgorithm elements,3.0
TanStack/react-charts,grype,GHSA-896r-f27r-55mw,Critical,/docs/yarn.lock,,json-schema,0.2.3,0.4.0,npm,,json-schema is vulnerable to Prototype Pollution,4.0
TanStack/react-charts,grype,GHSA-8fr3-hfg3-gpgp,Medium,/examples/simple/yarn.lock,,node-forge,0.9.0,1.0.0,npm,,Open Redirect in node-forge,2.0
TanStack/react-charts,grype,GHSA-8v38-pw62-9cw2,Medium,/examples/simple/yarn.lock,,url-parse,1.4.7,1.5.7,npm,,url-parse Incorrectly parses URLs that include an '@',2.0
TanStack/react-charts,grype,GHSA-8v63-cqqc-6r2c,High,/docs/yarn.lock,,object-path,0.11.4,0.11.8,npm,,Prototype Pollution in object-path,3.0
TanStack/react-charts,grype,GHSA-8v63-cqqc-6r2c,High,/examples/simple/yarn.lock,,object-path,0.11.4,0.11.8,npm,,Prototype Pollution in object-path,3.0
TanStack/react-charts,grype,GHSA-92xj-mqp7-vmcj,High,/examples/simple/yarn.lock,,node-forge,0.9.0,0.10.0,npm,,Prototype Pollution in node-forge,3.0
TanStack/react-charts,grype,GHSA-93q8-gq69-wqmw,High,/docs/yarn.lock,,ansi-regex,5.0.0,5.0.1,npm,,Inefficient Regular Expression Complexity in chalk/ansi-regex,3.0
TanStack/react-charts,grype,GHSA-952p-6rrq-rcjv,Medium,/docs/yarn.lock,,micromatch,3.1.10,4.0.8,npm,,Regular Expression Denial of Service (ReDoS) in micromatch,2.0
TanStack/react-charts,grype,GHSA-952p-6rrq-rcjv,Medium,/docs/yarn.lock,,micromatch,4.0.2,4.0.8,npm,,Regular Expression Denial of Service (ReDoS) in micromatch,2.0
TanStack/react-charts,grype,GHSA-95m3-7q98-8xr5,Critical,/docs/yarn.lock,,sha.js,2.4.11,2.4.12,npm,,sha.js is missing type checks leading to hash rewind and passing on crafted data,4.0
TanStack/react-charts,grype,GHSA-95m3-7q98-8xr5,Critical,/examples/simple/yarn.lock,,sha.js,2.4.11,2.4.12,npm,,sha.js is missing type checks leading to hash rewind and passing on crafted data,4.0
TanStack/react-charts,grype,GHSA-968p-4wvh-cqc8,Medium,/docs/yarn.lock,,@babel/runtime,7.10.4,7.26.10,npm,,Babel has inefficient RegExp complexity in generated code with .replace when transpiling named capturing groups,2.0
TanStack/react-charts,grype,GHSA-968p-4wvh-cqc8,Medium,/docs/yarn.lock,,@babel/runtime,7.9.0,7.26.10,npm,,Babel has inefficient RegExp complexity in generated code with .replace when transpiling named capturing groups,2.0
TanStack/react-charts,grype,GHSA-968p-4wvh-cqc8,Medium,/docs/yarn.lock,,@babel/runtime,7.9.6,7.26.10,npm,,Babel has inefficient RegExp complexity in generated code with .replace when transpiling named capturing groups,2.0
TanStack/react-charts,grype,GHSA-968p-4wvh-cqc8,Medium,/examples/simple/yarn.lock,,@babel/runtime,7.11.2,7.26.10,npm,,Babel has inefficient RegExp complexity in generated code with .replace when transpiling named capturing groups,2.0
TanStack/react-charts,grype,GHSA-968p-4wvh-cqc8,Medium,/examples/simple/yarn.lock,,@babel/runtime,7.14.8,7.26.10,npm,,Babel has inefficient RegExp complexity in generated code with .replace when transpiling named capturing groups,2.0
TanStack/react-charts,grype,GHSA-968p-4wvh-cqc8,Medium,/examples/simple/yarn.lock,,@babel/runtime,7.8.4,7.26.10,npm,,Babel has inefficient RegExp complexity in generated code with .replace when transpiling named capturing groups,2.0
TanStack/react-charts,grype,GHSA-968p-4wvh-cqc8,Medium,/examples/simple/yarn.lock,,@babel/runtime,7.9.0,7.26.10,npm,,Babel has inefficient RegExp complexity in generated code with .replace when transpiling named capturing groups,2.0
TanStack/react-charts,grype,GHSA-968p-4wvh-cqc8,Medium,/yarn.lock,,@babel/runtime,7.14.6,7.26.10,npm,,Babel has inefficient RegExp complexity in generated code with .replace when transpiling named capturing groups,2.0
TanStack/react-charts,grype,GHSA-977x-g7h5-7qgw,Low,/docs/yarn.lock,,elliptic,6.5.3,6.5.7,npm,,Elliptic's ECDSA missing check for whether leading bit of r and s is zero,1.0
TanStack/react-charts,grype,GHSA-977x-g7h5-7qgw,Low,/examples/simple/yarn.lock,,elliptic,6.5.2,6.5.7,npm,,Elliptic's ECDSA missing check for whether leading bit of r and s is zero,1.0
TanStack/react-charts,grype,GHSA-9jgg-88mc-972h,Medium,/examples/simple/yarn.lock,,webpack-dev-server,3.11.0,5.2.1,npm,,webpack-dev-server users' source code may be stolen when they access a malicious web site with non-Chromium based browser,2.0
TanStack/react-charts,grype,GHSA-9m6j-fcg5-2442,Medium,/examples/simple/yarn.lock,,url-parse,1.4.7,1.5.0,npm,,Path traversal in url-parse,2.0
TanStack/react-charts,grype,GHSA-9wv6-86v2-598j,High,/examples/simple/yarn.lock,,path-to-regexp,0.1.7,0.1.10,npm,,path-to-regexp outputs backtracking regular expressions,3.0
TanStack/react-charts,grype,GHSA-9wv6-86v2-598j,High,/examples/simple/yarn.lock,,path-to-regexp,2.2.1,3.3.0,npm,,path-to-regexp outputs backtracking regular expressions,3.0
TanStack/react-charts,grype,GHSA-c4w7-xm78-47vh,High,/docs/yarn.lock,,y18n,4.0.0,4.0.1,npm,,Prototype Pollution in y18n,3.0
TanStack/react-charts,grype,GHSA-c59h-r6p8-q9wc,Low,/docs/yarn.lock,,next,9.4.4,13.4.20-canary.13,npm,,Next.js missing cache-control header may lead to CDN caching empty reply,1.0
TanStack/react-charts,grype,GHSA-c7qv-q95q-8v27,High,/examples/simple/yarn.lock,,http-proxy-middleware,0.19.1,2.0.7,npm,,Denial of service in http-proxy-middleware,3.0
TanStack/react-charts,grype,GHSA-cfm4-qjh2-4765,High,/examples/simple/yarn.lock,,node-forge,0.9.0,1.3.0,npm,,Improper Verification of Cryptographic Signature in node-forge,3.0
TanStack/react-charts,grype,GHSA-ch52-4w7c-c8xp,High,/docs/yarn.lock,,http-cache-semantics,3.8.1,,npm,,http-cache-semantics max-stale handling can disclose cross-user cached responses,3.0
TanStack/react-charts,grype,GHSA-cm22-4g7w-348p,Low,/examples/simple/yarn.lock,,serve-static,1.14.1,1.16.0,npm,,serve-static vulnerable to template injection that can lead to XSS,1.0
TanStack/react-charts,grype,GHSA-cpq7-6gpm-g9rc,Critical,/docs/yarn.lock,,cipher-base,1.0.4,1.0.5,npm,,"cipher-base is missing type checks, leading to hash rewind and passing on crafted data",4.0
TanStack/react-charts,grype,GHSA-cpq7-6gpm-g9rc,Critical,/examples/simple/yarn.lock,,cipher-base,1.0.4,1.0.5,npm,,"cipher-base is missing type checks, leading to hash rewind and passing on crafted data",4.0
TanStack/react-charts,grype,GHSA-cwx2-736x-mf6w,High,/docs/yarn.lock,,object-path,0.11.4,0.11.5,npm,,Prototype pollution in object-path,3.0
TanStack/react-charts,grype,GHSA-cwx2-736x-mf6w,High,/examples/simple/yarn.lock,,object-path,0.11.4,0.11.5,npm,,Prototype pollution in object-path,3.0
TanStack/react-charts,grype,GHSA-cxjh-pqwp-8mfp,Medium,/examples/simple/yarn.lock,,follow-redirects,1.10.0,1.15.6,npm,,follow-redirects' Proxy-Authorization header kept across hosts,2.0
TanStack/react-charts,grype,GHSA-f5vj-f2hx-8m93,Medium,/examples/simple/yarn.lock,,webpack-dev-server,3.11.0,5.2.6,npm,,webpack-dev-server vulnerable to cross-site request forgery via internal developer endpoints,2.0
TanStack/react-charts,grype,GHSA-f7q4-pwc6-w24p,Low,/docs/yarn.lock,,elliptic,6.5.3,6.5.7,npm,,Elliptic's EDDSA missing signature length check,1.0
TanStack/react-charts,grype,GHSA-f7q4-pwc6-w24p,Low,/examples/simple/yarn.lock,,elliptic,6.5.2,6.5.7,npm,,Elliptic's EDDSA missing signature length check,1.0
TanStack/react-charts,grype,GHSA-fc9h-whq2-v747,Low,/docs/yarn.lock,,elliptic,6.5.3,6.6.0,npm,,Valid ECDSA signatures erroneously rejected in Elliptic,1.0
TanStack/react-charts,grype,GHSA-fc9h-whq2-v747,Low,/examples/simple/yarn.lock,,elliptic,6.5.2,6.6.0,npm,,Valid ECDSA signatures erroneously rejected in Elliptic,1.0
TanStack/react-charts,grype,GHSA-fjxv-7rqg-78g4,Critical,/docs/yarn.lock,,form-data,2.3.3,2.5.4,npm,,form-data uses unsafe random function in form-data for choosing boundary,4.0
TanStack/react-charts,grype,GHSA-fwr7-v2mv-hh25,High,/examples/simple/yarn.lock,,async,2.6.3,2.6.4,npm,,Prototype Pollution in async,3.0
TanStack/react-charts,grype,GHSA-fxqj-rqcc-2cmp,Medium,/docs/yarn.lock,,postcss,6.0.23,8.5.23,npm,,PostCSS: incomplete fix of GHSA-6g55-p6wh-862q — attacker-controlled sourceMappingURL reads arbitrary .map files when `from` is unset,2.0
TanStack/react-charts,grype,GHSA-fxqj-rqcc-2cmp,Medium,/docs/yarn.lock,,postcss,7.0.21,8.5.23,npm,,PostCSS: incomplete fix of GHSA-6g55-p6wh-862q — attacker-controlled sourceMappingURL reads arbitrary .map files when `from` is unset,2.0
TanStack/react-charts,grype,GHSA-fxqj-rqcc-2cmp,Medium,/docs/yarn.lock,,postcss,7.0.29,8.5.23,npm,,PostCSS: incomplete fix of GHSA-6g55-p6wh-862q — attacker-controlled sourceMappingURL reads arbitrary .map files when `from` is unset,2.0
TanStack/react-charts,grype,GHSA-fxqj-rqcc-2cmp,Medium,/docs/yarn.lock,,postcss,7.0.32,8.5.23,npm,,PostCSS: incomplete fix of GHSA-6g55-p6wh-862q — attacker-controlled sourceMappingURL reads arbitrary .map files when `from` is unset,2.0
TanStack/react-charts,grype,GHSA-fxqj-rqcc-2cmp,Medium,/examples/simple/yarn.lock,,postcss,7.0.21,8.5.23,npm,,PostCSS: incomplete fix of GHSA-6g55-p6wh-862q — attacker-controlled sourceMappingURL reads arbitrary .map files when `from` is unset,2.0
TanStack/react-charts,grype,GHSA-fxqj-rqcc-2cmp,Medium,/examples/simple/yarn.lock,,postcss,7.0.27,8.5.23,npm,,PostCSS: incomplete fix of GHSA-6g55-p6wh-862q — attacker-controlled sourceMappingURL reads arbitrary .map files when `from` is unset,2.0
TanStack/react-charts,grype,GHSA-fxqj-rqcc-2cmp,Medium,/examples/simple/yarn.lock,,postcss,7.0.32,8.5.23,npm,,PostCSS: incomplete fix of GHSA-6g55-p6wh-862q — attacker-controlled sourceMappingURL reads arbitrary .map files when `from` is unset,2.0
TanStack/react-charts,grype,GHSA-g4rg-993r-mgx7,Critical,/docs/yarn.lock,,shell-quote,1.7.2,1.7.3,npm,,Improper Neutralization of Special Elements used in a Command in Shell-quote,4.0
TanStack/react-charts,grype,GHSA-g4rg-993r-mgx7,Critical,/examples/simple/yarn.lock,,shell-quote,1.7.2,1.7.3,npm,,Improper Neutralization of Special Elements used in a Command in Shell-quote,4.0
TanStack/react-charts,grype,GHSA-g5qg-72qw-gw5v,Medium,/docs/yarn.lock,,next,9.4.4,14.2.31,npm,,Next.js Affected by Cache Key Confusion for Image Optimization API Routes,2.0
TanStack/react-charts,grype,GHSA-g84c-rxfj-3j2c,High,/examples/simple/yarn.lock,,webpack-dev-middleware,3.7.2,7.4.6,npm,,webpack-dev-middleware vulnerable to Path Traversal via non-slash-terminated publicPath,3.0
TanStack/react-charts,grype,GHSA-gf8q-jrpm-jvxq,Low,/examples/simple/yarn.lock,,node-forge,0.9.0,1.0.0,npm,,URL parsing in node-forge could lead to undesired behavior.,1.0
TanStack/react-charts,grype,GHSA-gj77-59wh-66hg,High,/docs/yarn.lock,,prismjs,1.20.0,1.24.0,npm,,Regular Expression Denial of Service (ReDoS) in Prism,3.0
TanStack/react-charts,grype,GHSA-h39j-r5qq-r9mm,Medium,/docs/yarn.lock,,decompress,4.2.1,,npm,,decompress: Arbitrary File Write via Archive Extraction (Zip Slip),2.0
TanStack/react-charts,grype,GHSA-h4hr-7fg3-h35w,High,/docs/yarn.lock,,prismjs,1.20.0,1.23.0,npm,,Denial of service in prismjs,3.0
TanStack/react-charts,grype,GHSA-h67p-54hq-rp68,Medium,/docs/yarn.lock,,js-yaml,3.14.0,3.15.0,npm,,JS-YAML: Quadratic-complexity DoS in merge key handling via repeated aliases,2.0
TanStack/react-charts,grype,GHSA-h7cp-r72f-jxh6,Critical,/docs/yarn.lock,,pbkdf2,3.1.1,3.1.3,npm,,pbkdf2 returns predictable uninitialized/zero-filled memory for non-normalized or unimplemented algos,4.0
TanStack/react-charts,grype,GHSA-h7cp-r72f-jxh6,Critical,/examples/simple/yarn.lock,,pbkdf2,3.0.17,3.1.3,npm,,pbkdf2 returns predictable uninitialized/zero-filled memory for non-normalized or unimplemented algos,4.0
TanStack/react-charts,grype,GHSA-hgjh-723h-mx2j,Critical,/examples/simple/yarn.lock,,url-parse,1.4.7,1.5.8,npm,,Authorization Bypass Through User-Controlled Key in url-parse,4.0
TanStack/react-charts,grype,GHSA-hh27-ffr2-f2jc,Medium,/examples/simple/yarn.lock,,url-parse,1.4.7,1.5.2,npm,,Open redirect in url-parse,2.0
TanStack/react-charts,grype,GHSA-hhq3-ff78-jv3g,High,/docs/yarn.lock,,loader-utils,1.2.3,1.4.2,npm,,loader-utils is vulnerable to Regular Expression Denial of Service (ReDoS),3.0
TanStack/react-charts,grype,GHSA-hhq3-ff78-jv3g,High,/docs/yarn.lock,,loader-utils,1.4.0,1.4.2,npm,,loader-utils is vulnerable to Regular Expression Denial of Service (ReDoS),3.0
TanStack/react-charts,grype,GHSA-hhq3-ff78-jv3g,High,/docs/yarn.lock,,loader-utils,2.0.0,2.0.4,npm,,loader-utils is vulnerable to Regular Expression Denial of Service (ReDoS),3.0
TanStack/react-charts,grype,GHSA-hhq3-ff78-jv3g,High,/examples/simple/yarn.lock,,loader-utils,1.2.3,1.4.2,npm,,loader-utils is vulnerable to Regular Expression Denial of Service (ReDoS),3.0
TanStack/react-charts,grype,GHSA-hhq3-ff78-jv3g,High,/examples/simple/yarn.lock,,loader-utils,1.4.0,1.4.2,npm,,loader-utils is vulnerable to Regular Expression Denial of Service (ReDoS),3.0
TanStack/react-charts,grype,GHSA-hmw2-7cc7-3qxx,High,/docs/yarn.lock,,form-data,2.3.3,2.5.6,npm,,form-data: CRLF injection in form-data via unescaped multipart field names and filenames,3.0
TanStack/react-charts,grype,GHSA-hp3w-g68c-fv3c,Medium,/docs/yarn.lock,,sprintf-js,1.0.3,,npm,,sprintf-js vulnerable to denial of service through unbounded precision specifiers,2.0
TanStack/react-charts,grype,GHSA-hqhp-5p83-hx96,Medium,/docs/yarn.lock,,prismjs,1.20.0,1.25.0,npm,,prismjs Regular Expression Denial of Service vulnerability,2.0
TanStack/react-charts,grype,GHSA-hrh2-vp3x-79xf,Critical,/docs/yarn.lock,,decompress,4.2.1,,npm,,@xhmikosr/decompress: Path traversal via symlink chain,4.0
TanStack/react-charts,grype,GHSA-hrpp-h998-j3pp,High,/docs/yarn.lock,,qs,6.5.2,6.5.3,npm,,qs vulnerable to Prototype Pollution,3.0
TanStack/react-charts,grype,GHSA-hwj9-h5mp-3pm3,Medium,/docs/yarn.lock,,postcss,7.0.21,7.0.36,npm,,Regular Expression Denial of Service in postcss,2.0
TanStack/react-charts,grype,GHSA-hwj9-h5mp-3pm3,Medium,/docs/yarn.lock,,postcss,7.0.29,7.0.36,npm,,Regular Expression Denial of Service in postcss,2.0
TanStack/react-charts,grype,GHSA-hwj9-h5mp-3pm3,Medium,/docs/yarn.lock,,postcss,7.0.32,7.0.36,npm,,Regular Expression Denial of Service in postcss,2.0
TanStack/react-charts,grype,GHSA-hwj9-h5mp-3pm3,Medium,/examples/simple/yarn.lock,,postcss,7.0.21,7.0.36,npm,,Regular Expression Denial of Service in postcss,2.0
TanStack/react-charts,grype,GHSA-hwj9-h5mp-3pm3,Medium,/examples/simple/yarn.lock,,postcss,7.0.27,7.0.36,npm,,Regular Expression Denial of Service in postcss,2.0
TanStack/react-charts,grype,GHSA-hwj9-h5mp-3pm3,Medium,/examples/simple/yarn.lock,,postcss,7.0.32,7.0.36,npm,,Regular Expression Denial of Service in postcss,2.0
TanStack/react-charts,grype,GHSA-jchw-25xp-jwwc,Medium,/examples/simple/yarn.lock,,follow-redirects,1.10.0,1.15.4,npm,,Follow Redirects improperly handles URLs in the url.parse() function,2.0
TanStack/react-charts,grype,GHSA-jf5r-8hm2-f872,Medium,/examples/simple/yarn.lock,,url-parse,1.4.7,1.5.9,npm,,url-parse incorrectly parses hostname / protocol due to unstripped leading control characters.,2.0
TanStack/react-charts,grype,GHSA-jqcg-44mw-7w3h,Critical,/examples/simple/yarn.lock,,proxy-addr,2.0.6,2.0.8,npm,,proxy-addr vulnerable to IP spoofing via IPv4-mapped IPv6 trust subnet,4.0
TanStack/react-charts,grype,GHSA-jrvm-mcxc-mf6m,Medium,/docs/yarn.lock,,dom-iterator,1.0.0,1.0.1,npm,,dom-iterator code execution vulnerability,2.0
TanStack/react-charts,grype,GHSA-jwp9-9v96-94mx,Medium,/docs/yarn.lock,,decompress,4.2.1,,npm,,decompress allows arbitrary hardlink creation during archive extraction,2.0
TanStack/react-charts,grype,GHSA-m28w-2pqf-7qgj,Medium,/examples/simple/yarn.lock,,webpack-dev-server,3.11.0,5.2.6,npm,,webpack-dev-server vulnerable to denial of service via a malformed Host or Origin header,2.0
TanStack/react-charts,grype,GHSA-m6fv-jmcg-4jfg,Low,/examples/simple/yarn.lock,,send,0.17.1,0.19.0,npm,,send vulnerable to template injection that can lead to XSS,1.0
TanStack/react-charts,grype,GHSA-mh29-5h37-fv8m,Medium,/docs/yarn.lock,,js-yaml,3.14.0,3.14.2,npm,,js-yaml has prototype pollution in merge (<<),2.0
TanStack/react-charts,grype,GHSA-mp2f-45pm-3cg9,Critical,/docs/yarn.lock,,decompress,4.2.1,,npm,,Decompress: Archive extraction can create files and links outside of the target directory,4.0
TanStack/react-charts,grype,GHSA-mp7j-qc5w-4988,Medium,/examples/simple/yarn.lock,,websocket-driver,0.6.5,0.7.5,npm,,websocket-driver: Resource limit bypass via message compression,2.0
TanStack/react-charts,grype,GHSA-mp7j-qc5w-4988,Medium,/examples/simple/yarn.lock,,websocket-driver,0.7.3,0.7.5,npm,,websocket-driver: Resource limit bypass via message compression,2.0
TanStack/react-charts,grype,GHSA-mx8g-39q3-5c79,Medium,/examples/simple/yarn.lock,,webpack-dev-server,3.11.0,5.2.5,npm,,webpack-dev-server vulnerable to HMR WebSocket interception via permissive user proxies,2.0
TanStack/react-charts,grype,GHSA-p8p7-x288-28g6,Medium,/docs/yarn.lock,,request,2.88.2,,npm,,Server-Side Request Forgery in Request,2.0
TanStack/react-charts,grype,GHSA-pfrx-2q88-qq97,Medium,/docs/yarn.lock,,got,7.1.0,11.8.5,npm,,Got allows a redirect to a UNIX socket,2.0
TanStack/react-charts,grype,GHSA-pfrx-2q88-qq97,Medium,/docs/yarn.lock,,got,8.3.2,11.8.5,npm,,Got allows a redirect to a UNIX socket,2.0
TanStack/react-charts,grype,GHSA-pp7h-53gx-mx7r,Medium,/docs/yarn.lock,,bl,1.2.2,1.2.3,npm,,Remote Memory Exposure in bl,2.0
TanStack/react-charts,grype,GHSA-ppp5-5v6c-4jwp,High,/examples/simple/yarn.lock,,node-forge,0.9.0,1.4.0,npm,,Forge has signature forgery in RSA-PKCS due to ASN.1 extra field,3.0
TanStack/react-charts,grype,GHSA-pw2r-vq6v-hr8c,Medium,/examples/simple/yarn.lock,,follow-redirects,1.10.0,1.14.8,npm,,Exposure of Sensitive Information to an Unauthorized Actor in follow-redirects,2.0
TanStack/react-charts,grype,GHSA-pxg6-pf52-xh8x,Low,/examples/simple/yarn.lock,,cookie,0.4.0,0.7.0,npm,,"cookie accepts cookie name, path, and domain with out of bounds characters",1.0
TanStack/react-charts,grype,GHSA-q67f-28xg-22rw,High,/examples/simple/yarn.lock,,node-forge,0.9.0,1.4.0,npm,,Forge has signature forgery in Ed25519 due to missing S > L check,3.0
TanStack/react-charts,grype,GHSA-qpjv-v59x-3qc4,Low,/docs/yarn.lock,,next,9.4.4,14.2.24,npm,,Next.js Race Condition to Cache Poisoning,1.0
TanStack/react-charts,grype,GHSA-qqgx-2p2h-9c37,High,/docs/yarn.lock,,ini,1.3.5,1.3.6,npm,,ini before 1.3.6 vulnerable to Prototype Pollution via ini.parse,3.0
TanStack/react-charts,grype,GHSA-qqgx-2p2h-9c37,High,/examples/simple/yarn.lock,,ini,1.3.5,1.3.6,npm,,ini before 1.3.6 vulnerable to Prototype Pollution via ini.parse,3.0
TanStack/react-charts,grype,GHSA-qw6h-vgh9-j6wx,Low,/examples/simple/yarn.lock,,express,4.17.1,4.20.0,npm,,express vulnerable to XSS via response.redirect(),1.0
TanStack/react-charts,grype,GHSA-qwcr-r2fm-qrc7,High,/examples/simple/yarn.lock,,body-parser,1.19.0,1.20.3,npm,,body-parser vulnerable to denial of service when url encoding is enabled,3.0
TanStack/react-charts,grype,GHSA-qx2v-qp2m-jg93,Medium,/docs/yarn.lock,,postcss,6.0.23,8.5.10,npm,,PostCSS has XSS via Unescaped </style> in its CSS Stringify Output,2.0
TanStack/react-charts,grype,GHSA-qx2v-qp2m-jg93,Medium,/docs/yarn.lock,,postcss,7.0.21,8.5.10,npm,,PostCSS has XSS via Unescaped </style> in its CSS Stringify Output,2.0
TanStack/react-charts,grype,GHSA-qx2v-qp2m-jg93,Medium,/docs/yarn.lock,,postcss,7.0.29,8.5.10,npm,,PostCSS has XSS via Unescaped </style> in its CSS Stringify Output,2.0
TanStack/react-charts,grype,GHSA-qx2v-qp2m-jg93,Medium,/docs/yarn.lock,,postcss,7.0.32,8.5.10,npm,,PostCSS has XSS via Unescaped </style> in its CSS Stringify Output,2.0
TanStack/react-charts,grype,GHSA-qx2v-qp2m-jg93,Medium,/examples/simple/yarn.lock,,postcss,7.0.21,8.5.10,npm,,PostCSS has XSS via Unescaped </style> in its CSS Stringify Output,2.0
TanStack/react-charts,grype,GHSA-qx2v-qp2m-jg93,Medium,/examples/simple/yarn.lock,,postcss,7.0.27,8.5.10,npm,,PostCSS has XSS via Unescaped </style> in its CSS Stringify Output,2.0
TanStack/react-charts,grype,GHSA-qx2v-qp2m-jg93,Medium,/examples/simple/yarn.lock,,postcss,7.0.32,8.5.10,npm,,PostCSS has XSS via Unescaped </style> in its CSS Stringify Output,2.0
TanStack/react-charts,grype,GHSA-r28c-9q8g-f849,High,/docs/yarn.lock,,postcss,6.0.23,8.5.18,npm,,PostCSS: Path Traversal in Previous Source Map Auto-Loading (sourceMappingURL) leads to Arbitrary .map File Disclosure,3.0
TanStack/react-charts,grype,GHSA-r28c-9q8g-f849,High,/docs/yarn.lock,,postcss,7.0.21,8.5.18,npm,,PostCSS: Path Traversal in Previous Source Map Auto-Loading (sourceMappingURL) leads to Arbitrary .map File Disclosure,3.0
TanStack/react-charts,grype,GHSA-r28c-9q8g-f849,High,/docs/yarn.lock,,postcss,7.0.29,8.5.18,npm,,PostCSS: Path Traversal in Previous Source Map Auto-Loading (sourceMappingURL) leads to Arbitrary .map File Disclosure,3.0
TanStack/react-charts,grype,GHSA-r28c-9q8g-f849,High,/docs/yarn.lock,,postcss,7.0.32,8.5.18,npm,,PostCSS: Path Traversal in Previous Source Map Auto-Loading (sourceMappingURL) leads to Arbitrary .map File Disclosure,3.0
TanStack/react-charts,grype,GHSA-r28c-9q8g-f849,High,/examples/simple/yarn.lock,,postcss,7.0.21,8.5.18,npm,,PostCSS: Path Traversal in Previous Source Map Auto-Loading (sourceMappingURL) leads to Arbitrary .map File Disclosure,3.0
TanStack/react-charts,grype,GHSA-r28c-9q8g-f849,High,/examples/simple/yarn.lock,,postcss,7.0.27,8.5.18,npm,,PostCSS: Path Traversal in Previous Source Map Auto-Loading (sourceMappingURL) leads to Arbitrary .map File Disclosure,3.0
TanStack/react-charts,grype,GHSA-r28c-9q8g-f849,High,/examples/simple/yarn.lock,,postcss,7.0.32,8.5.18,npm,,PostCSS: Path Traversal in Previous Source Map Auto-Loading (sourceMappingURL) leads to Arbitrary .map File Disclosure,3.0
TanStack/react-charts,grype,GHSA-r4q5-vmmm-2653,Medium,/examples/simple/yarn.lock,,follow-redirects,1.10.0,1.16.0,npm,,follow-redirects leaks Custom Authentication Headers to Cross-Domain Redirect Targets,2.0
TanStack/react-charts,grype,GHSA-r5fr-rjxr-66jc,High,/docs/yarn.lock,,lodash.template,4.5.0,4.18.0,npm,,lodash vulnerable to Code Injection via `_.template` imports key names,3.0
TanStack/react-charts,grype,GHSA-r5fr-rjxr-66jc,High,/examples/simple/yarn.lock,,lodash.template,4.5.0,4.18.0,npm,,lodash vulnerable to Code Injection via `_.template` imports key names,3.0
TanStack/react-charts,grype,GHSA-r683-j2x4-v87g,High,/docs/yarn.lock,,node-fetch,1.7.3,2.6.7,npm,,node-fetch forwards secure headers to untrusted sites,3.0
TanStack/react-charts,grype,GHSA-r683-j2x4-v87g,High,/docs/yarn.lock,,node-fetch,2.6.0,2.6.7,npm,,node-fetch forwards secure headers to untrusted sites,3.0
TanStack/react-charts,grype,GHSA-r6rj-9ch6-g264,Critical,/examples/simple/yarn.lock,,merge-deep,3.0.2,3.0.3,npm,,Prototype pollution in Merge-deep,4.0
TanStack/react-charts,grype,GHSA-r8j5-h5cx-65gg,High,/docs/yarn.lock,,is-svg,3.0.0,4.3.0,npm,,ReDOS in IS-SVG,3.0
TanStack/react-charts,grype,GHSA-r8j5-h5cx-65gg,High,/examples/simple/yarn.lock,,is-svg,3.0.0,4.3.0,npm,,ReDOS in IS-SVG,3.0
TanStack/react-charts,grype,GHSA-r9p9-mrjm-926w,Medium,/docs/yarn.lock,,elliptic,6.5.3,6.5.4,npm,,Elliptic Uses a Broken or Risky Cryptographic Algorithm,2.0
TanStack/react-charts,grype,GHSA-r9p9-mrjm-926w,Medium,/examples/simple/yarn.lock,,elliptic,6.5.2,6.5.4,npm,,Elliptic Uses a Broken or Risky Cryptographic Algorithm,2.0
TanStack/react-charts,grype,GHSA-rc47-6667-2j5j,High,/docs/yarn.lock,,http-cache-semantics,3.8.1,4.1.1,npm,,http-cache-semantics vulnerable to Regular Expression Denial of Service,3.0
TanStack/react-charts,grype,GHSA-rhx6-c78j-4q9w,High,/examples/simple/yarn.lock,,path-to-regexp,0.1.7,0.1.12,npm,,path-to-regexp contains a ReDoS,3.0
TanStack/react-charts,grype,GHSA-rj75-hqrm-r3gf,Medium,/docs/yarn.lock,,postcss-selector-parser,3.1.2,7.1.6,npm,,PostCSS: Quadratic complexity in flat selector parsing allows CPU exhaustion,2.0
TanStack/react-charts,grype,GHSA-rj75-hqrm-r3gf,Medium,/docs/yarn.lock,,postcss-selector-parser,5.0.0,7.1.6,npm,,PostCSS: Quadratic complexity in flat selector parsing allows CPU exhaustion,2.0
TanStack/react-charts,grype,GHSA-rj75-hqrm-r3gf,Medium,/docs/yarn.lock,,postcss-selector-parser,6.0.2,7.1.6,npm,,PostCSS: Quadratic complexity in flat selector parsing allows CPU exhaustion,2.0
TanStack/react-charts,grype,GHSA-rj75-hqrm-r3gf,Medium,/examples/simple/yarn.lock,,postcss-selector-parser,3.1.2,7.1.6,npm,,PostCSS: Quadratic complexity in flat selector parsing allows CPU exhaustion,2.0
TanStack/react-charts,grype,GHSA-rj75-hqrm-r3gf,Medium,/examples/simple/yarn.lock,,postcss-selector-parser,5.0.0,7.1.6,npm,,PostCSS: Quadratic complexity in flat selector parsing allows CPU exhaustion,2.0
TanStack/react-charts,grype,GHSA-rj75-hqrm-r3gf,Medium,/examples/simple/yarn.lock,,postcss-selector-parser,6.0.2,7.1.6,npm,,PostCSS: Quadratic complexity in flat selector parsing allows CPU exhaustion,2.0
TanStack/react-charts,grype,GHSA-rp65-9cf3-cjxr,High,/docs/yarn.lock,,nth-check,1.0.2,2.0.1,npm,,Inefficient Regular Expression Complexity in nth-check,3.0
TanStack/react-charts,grype,GHSA-rp65-9cf3-cjxr,High,/examples/simple/yarn.lock,,nth-check,1.0.2,2.0.1,npm,,Inefficient Regular Expression Complexity in nth-check,3.0
TanStack/react-charts,grype,GHSA-rqff-837h-mm52,Medium,/examples/simple/yarn.lock,,url-parse,1.4.7,1.5.6,npm,,Authorization bypass in url-parse,2.0
TanStack/react-charts,grype,GHSA-rv95-896h-c2vc,Medium,/examples/simple/yarn.lock,,express,4.17.1,4.19.2,npm,,Express.js Open Redirect in malformed URLs,2.0
TanStack/react-charts,grype,GHSA-rx8g-88g5-qh64,Low,/docs/yarn.lock,,min-document,2.19.0,2.19.1,npm,,min-document vulnerable to prototype pollution,1.0
TanStack/react-charts,grype,GHSA-v39p-96qg-c8rf,Medium,/docs/yarn.lock,,object-path,0.11.4,0.11.6,npm,,Prototype Pollution in object-path,2.0
TanStack/react-charts,grype,GHSA-v39p-96qg-c8rf,Medium,/examples/simple/yarn.lock,,object-path,0.11.4,0.11.6,npm,,Prototype Pollution in object-path,2.0
TanStack/react-charts,grype,GHSA-v422-hmwv-36x6,Low,/examples/simple/yarn.lock,,body-parser,1.19.0,1.20.6,npm,,body-parser vulnerable to denial of service when invalid limit value silently disables size enforcement,1.0
TanStack/react-charts,grype,GHSA-v62p-rq8g-8h59,Critical,/docs/yarn.lock,,pbkdf2,3.1.1,3.1.3,npm,,"pbkdf2 silently disregards Uint8Array input, returning static keys",4.0
TanStack/react-charts,grype,GHSA-v62p-rq8g-8h59,Critical,/examples/simple/yarn.lock,,pbkdf2,3.0.17,3.1.3,npm,,"pbkdf2 silently disregards Uint8Array input, returning static keys",4.0
TanStack/react-charts,grype,GHSA-vc2v-76pw-4v95,High,/examples/simple/yarn.lock,,compression,1.7.3,1.8.2,npm,,compression vulnerable to Denial of Service via memory leak on premature response close,3.0
TanStack/react-charts,grype,GHSA-vc2v-76pw-4v95,High,/examples/simple/yarn.lock,,compression,1.7.4,1.8.2,npm,,compression vulnerable to Denial of Service via memory leak on premature response close,3.0
TanStack/react-charts,grype,GHSA-vcc3-ghjq-m6fr,Medium,/docs/yarn.lock,,decode-uri-component,0.2.0,0.5.0,npm,,decode-uri-component: Denial of service via exponential decoding of malformed percent-encoded input,2.0
TanStack/react-charts,grype,GHSA-vcc3-ghjq-m6fr,Medium,/yarn.lock,,decode-uri-component,0.2.0,0.5.0,npm,,decode-uri-component: Denial of service via exponential decoding of malformed percent-encoded input,2.0
TanStack/react-charts,grype,GHSA-vh7m-p724-62c2,High,/examples/simple/yarn.lock,,elliptic,6.5.2,6.5.3,npm,,Signature Malleabillity in elliptic,3.0
TanStack/react-charts,grype,GHSA-vjh7-7g9h-fjfh,Critical,/docs/yarn.lock,,elliptic,6.5.3,6.6.1,npm,,Elliptic's private key extraction in ECDSA upon signing a malformed input (e.g. a string),4.0
TanStack/react-charts,grype,GHSA-vjh7-7g9h-fjfh,Critical,/examples/simple/yarn.lock,,elliptic,6.5.2,6.6.1,npm,,Elliptic's private key extraction in ECDSA upon signing a malformed input (e.g. a string),4.0
TanStack/react-charts,grype,GHSA-vx3p-948g-6vhq,High,/docs/yarn.lock,,ssri,6.0.1,6.0.2,npm,,Regular Expression Denial of Service (ReDoS),3.0
TanStack/react-charts,grype,GHSA-vx3p-948g-6vhq,High,/docs/yarn.lock,,ssri,7.1.0,7.1.1,npm,,Regular Expression Denial of Service (ReDoS),3.0
TanStack/react-charts,grype,GHSA-vx3p-948g-6vhq,High,/examples/simple/yarn.lock,,ssri,6.0.1,6.0.2,npm,,Regular Expression Denial of Service (ReDoS),3.0
TanStack/react-charts,grype,GHSA-vx3p-948g-6vhq,High,/examples/simple/yarn.lock,,ssri,7.1.0,7.1.1,npm,,Regular Expression Denial of Service (ReDoS),3.0
TanStack/react-charts,grype,GHSA-vxf5-wxwp-m7g9,Medium,/docs/yarn.lock,,next,9.4.4,11.1.0,npm,,Open Redirect in Next.js,2.0
TanStack/react-charts,grype,GHSA-w27v-7q3p-w38r,High,/docs/yarn.lock,,svgo,1.3.2,2.8.4,npm,,SVGO: removeScripts allows executable links through namespace and control-character bypasses,3.0
TanStack/react-charts,grype,GHSA-w27v-7q3p-w38r,High,/examples/simple/yarn.lock,,svgo,1.3.2,2.8.4,npm,,SVGO: removeScripts allows executable links through namespace and control-character bypasses,3.0
TanStack/react-charts,grype,GHSA-w573-4hg7-7wgq,High,/docs/yarn.lock,,decode-uri-component,0.2.0,0.2.1,npm,,decode-uri-component vulnerable to Denial of Service (DoS),3.0
TanStack/react-charts,grype,GHSA-w573-4hg7-7wgq,High,/yarn.lock,,decode-uri-component,0.2.0,0.2.1,npm,,decode-uri-component vulnerable to Denial of Service (DoS),3.0
TanStack/react-charts,grype,GHSA-w5hq-g745-h8pq,Medium,/docs/yarn.lock,,uuid,3.4.0,11.1.1,npm,,uuid: Missing buffer bounds check in v3/v5/v6 when buf is provided,2.0
TanStack/react-charts,grype,GHSA-w5p7-h5w8-2hfq,High,/docs/yarn.lock,,trim,0.0.1,0.0.3,npm,,Regular Expression Denial of Service in trim,3.0
TanStack/react-charts,grype,GHSA-w7jw-789q-3m8p,Critical,/docs/yarn.lock,,shell-quote,1.7.2,1.8.4,npm,,shell-quote quote() does not escape newlines in object .op values,4.0
TanStack/react-charts,grype,GHSA-w7jw-789q-3m8p,Critical,/examples/simple/yarn.lock,,shell-quote,1.6.1,1.8.4,npm,,shell-quote quote() does not escape newlines in object .op values,4.0
TanStack/react-charts,grype,GHSA-w7jw-789q-3m8p,Critical,/examples/simple/yarn.lock,,shell-quote,1.7.2,1.8.4,npm,,shell-quote quote() does not escape newlines in object .op values,4.0
TanStack/react-charts,grype,GHSA-w7rc-rwvf-8q5r,Low,/docs/yarn.lock,,node-fetch,2.6.0,2.6.1,npm,,The `size` option isn't honored after following a redirect in node-fetch,1.0
TanStack/react-charts,grype,GHSA-whgm-jr23-g3j9,High,/examples/simple/yarn.lock,,ansi-html,0.0.7,0.0.8,npm,,Uncontrolled Resource Consumption in ansi-html,3.0
TanStack/react-charts,grype,GHSA-wr3j-pwj9-hqq6,High,/examples/simple/yarn.lock,,webpack-dev-middleware,3.7.2,5.3.4,npm,,Path traversal in webpack-dev-middleware,3.0
TanStack/react-charts,grype,GHSA-wvhm-4hhf-97x9,High,/docs/yarn.lock,,prismjs,1.20.0,1.21.0,npm,,Cross-Site Scripting in Prism,3.0
TanStack/react-charts,grype,GHSA-wxgw-qj99-44c2,Low,/examples/simple/yarn.lock,,node-forge,0.9.0,0.10.0,npm,,Prototype Pollution in node-forge util.setPath API,1.0
TanStack/react-charts,grype,GHSA-x4jg-mjrx-434g,High,/examples/simple/yarn.lock,,node-forge,0.9.0,1.3.0,npm,,Improper Verification of Cryptographic Signature in node-forge,3.0
TanStack/react-charts,grype,GHSA-x7hr-w5r2-h6wg,Medium,/docs/yarn.lock,,prismjs,1.20.0,1.30.0,npm,,PrismJS DOM Clobbering vulnerability,2.0
TanStack/react-charts,grype,GHSA-x9w5-v3q2-3rhw,High,/docs/yarn.lock,,browserify-sign,4.2.0,4.2.2,npm,,browserify-sign upper bound check issue in `dsaVerify` leads to a signature forgery attack,3.0
TanStack/react-charts,grype,GHSA-x9w5-v3q2-3rhw,High,/examples/simple/yarn.lock,,browserify-sign,4.0.4,4.2.2,npm,,browserify-sign upper bound check issue in `dsaVerify` leads to a signature forgery attack,3.0
TanStack/react-charts,grype,GHSA-xv26-6w52-cph6,Critical,/examples/simple/yarn.lock,,websocket-driver,0.6.5,0.7.5,npm,,websocket-driver: Message corruption via abuse of protocol length headers,4.0
TanStack/react-charts,grype,GHSA-xv26-6w52-cph6,Critical,/examples/simple/yarn.lock,,websocket-driver,0.7.3,0.7.5,npm,,websocket-driver: Message corruption via abuse of protocol length headers,4.0
TanStack/react-charts,grype,GHSA-xv57-4mr9-wg8v,Medium,/docs/yarn.lock,,next,9.4.4,14.2.31,npm,,Next.js Content Injection Vulnerability for Image Optimization,2.0
TanStack/redact,grype,GHSA-28wg-ghj8-5hjv,High,/pnpm-lock.yaml,,nanoid,3.3.11,3.3.16,npm,,nanoid: non-secure generators can loop indefinitely with negative size,3.0
TanStack/redact,grype,GHSA-2v37-7h3g-55p8,High,/pnpm-lock.yaml,,nanoid,3.3.11,3.3.18,npm,,nanoid: custom generators can loop indefinitely when size is zero,3.0
TanStack/redact,grype,GHSA-4w7w-66w2-5vf9,Medium,/pnpm-lock.yaml,,vite,5.4.21,6.4.2,npm,,Vite Vulnerable to Path Traversal in Optimized Deps `.map` Handling,2.0
TanStack/redact,grype,GHSA-58qx-3vcg-4xpx,Medium,/pnpm-lock.yaml,,ws,8.20.0,8.20.1,npm,,ws: Uninitialized memory disclosure,2.0
TanStack/redact,grype,GHSA-5gmw-xhrv-c9v3,Critical,/pnpm-lock.yaml,,tinypool,1.1.1,2.1.1,npm,,Tinypool: Prototype Pollution gadget in worker options leads to Remote Code Execution,4.0
TanStack/redact,grype,GHSA-5xrq-8626-4rwp,Critical,/pnpm-lock.yaml,,vitest,2.1.9,3.2.6,npm,,"When Vitest UI server is listening, arbitrary file can be read and executed",4.0
TanStack/redact,grype,GHSA-67mh-4wv8-2f99,Medium,/pnpm-lock.yaml,,esbuild,0.21.5,0.25.0,npm,,esbuild enables any website to send any requests to the development server and read the response,2.0
TanStack/redact,grype,GHSA-68fv-2mgg-jv7q,High,/pnpm-lock.yaml,,source-map-js,1.2.1,1.2.2,npm,,source-map-js allows event-loop denial of service through indexed source-map section offsets,3.0
TanStack/redact,grype,GHSA-6g55-p6wh-862q,High,/pnpm-lock.yaml,,postcss,8.5.6,8.5.12,npm,,PostCSS: Arbitrary file read and information disclosure via attacker-controlled sourceMappingURL in CSS comments,3.0
TanStack/redact,grype,GHSA-82fw-gwwq-j7x9,Medium,/pnpm-lock.yaml,,@vitest/mocker,2.1.9,4.1.11,npm,,Vitest: Path Traversal / Arbitrary File Read via @vitest/mocker Redirect Mock,2.0
TanStack/redact,grype,GHSA-82fw-gwwq-j7x9,Medium,/pnpm-lock.yaml,,vitest,2.1.9,4.1.11,npm,,Vitest: Path Traversal / Arbitrary File Read via @vitest/mocker Redirect Mock,2.0
TanStack/redact,grype,GHSA-85c8-ppgw-ccpr,Critical,/pnpm-lock.yaml,,tinypool,1.1.1,2.1.2,npm,,Tinypool: Prototype Pollution Gadget to RCE in run() options,4.0
TanStack/redact,grype,GHSA-96hv-2xvq-fx4p,High,/pnpm-lock.yaml,,ws,8.20.0,8.21.0,npm,,ws: Memory exhaustion DoS from tiny fragments and data chunks,3.0
TanStack/redact,grype,GHSA-fx2h-pf6j-xcff,High,/pnpm-lock.yaml,,vite,5.4.21,6.4.3,npm,,vite: `server.fs.deny` bypass on Windows alternate paths,3.0
TanStack/redact,grype,GHSA-fxqj-rqcc-2cmp,Medium,/pnpm-lock.yaml,,postcss,8.5.6,8.5.23,npm,,PostCSS: incomplete fix of GHSA-6g55-p6wh-862q — attacker-controlled sourceMappingURL reads arbitrary .map files when `from` is unset,2.0
TanStack/redact,grype,GHSA-g7r4-m6w7-qqqr,Low,/pnpm-lock.yaml,,esbuild,0.27.7,0.28.1,npm,,esbuild allows arbitrary file read when running the development server on Windows,1.0
TanStack/redact,grype,GHSA-g7r4-m6w7-qqqr,Low,/pnpm-lock.yaml,,esbuild,0.28.0,0.28.1,npm,,esbuild allows arbitrary file read when running the development server on Windows,1.0
TanStack/redact,grype,GHSA-hmw2-7cc7-3qxx,High,/pnpm-lock.yaml,,form-data,4.0.5,4.0.6,npm,,form-data: CRLF injection in form-data via unescaped multipart field names and filenames,3.0
TanStack/redact,grype,GHSA-hp3w-g68c-fv3c,Medium,/pnpm-lock.yaml,,sprintf-js,1.0.3,,npm,,sprintf-js vulnerable to denial of service through unbounded precision specifiers,2.0
TanStack/redact,grype,GHSA-p63j-vcc4-9vmv,Critical,/pnpm-lock.yaml,,@vitest/browser,2.1.9,3.2.7,npm,,@vitest/browser: Browser Mode provider commands bypass the file-access permission gate,4.0
TanStack/redact,grype,GHSA-qx2v-qp2m-jg93,Medium,/pnpm-lock.yaml,,postcss,8.5.6,8.5.10,npm,,PostCSS has XSS via Unescaped </style> in its CSS Stringify Output,2.0
TanStack/redact,grype,GHSA-r28c-9q8g-f849,High,/pnpm-lock.yaml,,postcss,8.5.6,8.5.18,npm,,PostCSS: Path Traversal in Previous Source Map Auto-Loading (sourceMappingURL) leads to Arbitrary .map File Disclosure,3.0
TanStack/redact,grype,GHSA-v6wh-96g9-6wx3,Medium,/pnpm-lock.yaml,,vite,5.4.21,6.4.3,npm,,launch-editor: NTLMv2 hash disclosure via UNC path handling on Windows,2.0
TanStack/redact,grype,GHSA-vfj7-8cjw-p6xm,High,/pnpm-lock.yaml,,braces,3.0.3,,npm,,braces vulnerable to stack-exhaustion denial of service through deeply nested patterns,3.0
TanStack/redact,grype,GHSA-xwg4-73v4-xw9w,High,/pnpm-lock.yaml,,nanoid,3.3.11,3.3.12,npm,,nanoid: Integer Overflow or Wraparound,3.0
TanStack/router,grype,GHSA-22cc-p3c6-wpvm,High,/pnpm-lock.yaml,,h3,2.0.1-rc.14,2.0.1-rc.15,npm,,h3 has a Server-Sent Events Injection via Unsanitized Newlines in Event Stream Fields,3.0
TanStack/router,grype,GHSA-2328-f5f3-gj25,High,/pnpm-lock.yaml,,node-forge,1.3.1,1.4.0,npm,,Forge has a basicConstraints bypass in its certificate chain verification (RFC 5280 violation),3.0
TanStack/router,grype,GHSA-23c5-xmqv-rm74,High,/pnpm-lock.yaml,,minimatch,3.0.8,3.1.4,npm,,minimatch ReDoS: nested *() extglobs generate catastrophically backtracking regular expressions,3.0
TanStack/router,grype,GHSA-23c5-xmqv-rm74,High,/pnpm-lock.yaml,,minimatch,3.1.2,3.1.4,npm,,minimatch ReDoS: nested *() extglobs generate catastrophically backtracking regular expressions,3.0
TanStack/router,grype,GHSA-23c5-xmqv-rm74,High,/pnpm-lock.yaml,,minimatch,9.0.1,9.0.7,npm,,minimatch ReDoS: nested *() extglobs generate catastrophically backtracking regular expressions,3.0
TanStack/router,grype,GHSA-23hp-3jrh-7fpw,Critical,/pnpm-lock.yaml,,tar,7.4.3,7.5.19,npm,,node-tar: Decompression/parse DoS via unlimited input,4.0
TanStack/router,grype,GHSA-247c-9743-5963,High,/pnpm-lock.yaml,,fastify,5.7.1,5.8.5,npm,,Fastify has a Body Schema Validation Bypass via Leading Space in Content-Type Header,3.0
TanStack/router,grype,GHSA-26pp-8wgv-hjvm,Medium,/pnpm-lock.yaml,,hono,4.7.10,4.12.12,npm,,Hono missing validation of cookie name on write path in setCookie(),2.0
TanStack/router,grype,GHSA-27v5-c462-wpq7,Medium,/pnpm-lock.yaml,,path-to-regexp,8.3.0,8.4.0,npm,,path-to-regexp vulnerable to Regular Expression Denial of Service via multiple wildcards,2.0
TanStack/router,grype,GHSA-2883-xcg3-v3hh,High,/pnpm-lock.yaml,,js-yaml,3.14.1,3.15.2,npm,,js-yaml: maxTotalMergeKeys does not limit CPU use for empty merge sources,3.0
TanStack/router,grype,GHSA-2883-xcg3-v3hh,High,/pnpm-lock.yaml,,js-yaml,4.1.0,4.3.2,npm,,js-yaml: maxTotalMergeKeys does not limit CPU use for empty merge sources,3.0
TanStack/router,grype,GHSA-2883-xcg3-v3hh,High,/pnpm-lock.yaml,,js-yaml,4.1.1,4.3.2,npm,,js-yaml: maxTotalMergeKeys does not limit CPU use for empty merge sources,3.0
TanStack/router,grype,GHSA-28wg-ghj8-5hjv,High,/pnpm-lock.yaml,,nanoid,3.3.11,3.3.16,npm,,nanoid: non-secure generators can loop indefinitely with negative size,3.0
TanStack/router,grype,GHSA-28wg-ghj8-5hjv,High,/pnpm-lock.yaml,,nanoid,3.3.12,3.3.16,npm,,nanoid: non-secure generators can loop indefinitely with negative size,3.0
TanStack/router,grype,GHSA-2g4f-4pwh-qvx6,Medium,/pnpm-lock.yaml,,ajv,6.12.6,6.14.0,npm,,ajv has ReDoS when using `$data` option,2.0
TanStack/router,grype,GHSA-2g4f-4pwh-qvx6,Medium,/pnpm-lock.yaml,,ajv,8.12.0,8.18.0,npm,,ajv has ReDoS when using `$data` option,2.0
TanStack/router,grype,GHSA-2g4f-4pwh-qvx6,Medium,/pnpm-lock.yaml,,ajv,8.13.0,8.18.0,npm,,ajv has ReDoS when using `$data` option,2.0
TanStack/router,grype,GHSA-2g4f-4pwh-qvx6,Medium,/pnpm-lock.yaml,,ajv,8.17.1,8.18.0,npm,,ajv has ReDoS when using `$data` option,2.0
TanStack/router,grype,GHSA-2gcr-mfcq-wcc3,Medium,/pnpm-lock.yaml,,hono,4.7.10,4.12.21,npm,,"Hono: app.mount() strips mount prefix using undecoded path, causing incorrect routing for percent-encoded paths",2.0
TanStack/router,grype,GHSA-2gqq-gqf2-x968,Low,/pnpm-lock.yaml,,undici,7.24.4,7.29.1,npm,,undici vulnerable to response truncation via oversized chunked responses in the dump interceptor,1.0
TanStack/router,grype,GHSA-2gqq-gqf2-x968,Low,/pnpm-lock.yaml,,undici,7.27.2,7.29.1,npm,,undici vulnerable to response truncation via oversized chunked responses in the dump interceptor,1.0
TanStack/router,grype,GHSA-2j6q-whv2-gh6w,Low,/pnpm-lock.yaml,,h3,2.0.1-rc.14,2.0.1-rc.17,npm,,h3: Missing Path Segment Boundary Check in `mount()` Causes Middleware Execution on Unrelated Prefix-Matching Routes,1.0
TanStack/router,grype,GHSA-2j6q-whv2-gh6w,Low,/pnpm-lock.yaml,,h3,2.0.1-rc.16,2.0.1-rc.17,npm,,h3: Missing Path Segment Boundary Check in `mount()` Causes Middleware Execution on Unrelated Prefix-Matching Routes,1.0
TanStack/router,grype,GHSA-2jfj-6hjv-fm6j,Medium,/pnpm-lock.yaml,,undici,7.24.4,7.29.1,npm,,undici vulnerable to cross-user cookie disclosure via Set-Cookie caching in shared caches,2.0
TanStack/router,grype,GHSA-2jfj-6hjv-fm6j,Medium,/pnpm-lock.yaml,,undici,7.27.2,7.29.1,npm,,undici vulnerable to cross-user cookie disclosure via Set-Cookie caching in shared caches,2.0
TanStack/router,grype,GHSA-2mjp-6q6p-2qxm,Medium,/pnpm-lock.yaml,,undici,6.21.2,6.24.0,npm,,Undici has an HTTP Request/Response Smuggling issue,2.0
TanStack/router,grype,GHSA-2p49-hgcm-8545,High,/pnpm-lock.yaml,,svgo,4.0.0,4.0.2,npm,,SVGO removeScripts plugin leaves some executable scripts intact,3.0
TanStack/router,grype,GHSA-2pr8-phx7-x9h3,Medium,/pnpm-lock.yaml,,protobufjs,7.4.0,7.5.6,npm,,protobuf.js: Denial of service from crafted field names in generated code,2.0
TanStack/router,grype,GHSA-2pr8-phx7-x9h3,Medium,/pnpm-lock.yaml,,protobufjs,7.5.4,7.5.6,npm,,protobuf.js: Denial of service from crafted field names in generated code,2.0
TanStack/router,grype,GHSA-2v37-7h3g-55p8,High,/pnpm-lock.yaml,,nanoid,3.3.11,3.3.18,npm,,nanoid: custom generators can loop indefinitely when size is zero,3.0
TanStack/router,grype,GHSA-2v37-7h3g-55p8,High,/pnpm-lock.yaml,,nanoid,3.3.12,3.3.18,npm,,nanoid: custom generators can loop indefinitely when size is zero,3.0
TanStack/router,grype,GHSA-34x7-hfp2-rc4v,High,/pnpm-lock.yaml,,tar,7.4.3,7.5.7,npm,,node-tar Vulnerable to Arbitrary File Creation/Overwrite via Hardlink Path Traversal,3.0
TanStack/router,grype,GHSA-35p6-xmwp-9g52,Low,/pnpm-lock.yaml,,undici,6.21.2,6.27.0,npm,,undici vulnerable to HTTP response queue poisoning via keep-alive socket reuse,1.0
TanStack/router,grype,GHSA-35p6-xmwp-9g52,Low,/pnpm-lock.yaml,,undici,7.24.4,7.28.0,npm,,undici vulnerable to HTTP response queue poisoning via keep-alive socket reuse,1.0
TanStack/router,grype,GHSA-35p6-xmwp-9g52,Low,/pnpm-lock.yaml,,undici,7.27.2,7.28.0,npm,,undici vulnerable to HTTP response queue poisoning via keep-alive socket reuse,1.0
TanStack/router,grype,GHSA-37ch-88jc-xwx2,High,/pnpm-lock.yaml,,path-to-regexp,0.1.12,0.1.13,npm,,path-to-regexp vulnerable to Regular Expression Denial of Service via multiple route parameters,3.0
TanStack/router,grype,GHSA-38f7-945m-qr2g,High,/pnpm-lock.yaml,,effect,3.18.4,3.20.0,npm,,Effect `AsyncLocalStorage` context lost/contaminated inside Effect fibers under concurrent load with RPC,3.0
TanStack/router,grype,GHSA-38r7-794h-5758,Low,/pnpm-lock.yaml,,webpack,5.97.1,5.104.0,npm,,webpack buildHttp HttpUriPlugin allowedUris bypass via HTTP redirects → SSRF + cache persistence,1.0
TanStack/router,grype,GHSA-395f-4hp3-45gv,High,/pnpm-lock.yaml,,shell-quote,1.8.2,1.9.0,npm,,shell-quote: Quadratic-complexity Denial of Service in `parse()` (CWE-407),3.0
TanStack/router,grype,GHSA-395f-4hp3-45gv,High,/pnpm-lock.yaml,,shell-quote,1.8.3,1.9.0,npm,,shell-quote: Quadratic-complexity Denial of Service in `parse()` (CWE-407),3.0
TanStack/router,grype,GHSA-39w2-rjm5-chcv,Low,/pnpm-lock.yaml,,next,16.3.4,16.3.8,npm,,Next.js has information disclosure in development server's Model Context Protocol endpoint,1.0
TanStack/router,grype,GHSA-3f6p-5ww8-9rcr,High,/pnpm-lock.yaml,,mysql2,3.15.3,3.22.0,npm,,MySQL2: Auth Plugin Downgrade to mysql_clear_password Leaks Plaintext Credentials,3.0
TanStack/router,grype,GHSA-3hrh-pfw6-9m5x,Medium,/pnpm-lock.yaml,,hono,4.7.10,4.12.21,npm,,"Hono: Cookie helper does not sanitize sameSite and priority, allowing Set-Cookie injection",2.0
TanStack/router,grype,GHSA-3jxr-9vmj-r5cp,High,/pnpm-lock.yaml,,brace-expansion,1.1.15,1.1.16,npm,,brace-expansion: DoS via exponential-time expansion of consecutive non-expanding {} groups,3.0
TanStack/router,grype,GHSA-3jxr-9vmj-r5cp,High,/pnpm-lock.yaml,,brace-expansion,2.1.1,2.1.2,npm,,brace-expansion: DoS via exponential-time expansion of consecutive non-expanding {} groups,3.0
TanStack/router,grype,GHSA-3ppc-4f35-3m26,High,/pnpm-lock.yaml,,minimatch,3.0.8,3.1.3,npm,,minimatch has a ReDoS via repeated wildcards with non-matching literal in pattern,3.0
TanStack/router,grype,GHSA-3ppc-4f35-3m26,High,/pnpm-lock.yaml,,minimatch,3.1.2,3.1.3,npm,,minimatch has a ReDoS via repeated wildcards with non-matching literal in pattern,3.0
TanStack/router,grype,GHSA-3ppc-4f35-3m26,High,/pnpm-lock.yaml,,minimatch,9.0.1,9.0.6,npm,,minimatch has a ReDoS via repeated wildcards with non-matching literal in pattern,3.0
TanStack/router,grype,GHSA-3pq3-5fj3-cg6v,High,/pnpm-lock.yaml,,axios,1.18.1,1.20.0,npm,,Axios: HTTP/2 adapter bypasses configured DNS lookup and proxy controls,3.0
TanStack/router,grype,GHSA-3v7f-55p6-f55p,Medium,/pnpm-lock.yaml,,picomatch,2.3.1,2.3.2,npm,,Picomatch: Method Injection in POSIX Character Classes causes incorrect Glob Matching,2.0
TanStack/router,grype,GHSA-3v7f-55p6-f55p,Medium,/pnpm-lock.yaml,,picomatch,4.0.3,4.0.4,npm,,Picomatch: Method Injection in POSIX Character Classes causes incorrect Glob Matching,2.0
TanStack/router,grype,GHSA-3vhc-576x-3qv4,High,/pnpm-lock.yaml,,hono,4.7.10,4.11.4,npm,,"Hono JWK Auth Middleware has JWT algorithm confusion when JWK lacks ""alg"" (untrusted header.alg fallback)",3.0
TanStack/router,grype,GHSA-3vj8-jmxq-cgj5,High,/pnpm-lock.yaml,,h3,2.0.1-rc.14,2.0.1-rc.15,npm,,h3 has a middleware bypass with one gadget,3.0
TanStack/router,grype,GHSA-3w37-wq28-93x7,Medium,/pnpm-lock.yaml,,next,16.3.4,16.3.8,npm,,Next.js: Pending `use cache` fill can leak Draft Mode content into regular responses and persisted pages,2.0
TanStack/router,grype,GHSA-3xpg-4rpp-hhhm,Medium,/pnpm-lock.yaml,,undici,7.24.4,7.29.1,npm,,undici vulnerable to Denial of Service via unbounded decompression of compressed responses,2.0
TanStack/router,grype,GHSA-3xpg-4rpp-hhhm,Medium,/pnpm-lock.yaml,,undici,7.27.2,7.29.1,npm,,undici vulnerable to Denial of Service via unbounded decompression of compressed responses,2.0
TanStack/router,grype,GHSA-43p4-m455-4f4j,High,/pnpm-lock.yaml,,@trpc/server,11.4.3,11.8.0,npm,,tRPC has possible prototype pollution in `experimental_nextAppDirCaller`,3.0
TanStack/router,grype,GHSA-444r-cwp2-x5xf,Medium,/pnpm-lock.yaml,,fastify,5.7.1,5.8.3,npm,,fastify: request.protocol and request.host Spoofable via X-Forwarded-Proto/Host from Untrusted Connections,2.0
TanStack/router,grype,GHSA-44g4-m2mj-wpvx,Medium,/pnpm-lock.yaml,,axios,1.18.1,1.20.0,npm,,"Axios: CIDR-form NO_PROXY entries are ignored, causing proxy exclusion bypass for internal IP ranges",2.0
TanStack/router,grype,GHSA-458j-xx4x-4375,Medium,/pnpm-lock.yaml,,hono,4.7.10,4.12.14,npm,,hono Improperly Handles JSX Attribute Names Allows HTML Injection in hono/jsx SSR,2.0
TanStack/router,grype,GHSA-4992-7rv2-5pvq,Medium,/pnpm-lock.yaml,,undici,6.21.2,6.24.0,npm,,Undici has CRLF Injection in undici via `upgrade` option,2.0
TanStack/router,grype,GHSA-4c8g-83qw-93j6,High,/pnpm-lock.yaml,,fast-uri,3.0.6,3.1.3,npm,,fast-uri vulnerable to host confusion via failed IDN canonicalization,3.0
TanStack/router,grype,GHSA-4cwx-7wf7-3272,High,/pnpm-lock.yaml,,undici,7.24.4,7.29.0,npm,,undici vulnerable to cross-user information disclosure and parse-time crash via degenerate private cache directives,3.0
TanStack/router,grype,GHSA-4cwx-7wf7-3272,High,/pnpm-lock.yaml,,undici,7.27.2,7.29.0,npm,,undici vulnerable to cross-user information disclosure and parse-time crash via degenerate private cache directives,3.0
TanStack/router,grype,GHSA-4hqw-qxg8-jxx2,Medium,/pnpm-lock.yaml,,axios,1.18.1,1.20.0,npm,,Axios: Fetch Adapter Header Injection via Inherited FormData getHeaders,2.0
TanStack/router,grype,GHSA-4hxc-9384-m385,Medium,/pnpm-lock.yaml,,h3,2.0.1-rc.14,2.0.1-rc.17,npm,,h3: SSE Event Injection via Unsanitized Carriage Return (`\r`) in EventStream Data and Comment Fields (Bypass of CVE Fix),2.0
TanStack/router,grype,GHSA-4hxc-9384-m385,Medium,/pnpm-lock.yaml,,h3,2.0.1-rc.16,2.0.1-rc.17,npm,,h3: SSE Event Injection via Unsanitized Carriage Return (`\r`) in EventStream Data and Comment Fields (Bypass of CVE Fix),2.0
TanStack/router,grype,GHSA-4jqv-mc3x-m676,Medium,/pnpm-lock.yaml,,next,16.3.4,16.3.8,npm,,Next.js has cache poisoning of SSG and ISR pages in self-hosted applications,2.0
TanStack/router,grype,GHSA-4mh8-r7rc-xpvc,Medium,/pnpm-lock.yaml,,fastify,5.7.1,5.12.5,npm,,fastify vulnerable to Denial of Service via unhandled exception on HTTP/2 trailer responses,2.0
TanStack/router,grype,GHSA-4mjr-xmp4-gh2g,Medium,/pnpm-lock.yaml,,qs,6.14.0,6.16.0,npm,,qs: Denial of Service via Attacker Controlled isBuffer,2.0
TanStack/router,grype,GHSA-4mjr-xmp4-gh2g,Medium,/pnpm-lock.yaml,,qs,6.15.2,6.16.0,npm,,qs: Denial of Service via Attacker Controlled isBuffer,2.0
TanStack/router,grype,GHSA-4vpr-x523-8j87,Medium,/pnpm-lock.yaml,,svgo,4.0.0,4.1.0,npm,,SVGO: removeScripts incompletely sanitizes executable HTML in SVG foreignObject elements,2.0
TanStack/router,grype,GHSA-4x5r-pxfx-6jf8,Low,/pnpm-lock.yaml,,@babel/core,7.28.5,7.29.6,npm,,@babel/core: Arbitrary File Read via sourceMappingURL Comment,1.0
TanStack/router,grype,GHSA-4x5r-pxfx-6jf8,Low,/pnpm-lock.yaml,,@babel/core,7.29.0,7.29.6,npm,,@babel/core: Arbitrary File Read via sourceMappingURL Comment,1.0
TanStack/router,grype,GHSA-52cp-r559-cp3m,High,/pnpm-lock.yaml,,js-yaml,3.14.1,3.15.0,npm,,js-yaml: YAML merge-key chains can force quadratic CPU consumption,3.0
TanStack/router,grype,GHSA-52cp-r559-cp3m,High,/pnpm-lock.yaml,,js-yaml,4.1.0,4.3.0,npm,,js-yaml: YAML merge-key chains can force quadratic CPU consumption,3.0
TanStack/router,grype,GHSA-52cp-r559-cp3m,High,/pnpm-lock.yaml,,js-yaml,4.1.1,4.3.0,npm,,js-yaml: YAML merge-key chains can force quadratic CPU consumption,3.0
TanStack/router,grype,GHSA-5375-pq7m-f5r2,High,/pnpm-lock.yaml,,@grpc/grpc-js,1.9.15,1.9.16,npm,,@grpc/grpc-js: A malformed request can cause a server crash,3.0
TanStack/router,grype,GHSA-542g-h47m-68v8,High,/pnpm-lock.yaml,,axios,1.18.1,1.20.0,npm,,Axios: Denial of Service via Unhandled 'error' Event in HTTP/2 ClientHttp2Session Initialization,3.0
TanStack/router,grype,GHSA-554w-wpv2-vw27,High,/pnpm-lock.yaml,,node-forge,1.3.1,1.3.2,npm,,node-forge has ASN.1 Unbounded Recursion,3.0
TanStack/router,grype,GHSA-58qx-3vcg-4xpx,Medium,/pnpm-lock.yaml,,ws,8.18.0,8.20.1,npm,,ws: Uninitialized memory disclosure,2.0
TanStack/router,grype,GHSA-58qx-3vcg-4xpx,Medium,/pnpm-lock.yaml,,ws,8.20.0,8.20.1,npm,,ws: Uninitialized memory disclosure,2.0
TanStack/router,grype,GHSA-5c6j-r48x-rmvq,High,/pnpm-lock.yaml,,serialize-javascript,6.0.2,7.0.3,npm,,Serialize JavaScript is Vulnerable to RCE via RegExp.flags and Date.prototype.toISOString(),3.0
TanStack/router,grype,GHSA-5gfm-wpxj-wjgq,High,/pnpm-lock.yaml,,node-forge,1.3.1,1.3.2,npm,,node-forge has an Interpretation Conflict vulnerability via its ASN.1 Validator Desynchronization,3.0
TanStack/router,grype,GHSA-5m6q-g25r-mvwx,High,/pnpm-lock.yaml,,node-forge,1.3.1,1.4.0,npm,,Forge has Denial of Service via Infinite Loop in BigInteger.modInverse() with Zero Input,3.0
TanStack/router,grype,GHSA-5p2g-fcmc-qvqq,High,/pnpm-lock.yaml,,image-size,2.0.2,2.0.3,npm,,image-size: JXL and HEIF parsers allow denial of service through infinite loops,3.0
TanStack/router,grype,GHSA-5p4m-2wfm-xmqj,High,/pnpm-lock.yaml,,js-yaml,3.14.1,3.15.1,npm,,JS-YAML: Quadratic CPU consumption in !!omap resolution (3.x and 4.x) — CVE-2026-59870 fix not backported,3.0
TanStack/router,grype,GHSA-5p4m-2wfm-xmqj,High,/pnpm-lock.yaml,,js-yaml,4.1.0,4.3.1,npm,,JS-YAML: Quadratic CPU consumption in !!omap resolution (3.x and 4.x) — CVE-2026-59870 fix not backported,3.0
TanStack/router,grype,GHSA-5p4m-2wfm-xmqj,High,/pnpm-lock.yaml,,js-yaml,4.1.1,4.3.1,npm,,JS-YAML: Quadratic CPU consumption in !!omap resolution (3.x and 4.x) — CVE-2026-59870 fix not backported,3.0
TanStack/router,grype,GHSA-5pq2-9x2x-5p6w,Medium,/pnpm-lock.yaml,,hono,4.7.10,4.12.4,npm,,Hono Vulnerable to Cookie Attribute Injection via Unsanitized domain and path in setCookie(),2.0
TanStack/router,grype,GHSA-5qjj-4xww-7phc,Medium,/pnpm-lock.yaml,,valibot,1.0.0-beta.15,1.4.2,npm,,Valibot: record() issue paths can make flatten() throw for inherited Object property names,2.0
TanStack/router,grype,GHSA-5qjj-4xww-7phc,Medium,/pnpm-lock.yaml,,valibot,1.1.0,1.4.2,npm,,Valibot: record() issue paths can make flatten() throw for inherited Object property names,2.0
TanStack/router,grype,GHSA-5w89-w975-hf9q,Medium,/pnpm-lock.yaml,,nitro,3.0.1-alpha.2,3.0.260429-beta,npm,,Nitro has a proxy scope bypass via percent-encoded path traversal in `routeRules`,2.0
TanStack/router,grype,GHSA-5w89-w975-hf9q,Medium,/pnpm-lock.yaml,,nitro,3.0.260311-beta,3.0.260429-beta,npm,,Nitro has a proxy scope bypass via percent-encoded path traversal in `routeRules`,2.0
TanStack/router,grype,GHSA-64mm-vxmg-q3vj,Medium,/pnpm-lock.yaml,,http-proxy-middleware,2.0.9,2.0.10,npm,,http-proxy-middleware `router` host+path substring matching allows Host-header-driven backend routing bypass,2.0
TanStack/router,grype,GHSA-64mm-vxmg-q3vj,Medium,/pnpm-lock.yaml,,http-proxy-middleware,3.0.5,3.0.6,npm,,http-proxy-middleware `router` host+path substring matching allows Host-header-driven backend routing bypass,2.0
TanStack/router,grype,GHSA-65ch-62r8-g69g,Medium,/pnpm-lock.yaml,,node-forge,1.3.1,1.3.2,npm,,node-forge is vulnerable to ASN.1 OID Integer Truncation,2.0
TanStack/router,grype,GHSA-667r-xxjv-c9mm,High,/pnpm-lock.yaml,,fastify,5.7.1,5.12.2,npm,,fastify vulnerable to request body replacement via an async validation result collision,3.0
TanStack/router,grype,GHSA-66ff-xgx4-vchm,High,/pnpm-lock.yaml,,protobufjs,7.4.0,7.5.6,npm,,protobuf.js: Code injection through bytes field defaults in generated toObject code,3.0
TanStack/router,grype,GHSA-66ff-xgx4-vchm,High,/pnpm-lock.yaml,,protobufjs,7.5.4,7.5.6,npm,,protobuf.js: Code injection through bytes field defaults in generated toObject code,3.0
TanStack/router,grype,GHSA-67mh-4wv8-2f99,Medium,/pnpm-lock.yaml,,esbuild,0.23.0,0.25.0,npm,,esbuild enables any website to send any requests to the development server and read the response,2.0
TanStack/router,grype,GHSA-685m-2w69-288q,High,/pnpm-lock.yaml,,protobufjs,7.4.0,7.5.6,npm,,protobuf.js: Denial of service through unbounded protobuf recursion,3.0
TanStack/router,grype,GHSA-685m-2w69-288q,High,/pnpm-lock.yaml,,protobufjs,7.5.4,7.5.6,npm,,protobuf.js: Denial of service through unbounded protobuf recursion,3.0
TanStack/router,grype,GHSA-68fv-2mgg-jv7q,High,/pnpm-lock.yaml,,source-map-js,1.2.1,1.2.2,npm,,source-map-js allows event-loop denial of service through indexed source-map section offsets,3.0
TanStack/router,grype,GHSA-69xw-7hcm-h432,Medium,/pnpm-lock.yaml,,hono,4.7.10,4.12.16,npm,,hono/jsx has Unvalidated JSX Tag Names that May Allow HTML Injection,2.0
TanStack/router,grype,GHSA-6g55-p6wh-862q,High,/pnpm-lock.yaml,,postcss,8.5.3,8.5.12,npm,,PostCSS: Arbitrary file read and information disclosure via attacker-controlled sourceMappingURL in CSS comments,3.0
TanStack/router,grype,GHSA-6g55-p6wh-862q,High,/pnpm-lock.yaml,,postcss,8.5.6,8.5.12,npm,,PostCSS: Arbitrary file read and information disclosure via attacker-controlled sourceMappingURL in CSS comments,3.0
TanStack/router,grype,GHSA-6g55-p6wh-862q,High,/pnpm-lock.yaml,,postcss,8.5.8,8.5.12,npm,,PostCSS: Arbitrary file read and information disclosure via attacker-controlled sourceMappingURL in CSS comments,3.0
TanStack/router,grype,GHSA-6j4f-fj2g-mc7p,High,/pnpm-lock.yaml,,brace-expansion,1.1.15,1.1.19,npm,,brace-expansion: DoS via uncontrolled recursion in parseCommaParts causing stack exhaustion,3.0
TanStack/router,grype,GHSA-6j4f-fj2g-mc7p,High,/pnpm-lock.yaml,,brace-expansion,2.1.1,2.1.5,npm,,brace-expansion: DoS via uncontrolled recursion in parseCommaParts causing stack exhaustion,3.0
TanStack/router,grype,GHSA-6j4f-fj2g-mc7p,High,/pnpm-lock.yaml,,brace-expansion,5.0.9,5.0.10,npm,,brace-expansion: DoS via uncontrolled recursion in parseCommaParts causing stack exhaustion,3.0
TanStack/router,grype,GHSA-6rw7-vpxm-498p,Medium,/pnpm-lock.yaml,,qs,6.14.0,6.14.1,npm,,qs's arrayLimit bypass in its bracket notation allows DoS via memory exhaustion,2.0
TanStack/router,grype,GHSA-6wqw-2p9w-4vw4,Medium,/pnpm-lock.yaml,,hono,4.7.10,4.11.7,npm,,"Hono cache middleware ignores ""Cache-Control: private"" leading to Web Cache Deception",2.0
TanStack/router,grype,GHSA-737v-mqg7-c878,High,/pnpm-lock.yaml,,defu,6.1.4,6.1.5,npm,,defu: Prototype pollution via `__proto__` key in defaults argument,3.0
TanStack/router,grype,GHSA-73wf-gq98-2v4g,High,/pnpm-lock.yaml,,browserslist,4.24.4,4.28.7,npm,,Browserslist: Uncaught crash / prototype write via untrusted browserslist-stats.json custom stats (normalizeStats),3.0
TanStack/router,grype,GHSA-73wf-gq98-2v4g,High,/pnpm-lock.yaml,,browserslist,4.28.1,4.28.7,npm,,Browserslist: Uncaught crash / prototype write via untrusted browserslist-stats.json custom stats (normalizeStats),3.0
TanStack/router,grype,GHSA-75px-5xx7-5xc7,High,/pnpm-lock.yaml,,protobufjs,7.4.0,7.5.6,npm,,protobuf.js: Code generation gadget after prototype pollution,3.0
TanStack/router,grype,GHSA-75px-5xx7-5xc7,High,/pnpm-lock.yaml,,protobufjs,7.5.4,7.5.6,npm,,protobuf.js: Code generation gadget after prototype pollution,3.0
TanStack/router,grype,GHSA-76c9-3jph-rj3q,Low,/pnpm-lock.yaml,,on-headers,1.0.2,1.1.0,npm,,on-headers is vulnerable to http response header manipulation,1.0
TanStack/router,grype,GHSA-79qm-7rj5-m7r9,Low,/pnpm-lock.yaml,,hono,4.7.10,4.12.34,npm,,Hono: Proxy Helper does not remove response headers listed in the `Connection` header,1.0
TanStack/router,grype,GHSA-7p8r-x3mc-p8w7,High,/pnpm-lock.yaml,,fast-uri,3.0.6,3.1.5,npm,,fast-uri vulnerable to host confusion via backslash authority introducer,3.0
TanStack/router,grype,GHSA-7r86-cg39-jmmj,High,/pnpm-lock.yaml,,minimatch,3.0.8,3.1.3,npm,,minimatch has ReDoS: matchOne() combinatorial backtracking via multiple non-adjacent GLOBSTAR segments,3.0
TanStack/router,grype,GHSA-7r86-cg39-jmmj,High,/pnpm-lock.yaml,,minimatch,3.1.2,3.1.3,npm,,minimatch has ReDoS: matchOne() combinatorial backtracking via multiple non-adjacent GLOBSTAR segments,3.0
TanStack/router,grype,GHSA-7r86-cg39-jmmj,High,/pnpm-lock.yaml,,minimatch,9.0.1,9.0.7,npm,,minimatch has ReDoS: matchOne() combinatorial backtracking via multiple non-adjacent GLOBSTAR segments,3.0
TanStack/router,grype,GHSA-7rqj-j65f-68wh,Critical,/pnpm-lock.yaml,,@auth/core,0.41.1,0.41.3,npm,,"Auth.js: Email normalizer validates the address before Unicode normalization, allowing a homoglyph @ bypass",4.0
TanStack/router,grype,GHSA-7w5x-hrqm-74c2,High,/pnpm-lock.yaml,,smol-toml,1.6.1,1.7.1,npm,,smol-toml: Denial of Service via malformed TOML documents,3.0
TanStack/router,grype,GHSA-82fw-gwwq-j7x9,Medium,/pnpm-lock.yaml,,@vitest/mocker,4.1.4,4.1.11,npm,,Vitest: Path Traversal / Arbitrary File Read via @vitest/mocker Redirect Mock,2.0
TanStack/router,grype,GHSA-82fw-gwwq-j7x9,Medium,/pnpm-lock.yaml,,vitest,4.1.4,4.1.11,npm,,Vitest: Path Traversal / Arbitrary File Read via @vitest/mocker Redirect Mock,2.0
TanStack/router,grype,GHSA-83g3-92jg-28cx,High,/pnpm-lock.yaml,,tar,7.4.3,7.5.8,npm,,Arbitrary File Read/Write via Hardlink Target Escape Through Symlink Chain in node-tar Extraction,3.0
TanStack/router,grype,GHSA-8436-99hf-9mmv,Low,/pnpm-lock.yaml,,undici,7.24.4,7.29.1,npm,,undici vulnerable to caching and replay of unsafe HTTP method responses,1.0
TanStack/router,grype,GHSA-8436-99hf-9mmv,Low,/pnpm-lock.yaml,,undici,7.27.2,7.29.1,npm,,undici vulnerable to caching and replay of unsafe HTTP method responses,1.0
TanStack/router,grype,GHSA-86w9-cpqp-85rv,High,/pnpm-lock.yaml,,node-forge,1.3.1,,npm,,node-forge RSA PKCS#1 v1.5 signature verification accepts extra nested DigestAlgorithm elements,3.0
TanStack/router,grype,GHSA-86w9-cpqp-85rv,High,/pnpm-lock.yaml,,node-forge,1.4.0,,npm,,node-forge RSA PKCS#1 v1.5 signature verification accepts extra nested DigestAlgorithm elements,3.0
TanStack/router,grype,GHSA-88fw-hqm2-52qc,High,/pnpm-lock.yaml,,hono,4.7.10,4.12.25,npm,,hono: CORS Middleware reflects any Origin with credentials when `origin` defaults to the wildcard,3.0
TanStack/router,grype,GHSA-8cpq-38p9-67gx,High,/pnpm-lock.yaml,,kysely,0.27.6,0.28.14,npm,,Kysely has a MySQL SQL Injection via Insufficient Backslash Escaping in `sql.lit(string)` usage or similar methods that append string literal values into the compiled SQL strings,3.0
TanStack/router,grype,GHSA-8fgc-7cc6-rx7x,Low,/pnpm-lock.yaml,,webpack,5.97.1,5.104.1,npm,,webpack buildHttp: allowedUris allow-list bypass via URL userinfo (@) leading to build-time SSRF behavior,1.0
TanStack/router,grype,GHSA-8j4g-w8fx-2239,Medium,/pnpm-lock.yaml,,hono,4.7.10,4.12.34,npm,,Hono: ReDoS in CORS middleware via Access-Control-Request-Headers,2.0
TanStack/router,grype,GHSA-8qq5-rm4j-mr97,High,/pnpm-lock.yaml,,tar,7.4.3,7.5.3,npm,,node-tar is Vulnerable to Arbitrary File Overwrite and Symlink Poisoning via Insufficient Path Sanitization,3.0
TanStack/router,grype,GHSA-8r88-6cj9-9fh5,Low,/pnpm-lock.yaml,,@supabase/auth-js,2.67.3,2.70.0,npm,,auth-js Vulnerable to Insecure Path Routing from Malformed User Input,1.0
TanStack/router,grype,GHSA-8x88-c5mf-7j5w,High,/pnpm-lock.yaml,,tar,7.4.3,7.5.18,npm,,node-tar: Negative tar entry size causes infinite loop in archive replace,3.0
TanStack/router,grype,GHSA-8xcm-r25x-g524,Medium,/pnpm-lock.yaml,,undici,6.21.2,6.28.0,npm,,undici vulnerable to downstream response desynchronization via retry interceptor,2.0
TanStack/router,grype,GHSA-8xcm-r25x-g524,Medium,/pnpm-lock.yaml,,undici,7.24.4,7.29.0,npm,,undici vulnerable to downstream response desynchronization via retry interceptor,2.0
TanStack/router,grype,GHSA-8xcm-r25x-g524,Medium,/pnpm-lock.yaml,,undici,7.27.2,7.29.0,npm,,undici vulnerable to downstream response desynchronization via retry interceptor,2.0
TanStack/router,grype,GHSA-92pp-h63x-v22m,Medium,/pnpm-lock.yaml,,@hono/node-server,1.14.2,1.19.13,npm,,@hono/node-server: Middleware bypass via repeated slashes in serveStatic,2.0
TanStack/router,grype,GHSA-92vj-g62v-jqhh,Medium,/pnpm-lock.yaml,,hono,4.7.10,4.9.7,npm,,Hono has Body Limit Middleware Bypass,2.0
TanStack/router,grype,GHSA-968p-4wvh-cqc8,Medium,/pnpm-lock.yaml,,@babel/runtime,7.26.7,7.26.10,npm,,Babel has inefficient RegExp complexity in generated code with .replace when transpiling named capturing groups,2.0
TanStack/router,grype,GHSA-96hv-2xvq-fx4p,High,/pnpm-lock.yaml,,ws,8.18.0,8.21.0,npm,,ws: Memory exhaustion DoS from tiny fragments and data chunks,3.0
TanStack/router,grype,GHSA-96hv-2xvq-fx4p,High,/pnpm-lock.yaml,,ws,8.20.0,8.21.0,npm,,ws: Memory exhaustion DoS from tiny fragments and data chunks,3.0
TanStack/router,grype,GHSA-99f4-grh7-6pcq,High,/pnpm-lock.yaml,,@grpc/grpc-js,1.9.15,1.9.16,npm,,@grpc/grpc-js: An incoming malformed compressed message can cause a client or server crash,3.0
TanStack/router,grype,GHSA-9fr6-4gfg-395g,Medium,/pnpm-lock.yaml,,axios,1.18.1,1.20.0,npm,,Axios: Prototype-Pollution Gadget in the Default Instance Allows Inherited Object.prototype.method to Override HTTP Method,2.0
TanStack/router,grype,GHSA-9phm-9p8f-hw5m,Medium,/pnpm-lock.yaml,,nitro,3.0.1-alpha.2,3.0.260429-beta,npm,,Nitro has an Open Redirect via Protocol-Relative URL Bypass in Wildcard Route Rules,2.0
TanStack/router,grype,GHSA-9phm-9p8f-hw5m,Medium,/pnpm-lock.yaml,,nitro,3.0.260311-beta,3.0.260429-beta,npm,,Nitro has an Open Redirect via Protocol-Relative URL Bypass in Wildcard Route Rules,2.0
TanStack/router,grype,GHSA-9ppj-qmqm-q256,High,/pnpm-lock.yaml,,tar,7.4.3,7.5.11,npm,,node-tar Symlink Path Traversal via Drive-Relative Linkpath,3.0
TanStack/router,grype,GHSA-9q9j-q6p8-xq58,High,/pnpm-lock.yaml,,fastify,5.7.1,5.12.2,npm,,fastify vulnerable to header validation bypass via incomplete schema case normalization,3.0
TanStack/router,grype,GHSA-9r54-q6cx-xmh5,Medium,/pnpm-lock.yaml,,hono,4.7.10,4.11.7,npm,,Hono vulnerable to XSS through ErrorBoundary component,2.0
TanStack/router,grype,GHSA-9vqf-7f2p-gf9v,Medium,/pnpm-lock.yaml,,hono,4.7.10,4.12.16,npm,,Hono: bodyLimit() can be bypassed for chunked / unknown-length requests,2.0
TanStack/router,grype,GHSA-c29m-xwm3-cm6r,High,/pnpm-lock.yaml,,axios,1.18.1,1.20.0,npm,,Axios: ReDoS in fromDataURI data: URL parser freezes the Node event loop (DoS),3.0
TanStack/router,grype,GHSA-c2c7-rcm5-vvqj,High,/pnpm-lock.yaml,,picomatch,2.3.1,2.3.2,npm,,Picomatch has a ReDoS vulnerability via extglob quantifiers,3.0
TanStack/router,grype,GHSA-c2c7-rcm5-vvqj,High,/pnpm-lock.yaml,,picomatch,4.0.3,4.0.4,npm,,Picomatch has a ReDoS vulnerability via extglob quantifiers,3.0
TanStack/router,grype,GHSA-c83g-rgw3-j3cx,High,/pnpm-lock.yaml,,browserslist,4.24.4,4.28.7,npm,,"Browserslist: Unbounded memory growth (no cache eviction) via distinct query results, leading to eventual OOM",3.0
TanStack/router,grype,GHSA-c83g-rgw3-j3cx,High,/pnpm-lock.yaml,,browserslist,4.28.1,4.28.7,npm,,"Browserslist: Unbounded memory growth (no cache eviction) via distinct query results, leading to eventual OOM",3.0
TanStack/router,grype,GHSA-c96f-x56v-gq3h,High,/pnpm-lock.yaml,,find-my-way,9.4.0,9.7.0,npm,,find-my-way: DDoS with HTTP2,3.0
TanStack/router,grype,GHSA-cjq9-62q9-8jv4,High,/pnpm-lock.yaml,,next,16.3.4,16.3.8,npm,,Next.js has Server-Side Request Forgery in Image Optimization,3.0
TanStack/router,grype,GHSA-crvj-82cr-hjcx,Medium,/pnpm-lock.yaml,,hono,4.7.10,4.13.5,npm,,"Hono: Query parser reads parameters after the URL fragment, causing cache-key and proxy interpretation differentials",2.0
TanStack/router,grype,GHSA-f23m-r3pf-42rh,Medium,/pnpm-lock.yaml,,lodash,4.17.21,4.18.0,npm,,lodash vulnerable to Prototype Pollution via array path bypass in `_.unset` and `_.omit`,2.0
TanStack/router,grype,GHSA-f23p-vx2j-j53r,Medium,/pnpm-lock.yaml,,hono,4.7.10,4.12.34,npm,,"Hono: `memo()` retains SSR output across requests, leading to cross-user data disclosure",2.0
TanStack/router,grype,GHSA-f269-vfmq-vjvj,High,/pnpm-lock.yaml,,undici,6.21.2,6.24.0,npm,,Undici: Malicious WebSocket 64-bit length overflows parser and crashes the client,3.0
TanStack/router,grype,GHSA-f38q-mgvj-vph7,Medium,/pnpm-lock.yaml,,protobufjs,7.4.0,7.6.3,npm,,protobufjs : Schema-derived names can shadow runtime-significant properties,2.0
TanStack/router,grype,GHSA-f38q-mgvj-vph7,Medium,/pnpm-lock.yaml,,protobufjs,7.5.4,7.6.3,npm,,protobufjs : Schema-derived names can shadow runtime-significant properties,2.0
TanStack/router,grype,GHSA-f577-qrjj-4474,Medium,/pnpm-lock.yaml,,hono,4.7.10,4.12.21,npm,,"Hono: JWT middleware accepts any Authorization scheme, not only Bearer",2.0
TanStack/router,grype,GHSA-f596-whhp-79r4,Low,/pnpm-lock.yaml,,@grpc/grpc-js,1.9.15,1.13.6,npm,,@grpc/grpc-js: The server transmits some error messages thrown by method handlers to the client in status messages,1.0
TanStack/router,grype,GHSA-f5vj-f2hx-8m93,Medium,/pnpm-lock.yaml,,webpack-dev-server,5.2.4,5.2.6,npm,,webpack-dev-server vulnerable to cross-site request forgery via internal developer endpoints,2.0
TanStack/router,grype,GHSA-f65p-4m7j-42xc,High,/pnpm-lock.yaml,,fast-uri,3.0.6,3.1.6,npm,,fast-uri vulnerable to server-side request forgery via malformed IPv6 normalization,3.0
TanStack/router,grype,GHSA-f67f-6cw9-8mq4,High,/pnpm-lock.yaml,,hono,4.7.10,4.11.4,npm,,Hono JWT Middleware's JWT Algorithm Confusion via Unsafe Default (HS256) Allows Token Forgery and Auth Bypass,3.0
TanStack/router,grype,GHSA-f87g-xv8r-7p7x,Medium,/pnpm-lock.yaml,,next,16.3.4,16.3.8,npm,,Next.js has information disclosure in App Router metadata image routes via dynamicParams bypass,2.0
TanStack/router,grype,GHSA-f88m-g3jw-g9cj,High,/pnpm-lock.yaml,,sharp,0.34.5,0.35.0,npm,,"sharp inherited vulnerabilities in libvips: CVE-2026-33327, CVE-2026-33328, CVE-2026-35590, CVE-2026-35591",3.0
TanStack/router,grype,GHSA-frvp-7c67-39w9,Medium,/pnpm-lock.yaml,,@hono/node-server,1.14.2,1.19.15,npm,,Node.js Adapter for Hono: Path traversal in `serve-static` on Windows via encoded backslash (`%5C`),2.0
TanStack/router,grype,GHSA-fx2h-pf6j-xcff,High,/pnpm-lock.yaml,,vite,8.0.14,8.0.16,npm,,vite: `server.fs.deny` bypass on Windows alternate paths,3.0
TanStack/router,grype,GHSA-fx83-v9x8-x52w,Medium,/pnpm-lock.yaml,,protobufjs,7.4.0,7.5.6,npm,,protobuf.js: Prototype injection in generated message constructors,2.0
TanStack/router,grype,GHSA-fx83-v9x8-x52w,Medium,/pnpm-lock.yaml,,protobufjs,7.5.4,7.5.6,npm,,protobuf.js: Prototype injection in generated message constructors,2.0
TanStack/router,grype,GHSA-fxqj-rqcc-2cmp,Medium,/pnpm-lock.yaml,,postcss,8.5.15,8.5.23,npm,,PostCSS: incomplete fix of GHSA-6g55-p6wh-862q — attacker-controlled sourceMappingURL reads arbitrary .map files when `from` is unset,2.0
TanStack/router,grype,GHSA-fxqj-rqcc-2cmp,Medium,/pnpm-lock.yaml,,postcss,8.5.3,8.5.23,npm,,PostCSS: incomplete fix of GHSA-6g55-p6wh-862q — attacker-controlled sourceMappingURL reads arbitrary .map files when `from` is unset,2.0
TanStack/router,grype,GHSA-fxqj-rqcc-2cmp,Medium,/pnpm-lock.yaml,,postcss,8.5.6,8.5.23,npm,,PostCSS: incomplete fix of GHSA-6g55-p6wh-862q — attacker-controlled sourceMappingURL reads arbitrary .map files when `from` is unset,2.0
TanStack/router,grype,GHSA-fxqj-rqcc-2cmp,Medium,/pnpm-lock.yaml,,postcss,8.5.8,8.5.23,npm,,PostCSS: incomplete fix of GHSA-6g55-p6wh-862q — attacker-controlled sourceMappingURL reads arbitrary .map files when `from` is unset,2.0
TanStack/router,grype,GHSA-g2v6-rqmx-r4w6,High,/pnpm-lock.yaml,,@vue/server-renderer,3.5.25,3.5.42,npm,,@vue/server-renderer: XSS via missing CR in attribute-name blacklist,3.0
TanStack/router,grype,GHSA-g6gw-c38x-mqfc,Medium,/pnpm-lock.yaml,,hono,4.7.10,4.13.5,npm,,Hono: Unbounded dot-notation nesting in `parseBody()` can cause memory exhaustion,2.0
TanStack/router,grype,GHSA-g7r4-m6w7-qqqr,Low,/pnpm-lock.yaml,,esbuild,0.27.3,0.28.1,npm,,esbuild allows arbitrary file read when running the development server on Windows,1.0
TanStack/router,grype,GHSA-g7r4-m6w7-qqqr,Low,/pnpm-lock.yaml,,esbuild,0.27.4,0.28.1,npm,,esbuild allows arbitrary file read when running the development server on Windows,1.0
TanStack/router,grype,GHSA-g84c-rxfj-3j2c,High,/pnpm-lock.yaml,,webpack-dev-middleware,7.4.2,7.4.6,npm,,webpack-dev-middleware vulnerable to Path Traversal via non-slash-terminated publicPath,3.0
TanStack/router,grype,GHSA-g8m3-5g58-fq7m,Low,/pnpm-lock.yaml,,undici,6.21.2,6.27.0,npm,,undici vulnerable to Set-Cookie SameSite attribute downgrade via permissive substring matching,1.0
TanStack/router,grype,GHSA-g8m3-5g58-fq7m,Low,/pnpm-lock.yaml,,undici,7.24.4,7.28.0,npm,,undici vulnerable to Set-Cookie SameSite attribute downgrade via permissive substring matching,1.0
TanStack/router,grype,GHSA-g8m3-5g58-fq7m,Low,/pnpm-lock.yaml,,undici,7.27.2,7.28.0,npm,,undici vulnerable to Set-Cookie SameSite attribute downgrade via permissive substring matching,1.0
TanStack/router,grype,GHSA-g9mf-h72j-4rw9,Medium,/pnpm-lock.yaml,,undici,6.21.2,6.23.0,npm,,Undici has an unbounded decompression chain in HTTP responses on Node.js Fetch API via Content-Encoding leads to resource exhaustion,2.0
TanStack/router,grype,GHSA-gcq2-9pq2-cxqm,High,/pnpm-lock.yaml,,http-proxy-middleware,3.0.5,3.0.7,npm,,http-proxy-middleware: multipart/form-data field injection via unescaped CRLF in `fixRequestBody`,3.0
TanStack/router,grype,GHSA-gfhx-hw2g-v5hg,Low,/pnpm-lock.yaml,,serialize-javascript,7.1.1,7.1.2,npm,,Serialize JavaScript: Cross-site scripting (XSS) via unescaped </script> in serialized function bodies,1.0
TanStack/router,grype,GHSA-ggr8-5vv4-36mx,High,/pnpm-lock.yaml,,deepmerge-ts,7.1.5,8.0.0,npm,,DeepmergeTS has stack exhaustion when merging recursive object graphs,3.0
TanStack/router,grype,GHSA-gq3j-xvxp-8hrf,Low,/pnpm-lock.yaml,,hono,4.7.10,4.11.10,npm,,Hono added timing comparison hardening in basicAuth and bearerAuth,1.0
TanStack/router,grype,GHSA-gqvv-2mrq-wpjv,Medium,/pnpm-lock.yaml,,hono,4.7.10,4.13.5,npm,,Hono: Incomplete fix for CVE-2026-39408: `toSSG()` still writes files outside the output directory,2.0
TanStack/router,grype,GHSA-gvwx-54wh-qm9j,Medium,/pnpm-lock.yaml,,tar,7.4.3,7.5.17,npm,,node-tar: Uncaught Exception DoS via NUL byte in PAX path/linkpath records,2.0
TanStack/router,grype,GHSA-gxm5-99cw-xjw9,Medium,/pnpm-lock.yaml,,@fastify/busboy,3.1.1,3.2.2,npm,,@fastify/busboy vulnerable to CRLF injection via multipart Content-Disposition filename and name,2.0
TanStack/router,grype,GHSA-h67p-54hq-rp68,Medium,/pnpm-lock.yaml,,js-yaml,3.14.1,3.15.0,npm,,JS-YAML: Quadratic-complexity DoS in merge key handling via repeated aliases,2.0
TanStack/router,grype,GHSA-h67p-54hq-rp68,Medium,/pnpm-lock.yaml,,js-yaml,4.1.0,4.2.0,npm,,JS-YAML: Quadratic-complexity DoS in merge key handling via repeated aliases,2.0
TanStack/router,grype,GHSA-h67p-54hq-rp68,Medium,/pnpm-lock.yaml,,js-yaml,4.1.1,4.2.0,npm,,JS-YAML: Quadratic-complexity DoS in merge key handling via repeated aliases,2.0
TanStack/router,grype,GHSA-hm8q-7f3q-5f36,Low,/pnpm-lock.yaml,,hono,4.7.10,4.12.18,npm,,"Hono has improper validation of NumericDate claims (exp, nbf, iat) in JWT verify()",1.0
TanStack/router,grype,GHSA-hm92-r4w5-c3mj,High,/pnpm-lock.yaml,,undici,7.24.4,7.28.0,npm,,undici vulnerable to cross-origin request routing via SOCKS5 proxy pool reuse,3.0
TanStack/router,grype,GHSA-hm92-r4w5-c3mj,High,/pnpm-lock.yaml,,undici,7.27.2,7.28.0,npm,,undici vulnerable to cross-origin request routing via SOCKS5 proxy pool reuse,3.0
TanStack/router,grype,GHSA-hmw2-7cc7-3qxx,High,/pnpm-lock.yaml,,form-data,4.0.5,4.0.6,npm,,form-data: CRLF injection in form-data via unescaped multipart field names and filenames,3.0
TanStack/router,grype,GHSA-hp3w-g68c-fv3c,Medium,/pnpm-lock.yaml,,sprintf-js,1.0.3,,npm,,sprintf-js vulnerable to denial of service through unbounded precision specifiers,2.0
TanStack/router,grype,GHSA-hrr3-gc8f-f4qj,Medium,/pnpm-lock.yaml,,fast-uri,3.0.6,3.1.8,npm,,fast-uri vulnerable to inconsistent host case normalization via percent-encoded octets,2.0
TanStack/router,grype,GHSA-hrvq-x7jp-36xv,Medium,/pnpm-lock.yaml,,nx,23.2.0,23.2.1,npm,,Nx: Path traversal in nx migrate package-migrations extraction,2.0
TanStack/router,grype,GHSA-hwr6-493r-vm6h,High,/pnpm-lock.yaml,,fastify,5.7.1,5.12.2,npm,,fastify vulnerable to request validation bypass via skipped boolean false schemas,3.0
TanStack/router,grype,GHSA-hxh3-vqpv-xpqv,Medium,/pnpm-lock.yaml,,hono,4.7.10,4.13.7,npm,,"hono/jsx renders plain strings unescaped in boundary components, leading to XSS",2.0
TanStack/router,grype,GHSA-j3f2-48v5-ccww,Medium,/pnpm-lock.yaml,,protobufjs,7.5.4,7.6.5,npm,,protobufjs: Denial of Service via infinite loop in .proto option parsing,2.0
TanStack/router,grype,GHSA-j3q9-mxjg-w52f,High,/pnpm-lock.yaml,,path-to-regexp,8.3.0,8.4.0,npm,,path-to-regexp vulnerable to Denial of Service via sequential optional groups,3.0
TanStack/router,grype,GHSA-j6c9-x7qj-28xf,Medium,/pnpm-lock.yaml,,hono,4.7.10,4.12.25,npm,,"hono: AWS Lambda adapter merges multiple `Set-Cookie` headers into one value, dropping cookies on ALB single-header and Lattice",2.0
TanStack/router,grype,GHSA-j8rh-479h-cp32,Medium,/pnpm-lock.yaml,,axios,1.18.1,1.20.0,npm,,Axios: Header Injection via Inherited headers After Minimal Interceptor,2.0
TanStack/router,grype,GHSA-jggg-4jg4-v7c6,Medium,/pnpm-lock.yaml,,protobufjs,7.4.0,7.5.8,npm,,protobufjs: Denial of Service via unbounded recursive JSON descriptor expansion,2.0
TanStack/router,grype,GHSA-jggg-4jg4-v7c6,Medium,/pnpm-lock.yaml,,protobufjs,7.5.4,7.5.8,npm,,protobufjs: Denial of Service via unbounded recursive JSON descriptor expansion,2.0
TanStack/router,grype,GHSA-jp82-f5mq-hwhp,High,/pnpm-lock.yaml,,seroval,1.5.4,1.6.3,npm,,Seroval: Memory exhaustion via unchecked TypedArray length in JSON deserialization,3.0
TanStack/router,grype,GHSA-jqcg-44mw-7w3h,Critical,/pnpm-lock.yaml,,proxy-addr,2.0.7,2.0.8,npm,,proxy-addr vulnerable to IP spoofing via IPv4-mapped IPv6 trust subnet,4.0
TanStack/router,grype,GHSA-jqff-g426-hqxp,High,/pnpm-lock.yaml,,fast-uri,3.0.6,3.1.6,npm,,fast-uri vulnerable to host confusion via percent-encoded scheme normalization,3.0
TanStack/router,grype,GHSA-jr45-8vmc-qm54,Medium,/pnpm-lock.yaml,,undici,7.24.4,7.29.0,npm,,undici vulnerable to cross-user information disclosure via whitespace around equals in Cache-Control directives,2.0
TanStack/router,grype,GHSA-jr45-8vmc-qm54,Medium,/pnpm-lock.yaml,,undici,7.27.2,7.29.0,npm,,undici vulnerable to cross-user information disclosure via whitespace around equals in Cache-Control directives,2.0
TanStack/router,grype,GHSA-jvwf-75h9-cwgg,High,/pnpm-lock.yaml,,protobufjs,7.4.0,7.5.6,npm,,protobuf.js: Process-wide denial of service through unsafe option paths,3.0
TanStack/router,grype,GHSA-jvwf-75h9-cwgg,High,/pnpm-lock.yaml,,protobufjs,7.5.4,7.5.6,npm,,protobuf.js: Process-wide denial of service through unsafe option paths,3.0
TanStack/router,grype,GHSA-jx2c-rxcm-jvmq,High,/pnpm-lock.yaml,,fastify,5.7.1,5.7.2,npm,,Fastify's Content-Type header tab character allows body validation bypass,3.0
TanStack/router,grype,GHSA-m28w-2pqf-7qgj,Medium,/pnpm-lock.yaml,,webpack-dev-server,5.2.4,5.2.6,npm,,webpack-dev-server vulnerable to denial of service via a malformed Host or Origin header,2.0
TanStack/router,grype,GHSA-m732-5p4w-x69g,High,/pnpm-lock.yaml,,hono,4.7.10,4.10.2,npm,,Hono Improper Authorization vulnerability,3.0
TanStack/router,grype,GHSA-m8m8-qj5v-23w3,High,/pnpm-lock.yaml,,axios,1.18.1,1.20.0,npm,,Axios: Node HTTP adapter prototype-pollution gadget allows request socket hijack via inherited createConnection,3.0
TanStack/router,grype,GHSA-m8rv-5g2x-5cg5,Medium,/pnpm-lock.yaml,,undici,6.21.2,6.28.0,npm,,undici vulnerable to CRLF Injection via blob-like body 'type' property,2.0
TanStack/router,grype,GHSA-m8rv-5g2x-5cg5,Medium,/pnpm-lock.yaml,,undici,7.24.4,7.29.0,npm,,undici vulnerable to CRLF Injection via blob-like body 'type' property,2.0
TanStack/router,grype,GHSA-m8rv-5g2x-5cg5,Medium,/pnpm-lock.yaml,,undici,7.27.2,7.29.0,npm,,undici vulnerable to CRLF Injection via blob-like body 'type' property,2.0
TanStack/router,grype,GHSA-m9gg-hp2v-232j,High,/pnpm-lock.yaml,,@grpc/grpc-js,1.9.15,1.13.6,npm,,"@grpc/grpc-js: In certain configurations, getAuthContext can return unauthorized certificates as though they were authorized",3.0
TanStack/router,grype,GHSA-mcj8-r9mp-w47p,Medium,/pnpm-lock.yaml,,next,16.3.4,16.3.8,npm,,Next.js has cache poisoning in SSG/ISR rendering that leads to cross-user content substitution and persistent denial of service,2.0
TanStack/router,grype,GHSA-mghh-pgcx-3jjj,High,/pnpm-lock.yaml,,axios,1.18.1,1.20.0,npm,,"Axios: ReDoS (O(N²)) in shouldBypassProxy host normalization, reachable via untrusted redirect Location",3.0
TanStack/router,grype,GHSA-mh29-5h37-fv8m,Medium,/pnpm-lock.yaml,,js-yaml,3.14.1,3.14.2,npm,,js-yaml has prototype pollution in merge (<<),2.0
TanStack/router,grype,GHSA-mh29-5h37-fv8m,Medium,/pnpm-lock.yaml,,js-yaml,4.1.0,4.1.1,npm,,js-yaml has prototype pollution in merge (<<),2.0
TanStack/router,grype,GHSA-mh99-v99m-4gvg,High,/pnpm-lock.yaml,,brace-expansion,1.1.15,1.1.17,npm,,brace-expansion: DoS via unbounded expansion length causing an out-of-memory process crash,3.0
TanStack/router,grype,GHSA-mh99-v99m-4gvg,High,/pnpm-lock.yaml,,brace-expansion,2.1.1,2.1.3,npm,,brace-expansion: DoS via unbounded expansion length causing an out-of-memory process crash,3.0
TanStack/router,grype,GHSA-mp7j-qc5w-4988,Medium,/pnpm-lock.yaml,,websocket-driver,0.7.4,0.7.5,npm,,websocket-driver: Resource limit bypass via message compression,2.0
TanStack/router,grype,GHSA-mrq3-vjjr-p77c,Low,/pnpm-lock.yaml,,fastify,5.7.1,5.7.3,npm,,Fastify Vulnerable to DoS via Unbounded Memory Allocation in sendWebStream,1.0
TanStack/router,grype,GHSA-mx8g-39q3-5c79,Medium,/pnpm-lock.yaml,,webpack-dev-server,5.2.4,5.2.5,npm,,webpack-dev-server vulnerable to HMR WebSocket interception via permissive user proxies,2.0
TanStack/router,grype,GHSA-p36q-q72m-gchr,Medium,/pnpm-lock.yaml,,srvx,0.10.0,0.11.13,npm,,srvx is vulnerable to middleware bypass via absolute URI in request line,2.0
TanStack/router,grype,GHSA-p36q-q72m-gchr,Medium,/pnpm-lock.yaml,,srvx,0.10.1,0.11.13,npm,,srvx is vulnerable to middleware bypass via absolute URI in request line,2.0
TanStack/router,grype,GHSA-p36q-q72m-gchr,Medium,/pnpm-lock.yaml,,srvx,0.11.12,0.11.13,npm,,srvx is vulnerable to middleware bypass via absolute URI in request line,2.0
TanStack/router,grype,GHSA-p498-v437-472g,Medium,/pnpm-lock.yaml,,@humanfs/node,0.16.6,0.16.8,npm,,humanfs: Recursive copy follows symlinked files and copies data from outside the source tree,2.0
TanStack/router,grype,GHSA-p68q-wchp-6fh7,High,/pnpm-lock.yaml,,fastify,5.7.1,5.12.2,npm,,fastify vulnerable to authentication bypass via malformed URLs reaching encapsulated not-found handlers,3.0
TanStack/router,grype,GHSA-p6vx-979v-rg4c,Critical,/pnpm-lock.yaml,,seroval,1.5.4,1.6.2,npm,,Seroval: `fromJSON()` Promise thenable assimilation invokes plugin-produced callables (bypass of GHSA-mv8w-475r-vwqw),4.0
TanStack/router,grype,GHSA-p6xx-57qc-3wxr,Medium,/pnpm-lock.yaml,,hono,4.7.10,4.12.4,npm,,Hono Vulnerable to SSE Control Field Injection via CR/LF in writeSSE(),2.0
TanStack/router,grype,GHSA-p77w-8qqv-26rm,Medium,/pnpm-lock.yaml,,hono,4.7.10,4.12.18,npm,,Hono's Cache Middleware ignores Vary: Authorization / Vary: Cookie leading to cross-user cache leakage,2.0
TanStack/router,grype,GHSA-p88m-4jfj-68fv,Medium,/pnpm-lock.yaml,,undici,6.21.2,6.27.0,npm,,undici vulnerable to HTTP header injection via Set-Cookie percent-decoding,2.0
TanStack/router,grype,GHSA-p88m-4jfj-68fv,Medium,/pnpm-lock.yaml,,undici,7.24.4,7.28.0,npm,,undici vulnerable to HTTP header injection via Set-Cookie percent-decoding,2.0
TanStack/router,grype,GHSA-p88m-4jfj-68fv,Medium,/pnpm-lock.yaml,,undici,7.27.2,7.28.0,npm,,undici vulnerable to HTTP header injection via Set-Cookie percent-decoding,2.0
TanStack/router,grype,GHSA-pmjh-fq2x-6v4x,Medium,/pnpm-lock.yaml,,undici,7.24.4,7.29.1,npm,,undici vulnerable to Denial of Service via orphaned RetryHandler response body,2.0
TanStack/router,grype,GHSA-pmjh-fq2x-6v4x,Medium,/pnpm-lock.yaml,,undici,7.27.2,7.29.1,npm,,undici vulnerable to Denial of Service via orphaned RetryHandler response body,2.0
TanStack/router,grype,GHSA-ppp5-5v6c-4jwp,High,/pnpm-lock.yaml,,node-forge,1.3.1,1.4.0,npm,,Forge has signature forgery in RSA-PKCS due to ASN.1 extra field,3.0
TanStack/router,grype,GHSA-pr7r-676h-xcf6,Medium,/pnpm-lock.yaml,,undici,7.24.4,7.28.0,npm,,undici vulnerable to cross-user information disclosure via shared cache whitespace bypass,2.0
TanStack/router,grype,GHSA-pr7r-676h-xcf6,Medium,/pnpm-lock.yaml,,undici,7.27.2,7.28.0,npm,,undici vulnerable to cross-user information disclosure via shared cache whitespace bypass,2.0
TanStack/router,grype,GHSA-pv5w-4p9q-p3v2,High,/pnpm-lock.yaml,,kysely,0.27.6,0.28.17,npm,,Kysely: JSON-path traversal injection via unsanitized path-leg metacharacters in `JSONPathBuilder.key()` / `.at()`,3.0
TanStack/router,grype,GHSA-q2hr-2g5m-vwhr,Medium,/pnpm-lock.yaml,,brace-expansion,1.1.15,1.1.21,npm,,"brace-expansion: Quadratic-time expansion of the `{a},b}` rewrite causes CPU denial of service",2.0
TanStack/router,grype,GHSA-q2hr-2g5m-vwhr,Medium,/pnpm-lock.yaml,,brace-expansion,2.1.1,2.1.7,npm,,"brace-expansion: Quadratic-time expansion of the `{a},b}` rewrite causes CPU denial of service",2.0
TanStack/router,grype,GHSA-q2hr-2g5m-vwhr,Medium,/pnpm-lock.yaml,,brace-expansion,5.0.9,5.0.12,npm,,"brace-expansion: Quadratic-time expansion of the `{a},b}` rewrite causes CPU denial of service",2.0
TanStack/router,grype,GHSA-q3j6-qgpj-74h6,High,/pnpm-lock.yaml,,fast-uri,3.0.6,3.1.1,npm,,fast-uri vulnerable to path traversal via percent-encoded dot segments,3.0
TanStack/router,grype,GHSA-q5pr-72pq-83v3,Medium,/pnpm-lock.yaml,,h3,2.0.1-rc.14,2.0.1-rc.18,npm,,H3: Unbounded Chunked Cookie Count in Session Cleanup Loop may Lead to Denial of Service,2.0
TanStack/router,grype,GHSA-q5pr-72pq-83v3,Medium,/pnpm-lock.yaml,,h3,2.0.1-rc.16,2.0.1-rc.18,npm,,H3: Unbounded Chunked Cookie Count in Session Cleanup Loop may Lead to Denial of Service,2.0
TanStack/router,grype,GHSA-q5qw-h33p-qvwr,High,/pnpm-lock.yaml,,hono,4.7.10,4.12.4,npm,,Hono vulnerable to arbitrary file access via serveStatic vulnerability,3.0
TanStack/router,grype,GHSA-q67f-28xg-22rw,High,/pnpm-lock.yaml,,node-forge,1.3.1,1.4.0,npm,,Forge has signature forgery in Ed25519 due to missing S > L check,3.0
TanStack/router,grype,GHSA-q6x5-8v7m-xcrf,Medium,/pnpm-lock.yaml,,@protobufjs/utf8,1.1.0,1.1.1,npm,,protobufjs has overlong UTF-8 decoding,2.0
TanStack/router,grype,GHSA-q6x5-8v7m-xcrf,Medium,/pnpm-lock.yaml,,protobufjs,7.4.0,7.5.6,npm,,protobufjs has overlong UTF-8 decoding,2.0
TanStack/router,grype,GHSA-q6x5-8v7m-xcrf,Medium,/pnpm-lock.yaml,,protobufjs,7.5.4,7.5.6,npm,,protobufjs has overlong UTF-8 decoding,2.0
TanStack/router,grype,GHSA-q7jf-gf43-6x6p,Medium,/pnpm-lock.yaml,,hono,4.7.10,4.10.3,npm,,Hono vulnerable to Vary Header Injection leading to potential CORS Bypass,2.0
TanStack/router,grype,GHSA-q8mj-m7cp-5q26,Medium,/pnpm-lock.yaml,,qs,6.14.0,6.15.2,npm,,qs has a remotely triggerable DoS: qs.stringify crashes with TypeError on null/undefined entries in comma-format arrays when encodeValuesOnly is set,2.0
TanStack/router,grype,GHSA-qffp-2rhf-9h96,High,/pnpm-lock.yaml,,tar,7.4.3,7.5.10,npm,,tar has Hardlink Path Traversal via Drive-Relative Linkpath,3.0
TanStack/router,grype,GHSA-qhr7-859c-m2p7,High,/pnpm-lock.yaml,,brace-expansion,1.1.15,1.1.20,npm,,brace-expansion: DoS via uncontrolled recursion on nested brace groups causing stack exhaustion,3.0
TanStack/router,grype,GHSA-qhr7-859c-m2p7,High,/pnpm-lock.yaml,,brace-expansion,2.1.1,2.1.6,npm,,brace-expansion: DoS via uncontrolled recursion on nested brace groups causing stack exhaustion,3.0
TanStack/router,grype,GHSA-qhr7-859c-m2p7,High,/pnpm-lock.yaml,,brace-expansion,5.0.9,5.0.11,npm,,brace-expansion: DoS via uncontrolled recursion on nested brace groups causing stack exhaustion,3.0
TanStack/router,grype,GHSA-qj8w-gfj5-8c6v,Medium,/pnpm-lock.yaml,,serialize-javascript,6.0.2,7.0.5,npm,,Serialize JavaScript has CPU Exhaustion Denial of Service via crafted array-like objects,2.0
TanStack/router,grype,GHSA-qjx8-664m-686j,High,/pnpm-lock.yaml,,js-cookie,3.0.5,3.0.7,npm,,JavaScript Cookie: Per-instance prototype hijack in assign() enables cookie-attribute injection,3.0
TanStack/router,grype,GHSA-qp7p-654g-cw7p,Medium,/pnpm-lock.yaml,,hono,4.7.10,4.12.18,npm,,Hono has CSS Declaration Injection via Style Object Values in JSX SSR,2.0
TanStack/router,grype,GHSA-qq9h-g4jm-xgf3,High,/pnpm-lock.yaml,,better-auth,1.6.19,1.6.22,npm,,Better Auth: Account takeover via pre-account hijacking on magic-link and email-OTP sign-in,3.0
TanStack/router,grype,GHSA-qw65-cvwx-89v3,High,/pnpm-lock.yaml,,fast-uri,3.0.6,3.1.7,npm,,fast-uri vulnerable to authority injection via an unvalidated port in serialize,3.0
TanStack/router,grype,GHSA-qx2v-qp2m-jg93,Medium,/pnpm-lock.yaml,,postcss,8.5.3,8.5.10,npm,,PostCSS has XSS via Unescaped </style> in its CSS Stringify Output,2.0
TanStack/router,grype,GHSA-qx2v-qp2m-jg93,Medium,/pnpm-lock.yaml,,postcss,8.5.6,8.5.10,npm,,PostCSS has XSS via Unescaped </style> in its CSS Stringify Output,2.0
TanStack/router,grype,GHSA-qx2v-qp2m-jg93,Medium,/pnpm-lock.yaml,,postcss,8.5.8,8.5.10,npm,,PostCSS has XSS via Unescaped </style> in its CSS Stringify Output,2.0
TanStack/router,grype,GHSA-r28c-9q8g-f849,High,/pnpm-lock.yaml,,postcss,8.5.15,8.5.18,npm,,PostCSS: Path Traversal in Previous Source Map Auto-Loading (sourceMappingURL) leads to Arbitrary .map File Disclosure,3.0
TanStack/router,grype,GHSA-r28c-9q8g-f849,High,/pnpm-lock.yaml,,postcss,8.5.3,8.5.18,npm,,PostCSS: Path Traversal in Previous Source Map Auto-Loading (sourceMappingURL) leads to Arbitrary .map File Disclosure,3.0
TanStack/router,grype,GHSA-r28c-9q8g-f849,High,/pnpm-lock.yaml,,postcss,8.5.6,8.5.18,npm,,PostCSS: Path Traversal in Previous Source Map Auto-Loading (sourceMappingURL) leads to Arbitrary .map File Disclosure,3.0
TanStack/router,grype,GHSA-r28c-9q8g-f849,High,/pnpm-lock.yaml,,postcss,8.5.8,8.5.18,npm,,PostCSS: Path Traversal in Previous Source Map Auto-Loading (sourceMappingURL) leads to Arbitrary .map File Disclosure,3.0
TanStack/router,grype,GHSA-r292-9mhp-454m,High,/pnpm-lock.yaml,,tar,7.4.3,7.5.21,npm,,node-tar: Uncontrolled recursion in mapHas/filesFilter allows uncatchable stack-overflow DoS via crafted long-path tar with member selection,3.0
TanStack/router,grype,GHSA-r354-f388-2fhh,Medium,/pnpm-lock.yaml,,hono,4.7.10,4.11.7,npm,,Hono IPv4 address validation bypass in IP Restriction Middleware allows IP spoofing,2.0
TanStack/router,grype,GHSA-r4gj-5m52-g5wh,High,/pnpm-lock.yaml,,axios,1.18.1,1.20.0,npm,,"Axios: maxRedirects: 0 is not enforced by the fetch adapter, allowing redirect-based SSRF",3.0
TanStack/router,grype,GHSA-r4xh-jqrq-34v2,Medium,/pnpm-lock.yaml,,smol-toml,1.6.1,1.9.0,npm,,smol-toml: Quadratic-time parse() from parseKey rescanning to end of document on each key line,2.0
TanStack/router,grype,GHSA-r53p-7pc4-xj5r,Low,/pnpm-lock.yaml,,undici,6.21.2,6.28.1,npm,,undici vulnerable to downstream response splitting via retry interceptor,1.0
TanStack/router,grype,GHSA-r53p-7pc4-xj5r,Low,/pnpm-lock.yaml,,undici,7.24.4,7.29.1,npm,,undici vulnerable to downstream response splitting via retry interceptor,1.0
TanStack/router,grype,GHSA-r53p-7pc4-xj5r,Low,/pnpm-lock.yaml,,undici,7.27.2,7.29.1,npm,,undici vulnerable to downstream response splitting via retry interceptor,1.0
TanStack/router,grype,GHSA-r5fr-rjxr-66jc,High,/pnpm-lock.yaml,,lodash,4.17.21,4.18.0,npm,,lodash vulnerable to Code Injection via `_.template` imports key names,3.0
TanStack/router,grype,GHSA-r5rp-j6wh-rvv4,Medium,/pnpm-lock.yaml,,hono,4.7.10,4.12.12,npm,,Hono: Non-breaking space prefix bypass in cookie name handling in getCookie(),2.0
TanStack/router,grype,GHSA-r6q2-hw4h-h46w,High,/pnpm-lock.yaml,,tar,7.4.3,7.5.4,npm,,Race Condition in node-tar Path Reservations via Unicode Ligature Collisions on macOS APFS,3.0
TanStack/router,grype,GHSA-rfgv-xxqx-mfg5,High,/pnpm-lock.yaml,,undici,6.21.2,6.28.1,npm,,undici vulnerable to Denial of Service via unrequested WebSocket subprotocol,3.0
TanStack/router,grype,GHSA-rfgv-xxqx-mfg5,High,/pnpm-lock.yaml,,undici,7.24.4,7.29.1,npm,,undici vulnerable to Denial of Service via unrequested WebSocket subprotocol,3.0
TanStack/router,grype,GHSA-rfgv-xxqx-mfg5,High,/pnpm-lock.yaml,,undici,7.27.2,7.29.1,npm,,undici vulnerable to Denial of Service via unrequested WebSocket subprotocol,3.0
TanStack/router,grype,GHSA-rgj7-g3m4-5g8c,High,/pnpm-lock.yaml,,sharp,0.34.5,0.35.4,npm,,sharp: Vulnerabilities in libheif: GHSA-g89c-p67h-r497 and GHSA-2jg2-4ch7-h545,3.0
TanStack/router,grype,GHSA-rgw5-rvv9-x895,High,/pnpm-lock.yaml,,brace-expansion,1.1.15,1.1.18,npm,,"brace-expansion: DoS via unbounded intermediate arrays, bypassing the CVE-2026-14257 mitigation",3.0
TanStack/router,grype,GHSA-rgw5-rvv9-x895,High,/pnpm-lock.yaml,,brace-expansion,2.1.1,2.1.4,npm,,"brace-expansion: DoS via unbounded intermediate arrays, bypassing the CVE-2026-14257 mitigation",3.0
TanStack/router,grype,GHSA-rgwj-5xj2-c3m3,Medium,/pnpm-lock.yaml,,mysql2,3.15.3,3.23.1,npm,,MySQL2: Unbounded zlib inflate in compressed MySQL protocol handler allows decompression-bomb DoS,2.0
TanStack/router,grype,GHSA-rj75-hqrm-r3gf,Medium,/pnpm-lock.yaml,,postcss-selector-parser,6.1.2,7.1.6,npm,,PostCSS: Quadratic complexity in flat selector parsing allows CPU exhaustion,2.0
TanStack/router,grype,GHSA-rj75-hqrm-r3gf,Medium,/pnpm-lock.yaml,,postcss-selector-parser,7.1.0,7.1.6,npm,,PostCSS: Quadratic complexity in flat selector parsing allows CPU exhaustion,2.0
TanStack/router,grype,GHSA-rv63-4mwf-qqc2,Medium,/pnpm-lock.yaml,,hono,4.7.10,4.12.25,npm,,hono: Body Limit Middleware can be bypassed on AWS Lambda by understating `Content-Length`,2.0
TanStack/router,grype,GHSA-rx4f-c7p8-82vq,Medium,/pnpm-lock.yaml,,undici,7.24.4,7.29.1,npm,,undici vulnerable to Denial of Service via WebSocketStream unclean close,2.0
TanStack/router,grype,GHSA-rx4f-c7p8-82vq,Medium,/pnpm-lock.yaml,,undici,7.27.2,7.29.1,npm,,undici vulnerable to Denial of Service via WebSocketStream unclean close,2.0
TanStack/router,grype,GHSA-v2hh-gcrm-f6hx,High,/pnpm-lock.yaml,,fast-uri,3.0.6,3.1.4,npm,,fast-uri vulnerable to host confusion via literal backslash authority delimiter,3.0
TanStack/router,grype,GHSA-v39h-62p7-jpjc,High,/pnpm-lock.yaml,,fast-uri,3.0.6,3.1.2,npm,,fast-uri vulnerable to host confusion via percent-encoded authority delimiters,3.0
TanStack/router,grype,GHSA-v3r7-h72x-cjcm,Medium,/pnpm-lock.yaml,,undici,6.21.2,6.28.0,npm,,undici vulnerable to cookie attribute injection via unsanitized domain and unparsed setCookie fields,2.0
TanStack/router,grype,GHSA-v3r7-h72x-cjcm,Medium,/pnpm-lock.yaml,,undici,7.24.4,7.29.0,npm,,undici vulnerable to cookie attribute injection via unsanitized domain and unparsed setCookie fields,2.0
TanStack/router,grype,GHSA-v3r7-h72x-cjcm,Medium,/pnpm-lock.yaml,,undici,7.27.2,7.29.0,npm,,undici vulnerable to cookie attribute injection via unsanitized domain and unparsed setCookie fields,2.0
TanStack/router,grype,GHSA-v422-hmwv-36x6,Low,/pnpm-lock.yaml,,body-parser,1.20.5,1.20.6,npm,,body-parser vulnerable to denial of service when invalid limit value silently disables size enforcement,1.0
TanStack/router,grype,GHSA-v422-hmwv-36x6,Low,/pnpm-lock.yaml,,body-parser,2.2.2,2.3.0,npm,,body-parser vulnerable to denial of service when invalid limit value silently disables size enforcement,1.0
TanStack/router,grype,GHSA-v56q-mh7h-f735,High,/pnpm-lock.yaml,,immutable,5.1.4,5.1.8,npm,,Immutable.js `List` 32-bit trie overflow → unrecoverable DoS,3.0
TanStack/router,grype,GHSA-v6wh-96g9-6wx3,Medium,/pnpm-lock.yaml,,launch-editor,2.9.1,2.14.1,npm,,launch-editor: NTLMv2 hash disclosure via UNC path handling on Windows,2.0
TanStack/router,grype,GHSA-v6wh-96g9-6wx3,Medium,/pnpm-lock.yaml,,vite,8.0.14,8.0.16,npm,,launch-editor: NTLMv2 hash disclosure via UNC path handling on Windows,2.0
TanStack/router,grype,GHSA-v8w9-8mx6-g223,Medium,/pnpm-lock.yaml,,hono,4.7.10,4.12.7,npm,,Hono vulnerable to Prototype Pollution possible through __proto__ key allowed in parseBody({ dot: true }),2.0
TanStack/router,grype,GHSA-v9p9-hfj2-hcw8,High,/pnpm-lock.yaml,,undici,6.21.2,6.24.0,npm,,Undici has Unhandled Exception in WebSocket Client Due to Invalid server_max_window_bits Validation,3.0
TanStack/router,grype,GHSA-vc2v-76pw-4v95,High,/pnpm-lock.yaml,,compression,1.8.0,1.8.2,npm,,compression vulnerable to Denial of Service via memory leak on premature response close,3.0
TanStack/router,grype,GHSA-vc2v-76pw-4v95,High,/pnpm-lock.yaml,,compression,1.8.1,1.8.2,npm,,compression vulnerable to Denial of Service via memory leak on premature response close,3.0
TanStack/router,grype,GHSA-vcvr-r3jv-pc5j,Critical,/pnpm-lock.yaml,,next,16.3.4,16.3.6,npm,,Next.js: Remote Code Execution in next/og ImageResponse,4.0
TanStack/router,grype,GHSA-vfj7-8cjw-p6xm,High,/pnpm-lock.yaml,,braces,3.0.3,,npm,,braces vulnerable to stack-exhaustion denial of service through deeply nested patterns,3.0
TanStack/router,grype,GHSA-vh66-26gq-q6x8,Medium,/pnpm-lock.yaml,,axios,1.18.1,1.20.0,npm,,Axios: Prototype pollution gadget in fetch adapter can alter outbound requests,2.0
TanStack/router,grype,GHSA-vmf3-w455-68vh,Medium,/pnpm-lock.yaml,,tar,7.4.3,7.5.16,npm,,"node-tar applies PAX size override to intermediary GNU long-name/long-link headers, causing tar parser interpretation differential (file smuggling)",2.0
TanStack/router,grype,GHSA-vmh5-mc38-953g,High,/pnpm-lock.yaml,,undici,7.24.4,7.28.0,npm,,undici vulnerable to TLS certificate validation bypass via dropped requestTls in SOCKS5 ProxyAgent,3.0
TanStack/router,grype,GHSA-vmh5-mc38-953g,High,/pnpm-lock.yaml,,undici,7.27.2,7.28.0,npm,,undici vulnerable to TLS certificate validation bypass via dropped requestTls in SOCKS5 ProxyAgent,3.0
TanStack/router,grype,GHSA-vqpr-j7v3-hqw9,High,/pnpm-lock.yaml,,valibot,1.0.0-beta.15,1.2.0,npm,,Valibot has a ReDoS vulnerability in `EMOJI_REGEX`,3.0
TanStack/router,grype,GHSA-vqpr-j7v3-hqw9,High,/pnpm-lock.yaml,,valibot,1.1.0,1.2.0,npm,,Valibot has a ReDoS vulnerability in `EMOJI_REGEX`,3.0
TanStack/router,grype,GHSA-vqx2-fgx2-5wq9,Critical,/pnpm-lock.yaml,,@clerk/shared,3.28.2,3.47.4,npm,,Official Clerk JavaScript SDKs: Middleware-based route protection bypass,4.0
TanStack/router,grype,GHSA-vqx2-fgx2-5wq9,Critical,/pnpm-lock.yaml,,@clerk/shared,3.42.0,3.47.4,npm,,Official Clerk JavaScript SDKs: Middleware-based route protection bypass,4.0
TanStack/router,grype,GHSA-vrm6-8vpv-qv8q,High,/pnpm-lock.yaml,,undici,6.21.2,6.24.0,npm,,Undici has Unbounded Memory Consumption in WebSocket permessage-deflate Decompression,3.0
TanStack/router,grype,GHSA-vvvv-983w-r7pv,Medium,/pnpm-lock.yaml,,@workos/authkit-session,0.3.4,0.5.1,npm,,@workos/authkit-session has an Open Redirect via state-derived redirect target,2.0
TanStack/router,grype,GHSA-vxpw-j846-p89q,High,/pnpm-lock.yaml,,undici,6.21.2,6.27.0,npm,,undici WebSocket client vulnerable to denial of service via fragment count bypass,3.0
TanStack/router,grype,GHSA-vxpw-j846-p89q,High,/pnpm-lock.yaml,,undici,7.24.4,7.28.0,npm,,undici WebSocket client vulnerable to denial of service via fragment count bypass,3.0
TanStack/router,grype,GHSA-vxpw-j846-p89q,High,/pnpm-lock.yaml,,undici,7.27.2,7.28.0,npm,,undici WebSocket client vulnerable to denial of service via fragment count bypass,3.0
TanStack/router,grype,GHSA-w24r-5266-9c3c,High,/pnpm-lock.yaml,,@clerk/backend,2.18.3,2.33.3,npm,,"Clerk has an authorization bypass when combining organization, billing, or reverification checks",3.0
TanStack/router,grype,GHSA-w24r-5266-9c3c,High,/pnpm-lock.yaml,,@clerk/backend,2.29.2,2.33.3,npm,,"Clerk has an authorization bypass when combining organization, billing, or reverification checks",3.0
TanStack/router,grype,GHSA-w24r-5266-9c3c,High,/pnpm-lock.yaml,,@clerk/clerk-react,5.53.2,5.61.6,npm,,"Clerk has an authorization bypass when combining organization, billing, or reverification checks",3.0
TanStack/router,grype,GHSA-w24r-5266-9c3c,High,/pnpm-lock.yaml,,@clerk/clerk-react,5.59.3,5.61.6,npm,,"Clerk has an authorization bypass when combining organization, billing, or reverification checks",3.0
TanStack/router,grype,GHSA-w24r-5266-9c3c,High,/pnpm-lock.yaml,,@clerk/shared,3.28.2,3.47.5,npm,,"Clerk has an authorization bypass when combining organization, billing, or reverification checks",3.0
TanStack/router,grype,GHSA-w24r-5266-9c3c,High,/pnpm-lock.yaml,,@clerk/shared,3.42.0,3.47.5,npm,,"Clerk has an authorization bypass when combining organization, billing, or reverification checks",3.0
TanStack/router,grype,GHSA-w24r-5266-9c3c,High,/pnpm-lock.yaml,,@clerk/tanstack-react-start,0.19.0,0.29.11,npm,,"Clerk has an authorization bypass when combining organization, billing, or reverification checks",3.0
TanStack/router,grype,GHSA-w24r-5266-9c3c,High,/pnpm-lock.yaml,,@clerk/tanstack-react-start,0.27.14,0.29.11,npm,,"Clerk has an authorization bypass when combining organization, billing, or reverification checks",3.0
TanStack/router,grype,GHSA-w27v-7q3p-w38r,High,/pnpm-lock.yaml,,svgo,4.0.0,4.1.0,npm,,SVGO: removeScripts allows executable links through namespace and control-character bypasses,3.0
TanStack/router,grype,GHSA-w293-vg96-wgc3,High,/pnpm-lock.yaml,,undici,7.24.4,7.29.1,npm,,undici vulnerable to TLS certificate validation bypass via dropped connect options in BalancedPool,3.0
TanStack/router,grype,GHSA-w293-vg96-wgc3,High,/pnpm-lock.yaml,,undici,7.27.2,7.29.1,npm,,undici vulnerable to TLS certificate validation bypass via dropped connect options in BalancedPool,3.0
TanStack/router,grype,GHSA-w2qp-rph6-63g4,Medium,/pnpm-lock.yaml,,fastify,5.7.1,5.12.1,npm,,fastify vulnerable to schema validation bypass via root primitive coercion mismatch,2.0
TanStack/router,grype,GHSA-w332-q679-j88p,Medium,/pnpm-lock.yaml,,hono,4.7.10,4.11.7,npm,,Hono has an Arbitrary Key Read in Serve static Middleware (Cloudflare Workers Adapter),2.0
TanStack/router,grype,GHSA-w3rx-r6r6-pgpr,High,/pnpm-lock.yaml,,image-size,2.0.2,2.0.3,npm,,image-size: ICNS parser allows denial of service through an infinite loop,3.0
TanStack/router,grype,GHSA-w5hq-g745-h8pq,Medium,/pnpm-lock.yaml,,uuid,10.0.0,11.1.1,npm,,uuid: Missing buffer bounds check in v3/v5/v6 when buf is provided,2.0
TanStack/router,grype,GHSA-w5hq-g745-h8pq,Medium,/pnpm-lock.yaml,,uuid,11.1.0,11.1.1,npm,,uuid: Missing buffer bounds check in v3/v5/v6 when buf is provided,2.0
TanStack/router,grype,GHSA-w5hq-g745-h8pq,Medium,/pnpm-lock.yaml,,uuid,8.3.2,11.1.1,npm,,uuid: Missing buffer bounds check in v3/v5/v6 when buf is provided,2.0
TanStack/router,grype,GHSA-w62v-xxxg-mg59,Medium,/pnpm-lock.yaml,,hono,4.7.10,4.12.27,npm,,Hono: Server-Side XSS via JSX Escaping Bypass in cx() Utility,2.0
TanStack/router,grype,GHSA-w7fw-mjwx-w883,Low,/pnpm-lock.yaml,,qs,6.14.0,6.14.2,npm,,qs's arrayLimit bypass in comma parsing allows denial of service,1.0
TanStack/router,grype,GHSA-w7jw-789q-3m8p,Critical,/pnpm-lock.yaml,,shell-quote,1.8.2,1.8.4,npm,,shell-quote quote() does not escape newlines in object .op values,4.0
TanStack/router,grype,GHSA-w7jw-789q-3m8p,Critical,/pnpm-lock.yaml,,shell-quote,1.8.3,1.8.4,npm,,shell-quote quote() does not escape newlines in object .op values,4.0
TanStack/router,grype,GHSA-w8wr-v893-vjvp,Medium,/pnpm-lock.yaml,,tar,7.4.3,7.5.18,npm,,node-tar: Process crash via PAX numeric path type confusion,2.0
TanStack/router,grype,GHSA-w9m9-85wc-3x92,Low,/pnpm-lock.yaml,,postcss-selector-parser,6.1.2,6.1.3,npm,,postcss-selector-parser allows denial of service through uncontrolled AST recursion,1.0
TanStack/router,grype,GHSA-w9m9-85wc-3x92,Low,/pnpm-lock.yaml,,postcss-selector-parser,7.1.0,7.1.3,npm,,postcss-selector-parser allows denial of service through uncontrolled AST recursion,1.0
TanStack/router,grype,GHSA-wc8c-qw6v-h7f6,High,/pnpm-lock.yaml,,@hono/node-server,1.14.2,1.19.10,npm,,@hono/node-server has authorization bypass for protected static paths via encoded slashes in Serve Static Middleware,3.0
TanStack/router,grype,GHSA-wcpc-wj8m-hjx6,High,/pnpm-lock.yaml,,protobufjs,7.4.0,7.6.1,npm,,protobufjs: Denial of service through unbounded Any expansion during JSON conversion,3.0
TanStack/router,grype,GHSA-wcpc-wj8m-hjx6,High,/pnpm-lock.yaml,,protobufjs,7.5.4,7.6.1,npm,,protobufjs: Denial of service through unbounded Any expansion during JSON conversion,3.0
TanStack/router,grype,GHSA-wf6x-7x77-mvgw,High,/pnpm-lock.yaml,,immutable,5.1.4,5.1.5,npm,,Immutable is vulnerable to Prototype Pollution,3.0
TanStack/router,grype,GHSA-wgpf-jwqj-8h8p,Medium,/pnpm-lock.yaml,,hono,4.7.10,4.12.25,npm,,"hono: Lambda@Edge adapter keeps only the last value of a repeated request header, dropping the rest",2.0
TanStack/router,grype,GHSA-wmmm-f939-6g9c,Medium,/pnpm-lock.yaml,,hono,4.7.10,4.12.12,npm,,Hono: Middleware bypass via repeated slashes in serveStatic,2.0
TanStack/router,grype,GHSA-wmrf-hv6w-mr66,High,/pnpm-lock.yaml,,kysely,0.27.6,0.28.12,npm,,SQL Injection via unsanitized JSON path keys when ignoring/silencing compilation errors or using `Kysely<any>`.,3.0
TanStack/router,grype,GHSA-wq5f-xc86-pv6w,High,/pnpm-lock.yaml,,sharp,0.34.5,0.35.5,npm,,sharp : Vulnerability in librsvg dependency CVE-2026-96889,3.0
TanStack/router,grype,GHSA-wq5f-xc86-pv6w,High,/pnpm-lock.yaml,,sharp,0.35.4,0.35.5,npm,,sharp : Vulnerability in librsvg dependency CVE-2026-96889,3.0
TanStack/router,grype,GHSA-wr4h-v87w-p3r7,Medium,/pnpm-lock.yaml,,h3,2.0.1-rc.14,2.0.1-rc.15,npm,,h3 has a Path Traversal via Percent-Encoded Dot Segments in serveStatic Allows Arbitrary File Read,2.0
TanStack/router,grype,GHSA-wwfh-h76j-fc44,Medium,/pnpm-lock.yaml,,hono,4.7.10,4.12.25,npm,,hono: Path traversal in `serve-static` on Windows via encoded backslash (`%5C`),2.0
TanStack/router,grype,GHSA-x445-f3h2-j279,Medium,/pnpm-lock.yaml,,@auth/core,0.41.1,0.41.3,npm,,"Auth.js: OAuth state, nonce, and PKCE check cookies are not bound to the provider that created them",2.0
TanStack/router,grype,GHSA-x5fp-wj9c-mxmx,Medium,/pnpm-lock.yaml,,qs,6.15.2,6.16.0,npm,,qs array-limit bypass via bracket-key comma parsing,2.0
TanStack/router,grype,GHSA-x8mw-p69m-v3mx,High,/pnpm-lock.yaml,,@fastify/busboy,3.1.1,3.2.1,npm,,@fastify/busboy vulnerable to Denial of Service via prototype-named multipart part header,3.0
TanStack/router,grype,GHSA-x97p-jq2g-jp4f,High,/pnpm-lock.yaml,,axios,1.18.1,1.20.0,npm,,Axios: Prototype Pollution Gadget in axios toFormData Options,3.0
TanStack/router,grype,GHSA-xf4j-xp2r-rqqx,Medium,/pnpm-lock.yaml,,hono,4.7.10,4.12.12,npm,,Hono: Path traversal in toSSG() allows writing files outside the output directory,2.0
TanStack/router,grype,GHSA-xffm-g5w8-qvg7,Low,/pnpm-lock.yaml,,@eslint/plugin-kit,0.2.7,0.3.4,npm,,@eslint/plugin-kit is vulnerable to Regular Expression Denial of Service attacks through ConfigCommentParser,1.0
TanStack/router,grype,GHSA-xgm2-5f3f-mvvc,Medium,/pnpm-lock.yaml,,hono,4.7.10,4.12.27,npm,,Hono: API Gateway v1 adapter can drop a distinct repeated request header value during de-duplication,2.0
TanStack/router,grype,GHSA-xjh9-v7x6-24jw,High,/pnpm-lock.yaml,,@fastify/busboy,3.1.1,3.2.1,npm,,@fastify/busboy vulnerable to Denial of Service via oversized multipart boundary,3.0
TanStack/router,grype,GHSA-xmf8-cvqr-rfgj,High,/pnpm-lock.yaml,,@auth/core,0.41.1,0.41.3,npm,,Auth.js: getToken() throws an uncaught exception on malformed Bearer authorization headers,3.0
TanStack/router,grype,GHSA-xpcf-pg52-r92g,Medium,/pnpm-lock.yaml,,hono,4.7.10,4.12.12,npm,,Hono has incorrect IP matching in ipRestriction() for IPv4-mapped IPv6 addresses,2.0
TanStack/router,grype,GHSA-xpqw-6gx7-v673,High,/pnpm-lock.yaml,,svgo,4.0.0,4.0.1,npm,,SVGO DoS through entity expansion in DOCTYPE (Billion Laughs),3.0
TanStack/router,grype,GHSA-xq3m-2v4x-88gg,Critical,/pnpm-lock.yaml,,protobufjs,7.4.0,7.5.5,npm,,Arbitrary code execution in protobufjs,4.0
TanStack/router,grype,GHSA-xq3m-2v4x-88gg,Critical,/pnpm-lock.yaml,,protobufjs,7.5.4,7.5.5,npm,,Arbitrary code execution in protobufjs,4.0
TanStack/router,grype,GHSA-xrhx-7g5j-rcj5,Medium,/pnpm-lock.yaml,,hono,4.7.10,4.12.21,npm,,Hono: IP Restriction bypasses static deny rules for non-canonical IPv6,2.0
TanStack/router,grype,GHSA-xv26-6w52-cph6,Critical,/pnpm-lock.yaml,,websocket-driver,0.7.4,0.7.5,npm,,websocket-driver: Message corruption via abuse of protocol length headers,4.0
TanStack/router,grype,GHSA-xvcm-6775-5m9r,High,/pnpm-lock.yaml,,immutable,5.1.4,5.1.8,npm,,Immutable: Hash-collision algorithmic complexity denial of service in Immutable.Map/Set,3.0
TanStack/router,grype,GHSA-xwg4-73v4-xw9w,High,/pnpm-lock.yaml,,nanoid,3.3.11,3.3.12,npm,,nanoid: Integer Overflow or Wraparound,3.0
TanStack/router,grype,GHSA-xxjr-mmjv-4gpg,Medium,/pnpm-lock.yaml,,lodash,4.17.21,4.17.23,npm,,Lodash has Prototype Pollution Vulnerability in `_.unset` and `_.omit` functions,2.0
TanStack/select,grype,GHSA-22p9-wv53-3rq4,High,/pnpm-lock.yaml,,linkify-it,5.0.0,5.0.1,npm,,LinkifyIt#match scan loop has quadratic algorithmic complexity,3.0
TanStack/select,grype,GHSA-23c5-xmqv-rm74,High,/pnpm-lock.yaml,,minimatch,10.0.1,10.2.3,npm,,minimatch ReDoS: nested *() extglobs generate catastrophically backtracking regular expressions,3.0
TanStack/select,grype,GHSA-23c5-xmqv-rm74,High,/pnpm-lock.yaml,,minimatch,3.0.8,3.1.4,npm,,minimatch ReDoS: nested *() extglobs generate catastrophically backtracking regular expressions,3.0
TanStack/select,grype,GHSA-23c5-xmqv-rm74,High,/pnpm-lock.yaml,,minimatch,3.1.2,3.1.4,npm,,minimatch ReDoS: nested *() extglobs generate catastrophically backtracking regular expressions,3.0
TanStack/select,grype,GHSA-23c5-xmqv-rm74,High,/pnpm-lock.yaml,,minimatch,9.0.3,9.0.7,npm,,minimatch ReDoS: nested *() extglobs generate catastrophically backtracking regular expressions,3.0
TanStack/select,grype,GHSA-23c5-xmqv-rm74,High,/pnpm-lock.yaml,,minimatch,9.0.5,9.0.7,npm,,minimatch ReDoS: nested *() extglobs generate catastrophically backtracking regular expressions,3.0
TanStack/select,grype,GHSA-253c-mchw-3w2r,Medium,/pnpm-lock.yaml,,markdown-it,14.1.0,14.3.1,npm,,"markdown-it linkify: true has two quadratic paths, so a few hundred KB of markdown blocks the event loop for tens of seconds",2.0
TanStack/select,grype,GHSA-25h7-pfq9-p65f,High,/pnpm-lock.yaml,,flatted,3.3.3,3.4.0,npm,,flatted vulnerable to unbounded recursion DoS in parse() revive phase,3.0
TanStack/select,grype,GHSA-2883-xcg3-v3hh,High,/pnpm-lock.yaml,,js-yaml,3.14.1,3.15.2,npm,,js-yaml: maxTotalMergeKeys does not limit CPU use for empty merge sources,3.0
TanStack/select,grype,GHSA-2883-xcg3-v3hh,High,/pnpm-lock.yaml,,js-yaml,4.1.0,4.3.2,npm,,js-yaml: maxTotalMergeKeys does not limit CPU use for empty merge sources,3.0
TanStack/select,grype,GHSA-28wg-ghj8-5hjv,High,/pnpm-lock.yaml,,nanoid,3.3.11,3.3.16,npm,,nanoid: non-secure generators can loop indefinitely with negative size,3.0
TanStack/select,grype,GHSA-28wg-ghj8-5hjv,High,/pnpm-lock.yaml,,nanoid,5.1.5,5.1.16,npm,,nanoid: non-secure generators can loop indefinitely with negative size,3.0
TanStack/select,grype,GHSA-2g4f-4pwh-qvx6,Medium,/pnpm-lock.yaml,,ajv,6.12.6,6.14.0,npm,,ajv has ReDoS when using `$data` option,2.0
TanStack/select,grype,GHSA-2g4f-4pwh-qvx6,Medium,/pnpm-lock.yaml,,ajv,8.12.0,8.18.0,npm,,ajv has ReDoS when using `$data` option,2.0
TanStack/select,grype,GHSA-2g4f-4pwh-qvx6,Medium,/pnpm-lock.yaml,,ajv,8.13.0,8.18.0,npm,,ajv has ReDoS when using `$data` option,2.0
TanStack/select,grype,GHSA-2v37-7h3g-55p8,High,/pnpm-lock.yaml,,nanoid,3.3.11,3.3.18,npm,,nanoid: custom generators can loop indefinitely when size is zero,3.0
TanStack/select,grype,GHSA-2v37-7h3g-55p8,High,/pnpm-lock.yaml,,nanoid,5.1.5,5.1.6,npm,,nanoid: custom generators can loop indefinitely when size is zero,3.0
TanStack/select,grype,GHSA-35jp-ww65-95wh,High,/pnpm-lock.yaml,,axios,1.9.0,1.16.0,npm,,axios Vulnerable to Full Man-in-the-Middle via Prototype Pollution Gadget in `config.proxy`,3.0
TanStack/select,grype,GHSA-38c4-r59v-3vqw,Medium,/pnpm-lock.yaml,,markdown-it,14.1.0,14.1.1,npm,,markdown-it is has a Regular Expression Denial of Service (ReDoS),2.0
TanStack/select,grype,GHSA-3g43-6gmg-66jw,High,/pnpm-lock.yaml,,axios,1.9.0,1.15.2,npm,,axios Vulnerable to Credential Theft and Response Hijacking via Prototype Pollution Gadget in Config Merge,3.0
TanStack/select,grype,GHSA-3j22-8qj3-26mx,High,/pnpm-lock.yaml,,seroval,1.2.1,1.4.1,npm,,Seroval affected by Denial of Service via Deeply Nested Objects,3.0
TanStack/select,grype,GHSA-3jxr-9vmj-r5cp,High,/pnpm-lock.yaml,,brace-expansion,1.1.11,1.1.16,npm,,brace-expansion: DoS via exponential-time expansion of consecutive non-expanding {} groups,3.0
TanStack/select,grype,GHSA-3jxr-9vmj-r5cp,High,/pnpm-lock.yaml,,brace-expansion,2.0.1,2.1.2,npm,,brace-expansion: DoS via exponential-time expansion of consecutive non-expanding {} groups,3.0
TanStack/select,grype,GHSA-3p68-rc4w-qgx5,Medium,/pnpm-lock.yaml,,axios,1.9.0,1.15.0,npm,,Axios has a NO_PROXY Hostname Normalization Bypass that Leads to SSRF,2.0
TanStack/select,grype,GHSA-3ppc-4f35-3m26,High,/pnpm-lock.yaml,,minimatch,10.0.1,10.2.1,npm,,minimatch has a ReDoS via repeated wildcards with non-matching literal in pattern,3.0
TanStack/select,grype,GHSA-3ppc-4f35-3m26,High,/pnpm-lock.yaml,,minimatch,3.0.8,3.1.3,npm,,minimatch has a ReDoS via repeated wildcards with non-matching literal in pattern,3.0
TanStack/select,grype,GHSA-3ppc-4f35-3m26,High,/pnpm-lock.yaml,,minimatch,3.1.2,3.1.3,npm,,minimatch has a ReDoS via repeated wildcards with non-matching literal in pattern,3.0
TanStack/select,grype,GHSA-3ppc-4f35-3m26,High,/pnpm-lock.yaml,,minimatch,9.0.3,9.0.6,npm,,minimatch has a ReDoS via repeated wildcards with non-matching literal in pattern,3.0
TanStack/select,grype,GHSA-3ppc-4f35-3m26,High,/pnpm-lock.yaml,,minimatch,9.0.5,9.0.6,npm,,minimatch has a ReDoS via repeated wildcards with non-matching literal in pattern,3.0
TanStack/select,grype,GHSA-3rxj-6cgf-8cfw,High,/pnpm-lock.yaml,,seroval,1.2.1,1.4.1,npm,,seroval Affected by Remote Code Execution via JSON Deserialization,3.0
TanStack/select,grype,GHSA-3v7f-55p6-f55p,Medium,/pnpm-lock.yaml,,picomatch,2.3.1,2.3.2,npm,,Picomatch: Method Injection in POSIX Character Classes causes incorrect Glob Matching,2.0
TanStack/select,grype,GHSA-3v7f-55p6-f55p,Medium,/pnpm-lock.yaml,,picomatch,4.0.2,4.0.4,npm,,Picomatch: Method Injection in POSIX Character Classes causes incorrect Glob Matching,2.0
TanStack/select,grype,GHSA-3w6x-2g7m-8v23,Medium,/pnpm-lock.yaml,,axios,1.9.0,1.15.2,npm,,Axios: Invisible JSON Response Tampering via Prototype Pollution Gadget in `parseReviver`,2.0
TanStack/select,grype,GHSA-42h9-826w-cgv3,Medium,/pnpm-lock.yaml,,axios,1.9.0,1.18.0,npm,,Axios: Excessive recursion in formDataToJSON can cause denial of service,2.0
TanStack/select,grype,GHSA-43fc-jf86-j433,High,/pnpm-lock.yaml,,axios,1.9.0,1.13.5,npm,,Axios is Vulnerable to Denial of Service via __proto__ Key in mergeConfig,3.0
TanStack/select,grype,GHSA-445q-vr5w-6q77,Medium,/pnpm-lock.yaml,,axios,1.9.0,1.15.1,npm,,Axios: CRLF Injection in multipart/form-data body via unsanitized blob.type in formDataToStream,2.0
TanStack/select,grype,GHSA-48c2-rrv3-qjmp,Medium,/pnpm-lock.yaml,,yaml,2.7.1,2.8.3,npm,,yaml is vulnerable to Stack Overflow via deeply nested YAML collections,2.0
TanStack/select,grype,GHSA-4hjh-wcwx-xvwj,High,/pnpm-lock.yaml,,axios,1.9.0,1.12.0,npm,,Axios is vulnerable to DoS attack through lack of data size check,3.0
TanStack/select,grype,GHSA-4w7w-66w2-5vf9,Medium,/pnpm-lock.yaml,,vite,6.3.3,6.4.2,npm,,Vite Vulnerable to Path Traversal in Optimized Deps `.map` Handling,2.0
TanStack/select,grype,GHSA-4x5r-pxfx-6jf8,Low,/pnpm-lock.yaml,,@babel/core,7.26.10,7.29.6,npm,,@babel/core: Arbitrary File Read via sourceMappingURL Comment,1.0
TanStack/select,grype,GHSA-52cp-r559-cp3m,High,/pnpm-lock.yaml,,js-yaml,3.14.1,3.15.0,npm,,js-yaml: YAML merge-key chains can force quadratic CPU consumption,3.0
TanStack/select,grype,GHSA-52cp-r559-cp3m,High,/pnpm-lock.yaml,,js-yaml,4.1.0,4.3.0,npm,,js-yaml: YAML merge-key chains can force quadratic CPU consumption,3.0
TanStack/select,grype,GHSA-52f5-9888-hmc6,Low,/pnpm-lock.yaml,,tmp,0.0.33,0.2.4,npm,,tmp allows arbitrary temporary file / directory write via symbolic link `dir` parameter,1.0
TanStack/select,grype,GHSA-52f5-9888-hmc6,Low,/pnpm-lock.yaml,,tmp,0.2.3,0.2.4,npm,,tmp allows arbitrary temporary file / directory write via symbolic link `dir` parameter,1.0
TanStack/select,grype,GHSA-58qx-3vcg-4xpx,Medium,/pnpm-lock.yaml,,ws,8.18.1,8.20.1,npm,,ws: Uninitialized memory disclosure,2.0
TanStack/select,grype,GHSA-5c9x-8gcm-mpgx,Medium,/pnpm-lock.yaml,,axios,1.9.0,1.15.1,npm,,Axios' HTTP adapter-streamed uploads bypass maxBodyLength when maxRedirects: 0,2.0
TanStack/select,grype,GHSA-5gmw-xhrv-c9v3,Critical,/pnpm-lock.yaml,,tinypool,1.0.2,2.1.1,npm,,Tinypool: Prototype Pollution gadget in worker options leads to Remote Code Execution,4.0
TanStack/select,grype,GHSA-5p4m-2wfm-xmqj,High,/pnpm-lock.yaml,,js-yaml,3.14.1,3.15.1,npm,,JS-YAML: Quadratic CPU consumption in !!omap resolution (3.x and 4.x) — CVE-2026-59870 fix not backported,3.0
TanStack/select,grype,GHSA-5p4m-2wfm-xmqj,High,/pnpm-lock.yaml,,js-yaml,4.1.0,4.3.1,npm,,JS-YAML: Quadratic CPU consumption in !!omap resolution (3.x and 4.x) — CVE-2026-59870 fix not backported,3.0
TanStack/select,grype,GHSA-5xrq-8626-4rwp,Critical,/pnpm-lock.yaml,,vitest,3.1.2,3.2.6,npm,,"When Vitest UI server is listening, arbitrary file can be read and executed",4.0
TanStack/select,grype,GHSA-62hf-57xw-28j9,Medium,/pnpm-lock.yaml,,axios,1.9.0,1.15.1,npm,,Axios: unbounded recursion in toFormData causes DoS via deeply nested request data,2.0
TanStack/select,grype,GHSA-66fc-rw6m-c2q6,High,/pnpm-lock.yaml,,seroval,1.2.1,1.4.1,npm,,Seroval affected by Denial of Service via Array serialization,3.0
TanStack/select,grype,GHSA-68fv-2mgg-jv7q,High,/pnpm-lock.yaml,,source-map-js,1.2.1,1.2.2,npm,,source-map-js allows event-loop denial of service through indexed source-map section offsets,3.0
TanStack/select,grype,GHSA-6chq-wfr3-2hj9,High,/pnpm-lock.yaml,,axios,1.9.0,1.15.1,npm,,Axios: Header Injection via Prototype Pollution,3.0
TanStack/select,grype,GHSA-6g55-p6wh-862q,High,/pnpm-lock.yaml,,postcss,8.5.3,8.5.12,npm,,PostCSS: Arbitrary file read and information disclosure via attacker-controlled sourceMappingURL in CSS comments,3.0
TanStack/select,grype,GHSA-6j4f-fj2g-mc7p,High,/pnpm-lock.yaml,,brace-expansion,1.1.11,1.1.19,npm,,brace-expansion: DoS via uncontrolled recursion in parseCommaParts causing stack exhaustion,3.0
TanStack/select,grype,GHSA-6j4f-fj2g-mc7p,High,/pnpm-lock.yaml,,brace-expansion,2.0.1,2.1.5,npm,,brace-expansion: DoS via uncontrolled recursion in parseCommaParts causing stack exhaustion,3.0
TanStack/select,grype,GHSA-6v5v-wf23-fmfq,Medium,/pnpm-lock.yaml,,markdown-it,14.1.0,14.2.0,npm,,markdown-it: Quadratic complexity DoS in smartquotes rule via replaceAt string operations,2.0
TanStack/select,grype,GHSA-73wf-gq98-2v4g,High,/pnpm-lock.yaml,,browserslist,4.24.4,4.28.7,npm,,Browserslist: Uncaught crash / prototype write via untrusted browserslist-stats.json custom stats (normalizeStats),3.0
TanStack/select,grype,GHSA-777c-7fjr-54vf,High,/pnpm-lock.yaml,,axios,1.9.0,1.16.0,npm,,Allocation of Resources Without Limits or Throttling in Axios,3.0
TanStack/select,grype,GHSA-7q8q-rj6j-mhjq,Medium,/pnpm-lock.yaml,,axios,1.9.0,1.18.0,npm,,Axios: Nested axios option objects can consume polluted prototype values,2.0
TanStack/select,grype,GHSA-7r86-cg39-jmmj,High,/pnpm-lock.yaml,,minimatch,10.0.1,10.2.3,npm,,minimatch has ReDoS: matchOne() combinatorial backtracking via multiple non-adjacent GLOBSTAR segments,3.0
TanStack/select,grype,GHSA-7r86-cg39-jmmj,High,/pnpm-lock.yaml,,minimatch,3.0.8,3.1.3,npm,,minimatch has ReDoS: matchOne() combinatorial backtracking via multiple non-adjacent GLOBSTAR segments,3.0
TanStack/select,grype,GHSA-7r86-cg39-jmmj,High,/pnpm-lock.yaml,,minimatch,3.1.2,3.1.3,npm,,minimatch has ReDoS: matchOne() combinatorial backtracking via multiple non-adjacent GLOBSTAR segments,3.0
TanStack/select,grype,GHSA-7r86-cg39-jmmj,High,/pnpm-lock.yaml,,minimatch,9.0.3,9.0.7,npm,,minimatch has ReDoS: matchOne() combinatorial backtracking via multiple non-adjacent GLOBSTAR segments,3.0
TanStack/select,grype,GHSA-7r86-cg39-jmmj,High,/pnpm-lock.yaml,,minimatch,9.0.5,9.0.7,npm,,minimatch has ReDoS: matchOne() combinatorial backtracking via multiple non-adjacent GLOBSTAR segments,3.0
TanStack/select,grype,GHSA-7w5x-hrqm-74c2,High,/pnpm-lock.yaml,,smol-toml,1.3.4,1.7.1,npm,,smol-toml: Denial of Service via malformed TOML documents,3.0
TanStack/select,grype,GHSA-82fw-gwwq-j7x9,Medium,/pnpm-lock.yaml,,@vitest/mocker,3.1.2,4.1.11,npm,,Vitest: Path Traversal / Arbitrary File Read via @vitest/mocker Redirect Mock,2.0
TanStack/select,grype,GHSA-82fw-gwwq-j7x9,Medium,/pnpm-lock.yaml,,vitest,3.1.2,4.1.11,npm,,Vitest: Path Traversal / Arbitrary File Read via @vitest/mocker Redirect Mock,2.0
TanStack/select,grype,GHSA-858h-whjf-mvg5,High,/pnpm-lock.yaml,,simple-git,3.27.0,4.0.0,npm,,simple-git: unsafe-operations plugin bypass via git long-option abbreviation (--receive-p/--exe) -> command execution (residual of CVE-2026-28291),3.0
TanStack/select,grype,GHSA-859w-5945-r5v3,Medium,/pnpm-lock.yaml,,vite,6.3.3,6.3.4,npm,,Vite's server.fs.deny bypassed with /. for files under project root,2.0
TanStack/select,grype,GHSA-85c8-ppgw-ccpr,Critical,/pnpm-lock.yaml,,tinypool,1.0.2,2.1.2,npm,,Tinypool: Prototype Pollution Gadget to RCE in run() options,4.0
TanStack/select,grype,GHSA-898c-q2cr-xwhg,Medium,/pnpm-lock.yaml,,axios,1.9.0,1.16.0,npm,,axios has DoS & Header Injection via Prototype Pollution Read-Side Gadgets in axios merge functions,2.0
TanStack/select,grype,GHSA-93m4-6634-74q7,Medium,/pnpm-lock.yaml,,vite,6.3.3,6.4.1,npm,,vite allows server.fs.deny bypass via backslash on Windows,2.0
TanStack/select,grype,GHSA-96hv-2xvq-fx4p,High,/pnpm-lock.yaml,,ws,8.18.1,8.21.0,npm,,ws: Memory exhaustion DoS from tiny fragments and data chunks,3.0
TanStack/select,grype,GHSA-9fr6-4gfg-395g,Medium,/pnpm-lock.yaml,,axios,1.9.0,1.20.0,npm,,Axios: Prototype-Pollution Gadget in the Default Instance Allows Inherited Object.prototype.method to Override HTTP Method,2.0
TanStack/select,grype,GHSA-c2c7-rcm5-vvqj,High,/pnpm-lock.yaml,,picomatch,2.3.1,2.3.2,npm,,Picomatch has a ReDoS vulnerability via extglob quantifiers,3.0
TanStack/select,grype,GHSA-c2c7-rcm5-vvqj,High,/pnpm-lock.yaml,,picomatch,4.0.2,4.0.4,npm,,Picomatch has a ReDoS vulnerability via extglob quantifiers,3.0
TanStack/select,grype,GHSA-c83g-rgw3-j3cx,High,/pnpm-lock.yaml,,browserslist,4.24.4,4.28.7,npm,,"Browserslist: Unbounded memory growth (no cache eviction) via distinct query results, leading to eventual OOM",3.0
TanStack/select,grype,GHSA-crpf-4hrx-3jrp,Medium,/pnpm-lock.yaml,,svelte,5.28.2,5.51.5,npm,,Svelte SSR attribute spreading includes inherited properties from prototype chain,2.0
TanStack/select,grype,GHSA-f23m-r3pf-42rh,Medium,/pnpm-lock.yaml,,lodash,4.17.21,4.18.0,npm,,lodash vulnerable to Prototype Pollution via array path bypass in `_.unset` and `_.omit`,2.0
TanStack/select,grype,GHSA-f7gr-6p89-r883,Medium,/pnpm-lock.yaml,,svelte,5.28.2,5.51.5,npm,,Svelte affected by cross-site scripting via spread attributes in Svelte SSR,2.0
TanStack/select,grype,GHSA-f886-m6hf-6m8v,Medium,/pnpm-lock.yaml,,brace-expansion,1.1.11,1.1.13,npm,,brace-expansion: Zero-step sequence causes process hang and memory exhaustion,2.0
TanStack/select,grype,GHSA-f886-m6hf-6m8v,Medium,/pnpm-lock.yaml,,brace-expansion,2.0.1,2.0.3,npm,,brace-expansion: Zero-step sequence causes process hang and memory exhaustion,2.0
TanStack/select,grype,GHSA-fjxv-7rqg-78g4,Critical,/pnpm-lock.yaml,,form-data,4.0.2,4.0.4,npm,,form-data uses unsafe random function in form-data for choosing boundary,4.0
TanStack/select,grype,GHSA-fvcv-3m26-pcqx,Medium,/pnpm-lock.yaml,,axios,1.9.0,1.15.0,npm,,Axios has Unrestricted Cloud Metadata Exfiltration via Header Injection Chain,2.0
TanStack/select,grype,GHSA-fx2h-pf6j-xcff,High,/pnpm-lock.yaml,,vite,6.3.3,6.4.3,npm,,vite: `server.fs.deny` bypass on Windows alternate paths,3.0
TanStack/select,grype,GHSA-fxqj-rqcc-2cmp,Medium,/pnpm-lock.yaml,,postcss,8.5.3,8.5.23,npm,,PostCSS: incomplete fix of GHSA-6g55-p6wh-862q — attacker-controlled sourceMappingURL reads arbitrary .map files when `from` is unset,2.0
TanStack/select,grype,GHSA-g2r8-wvmj-jf5w,Medium,/pnpm-lock.yaml,,nx,20.8.1,22.7.2,npm,,`nx graph` dev server permissive CORS policy,2.0
TanStack/select,grype,GHSA-g4jq-h2w9-997c,Low,/pnpm-lock.yaml,,vite,6.3.3,6.3.6,npm,,Vite middleware may serve files starting with the same name with the public directory,1.0
TanStack/select,grype,GHSA-g4wm-2vf7-vfgr,High,/pnpm-lock.yaml,,simple-git,3.27.0,4.0.0,npm,,simple-git allows command execution through unblocked Git configuration includes,3.0
TanStack/select,grype,GHSA-h67p-54hq-rp68,Medium,/pnpm-lock.yaml,,js-yaml,3.14.1,3.15.0,npm,,JS-YAML: Quadratic-complexity DoS in merge key handling via repeated aliases,2.0
TanStack/select,grype,GHSA-h67p-54hq-rp68,Medium,/pnpm-lock.yaml,,js-yaml,4.1.0,4.2.0,npm,,JS-YAML: Quadratic-complexity DoS in merge key handling via repeated aliases,2.0
TanStack/select,grype,GHSA-hffm-xvc3-vprc,High,/pnpm-lock.yaml,,simple-git,3.27.0,3.36.0,npm,,simple-git is vulnerable to Remote Code Execution,3.0
TanStack/select,grype,GHSA-hfxv-24rg-xrqf,High,/pnpm-lock.yaml,,axios,1.9.0,1.16.0,npm,,Axios: Regular Expression Denial of Service (ReDoS) via Cookie Name Injection,3.0
TanStack/select,grype,GHSA-hj76-42vx-jwp4,High,/pnpm-lock.yaml,,seroval,1.2.1,1.4.1,npm,,seroval Affected by Prototype Pollution via JSON Deserialization,3.0
TanStack/select,grype,GHSA-hmw2-7cc7-3qxx,High,/pnpm-lock.yaml,,form-data,4.0.2,4.0.6,npm,,form-data: CRLF injection in form-data via unescaped multipart field names and filenames,3.0
TanStack/select,grype,GHSA-hp3w-g68c-fv3c,Medium,/pnpm-lock.yaml,,sprintf-js,1.0.3,,npm,,sprintf-js vulnerable to denial of service through unbounded precision specifiers,2.0
TanStack/select,grype,GHSA-hrvq-x7jp-36xv,Medium,/pnpm-lock.yaml,,nx,20.8.1,22.7.10,npm,,Nx: Path traversal in nx migrate package-migrations extraction,2.0
TanStack/select,grype,GHSA-hx9m-jf43-8ffr,High,/pnpm-lock.yaml,,seroval,1.2.1,1.4.1,npm,,seroval affected by Denial of Service via RegExp serialization,3.0
TanStack/select,grype,GHSA-j5f8-grm9-p9fc,High,/pnpm-lock.yaml,,axios,1.9.0,1.16.0,npm,,Axios: Proxy-Authorization header leaks to redirect target when proxy is re-evaluated to direct connection,3.0
TanStack/select,grype,GHSA-j8rh-479h-cp32,Medium,/pnpm-lock.yaml,,axios,1.9.0,1.20.0,npm,,Axios: Header Injection via Inherited headers After Minimal Interceptor,2.0
TanStack/select,grype,GHSA-jcxm-m3jx-f287,High,/pnpm-lock.yaml,,simple-git,3.27.0,3.32.0,npm,,simple-git Affected by Command Execution via Option-Parsing Bypass,3.0
TanStack/select,grype,GHSA-jp82-f5mq-hwhp,High,/pnpm-lock.yaml,,seroval,1.2.1,1.6.3,npm,,Seroval: Memory exhaustion via unchecked TypedArray length in JSON deserialization,3.0
TanStack/select,grype,GHSA-jqfw-vq24-v9c3,Low,/pnpm-lock.yaml,,vite,6.3.3,6.3.6,npm,,Vite's `server.fs` settings were not applied to HTML files,1.0
TanStack/select,grype,GHSA-jqh4-m9w3-8hp9,Medium,/pnpm-lock.yaml,,axios,1.9.0,1.18.0,npm,,Axios: Fetch adapter `ReadableStream` uploads bypass `maxBodyLength`,2.0
TanStack/select,grype,GHSA-m56q-vw4c-c2cp,Medium,/pnpm-lock.yaml,,svelte,5.28.2,5.51.5,npm,,Svelte SSR does not validate dynamic element tag names in `<svelte:element>`,2.0
TanStack/select,grype,GHSA-m7pr-hjqh-92cm,Medium,/pnpm-lock.yaml,,axios,1.9.0,1.15.1,npm,,Axios: no_proxy bypass via IP alias allows SSRF,2.0
TanStack/select,grype,GHSA-mh29-5h37-fv8m,Medium,/pnpm-lock.yaml,,js-yaml,3.14.1,3.14.2,npm,,js-yaml has prototype pollution in merge (<<),2.0
TanStack/select,grype,GHSA-mh29-5h37-fv8m,Medium,/pnpm-lock.yaml,,js-yaml,4.1.0,4.1.1,npm,,js-yaml has prototype pollution in merge (<<),2.0
TanStack/select,grype,GHSA-mh99-v99m-4gvg,High,/pnpm-lock.yaml,,brace-expansion,1.1.11,1.1.17,npm,,brace-expansion: DoS via unbounded expansion length causing an out-of-memory process crash,3.0
TanStack/select,grype,GHSA-mh99-v99m-4gvg,High,/pnpm-lock.yaml,,brace-expansion,2.0.1,2.1.3,npm,,brace-expansion: DoS via unbounded expansion length causing an out-of-memory process crash,3.0
TanStack/select,grype,GHSA-mmx7-hfxf-jppx,Medium,/pnpm-lock.yaml,,axios,1.9.0,1.18.0,npm,,Axios: Prototype pollution gadgets can alter axios request construction,2.0
TanStack/select,grype,GHSA-mv8w-475r-vwqw,Critical,/pnpm-lock.yaml,,seroval,1.2.1,1.5.3,npm,,seroval: `seroval.fromJSON()` Promise resolver type confusion invokes attacker-controlled methods during deserialization,4.0
TanStack/select,grype,GHSA-mw96-cpmx-2vgc,High,/pnpm-lock.yaml,,rollup,4.40.0,4.59.0,npm,,Rollup 4 has Arbitrary File Write via Path Traversal,3.0
TanStack/select,grype,GHSA-p498-v437-472g,Medium,/pnpm-lock.yaml,,@humanfs/node,0.16.6,0.16.8,npm,,humanfs: Recursive copy follows symlinked files and copies data from outside the source tree,2.0
TanStack/select,grype,GHSA-p6vx-979v-rg4c,Critical,/pnpm-lock.yaml,,seroval,1.2.1,1.6.2,npm,,Seroval: `fromJSON()` Promise thenable assimilation invokes plugin-produced callables (bypass of GHSA-mv8w-475r-vwqw),4.0
TanStack/select,grype,GHSA-p92q-9vqr-4j8v,High,/pnpm-lock.yaml,,axios,1.9.0,1.16.0,npm,,Axios: Proxy-Authorization Credential Leak to Origin Server Across HTTP-to-HTTPS Redirect in Axios Node.js HTTP Adapter,3.0
TanStack/select,grype,GHSA-p9ff-h696-f583,High,/pnpm-lock.yaml,,vite,6.3.3,6.4.2,npm,,Vite Vulnerable to Arbitrary File Read via Vite Dev Server WebSocket,3.0
TanStack/select,grype,GHSA-pf86-5x62-jrwf,High,/pnpm-lock.yaml,,axios,1.9.0,1.15.1,npm,,"Axios: Prototype Pollution Gadgets - Response Tampering, Data Exfiltration, and Request Hijacking",3.0
TanStack/select,grype,GHSA-ph9p-34f9-6g65,High,/pnpm-lock.yaml,,tmp,0.0.33,0.2.6,npm,,tmp has Path Traversal via unsanitized prefix/postfix that enables directory escape,3.0
TanStack/select,grype,GHSA-ph9p-34f9-6g65,High,/pnpm-lock.yaml,,tmp,0.2.3,0.2.6,npm,,tmp has Path Traversal via unsanitized prefix/postfix that enables directory escape,3.0
TanStack/select,grype,GHSA-phwv-c562-gvmh,Medium,/pnpm-lock.yaml,,svelte,5.28.2,5.53.5,npm,,Svelte vulnerable to XSS during SSR with contenteditable `bind:innerText` and `bind:textContent`,2.0
TanStack/select,grype,GHSA-pmv8-rq9r-6j72,Medium,/pnpm-lock.yaml,,axios,1.9.0,1.18.0,npm,,Axios: Deep formToJSON Key Recursion Can Cause Denial of Service,2.0
TanStack/select,grype,GHSA-pmwg-cvhr-8vh7,High,/pnpm-lock.yaml,,axios,1.9.0,1.15.1,npm,,Axios: Incomplete Fix for CVE-2025-62718 — NO_PROXY Protection Bypassed via RFC 1122 Loopback Subnet (127.0.0.0/8) in Axios 1.15.0,3.0
TanStack/select,grype,GHSA-pr6f-5x2q-rwfp,Medium,/pnpm-lock.yaml,,svelte,5.28.2,5.55.7,npm,,Svelte SSR vulnerable to cross-site scripting via spread attributes,2.0
TanStack/select,grype,GHSA-q2hr-2g5m-vwhr,Medium,/pnpm-lock.yaml,,brace-expansion,1.1.11,1.1.21,npm,,"brace-expansion: Quadratic-time expansion of the `{a},b}` rewrite causes CPU denial of service",2.0
TanStack/select,grype,GHSA-q2hr-2g5m-vwhr,Medium,/pnpm-lock.yaml,,brace-expansion,2.0.1,2.1.7,npm,,"brace-expansion: Quadratic-time expansion of the `{a},b}` rewrite causes CPU denial of service",2.0
TanStack/select,grype,GHSA-q8qp-cvcw-x6jj,High,/pnpm-lock.yaml,,axios,1.9.0,1.15.2,npm,,Axios has prototype pollution read-side gadgets in HTTP adapter that allow credential injection and request hijacking,3.0
TanStack/select,grype,GHSA-qhr7-859c-m2p7,High,/pnpm-lock.yaml,,brace-expansion,1.1.11,1.1.20,npm,,brace-expansion: DoS via uncontrolled recursion on nested brace groups causing stack exhaustion,3.0
TanStack/select,grype,GHSA-qhr7-859c-m2p7,High,/pnpm-lock.yaml,,brace-expansion,2.0.1,2.1.6,npm,,brace-expansion: DoS via uncontrolled recursion on nested brace groups causing stack exhaustion,3.0
TanStack/select,grype,GHSA-qx2v-qp2m-jg93,Medium,/pnpm-lock.yaml,,postcss,8.5.3,8.5.10,npm,,PostCSS has XSS via Unescaped </style> in its CSS Stringify Output,2.0
TanStack/select,grype,GHSA-qxc2-j82w-r537,High,/pnpm-lock.yaml,,@faker-js/faker,9.7.0,10.5.0,npm,,Faker: helpers.fake exploitable into arbritary code execution,3.0
TanStack/select,grype,GHSA-r275-fr43-pm7q,Critical,/pnpm-lock.yaml,,simple-git,3.27.0,3.32.3,npm,,simple-git has blockUnsafeOperationsPlugin bypass via case-insensitive protocol.allow config key enables RCE,4.0
TanStack/select,grype,GHSA-r28c-9q8g-f849,High,/pnpm-lock.yaml,,postcss,8.5.3,8.5.18,npm,,PostCSS: Path Traversal in Previous Source Map Auto-Loading (sourceMappingURL) leads to Arbitrary .map File Disclosure,3.0
TanStack/select,grype,GHSA-r4q5-vmmm-2653,Medium,/pnpm-lock.yaml,,follow-redirects,1.15.9,1.16.0,npm,,follow-redirects leaks Custom Authentication Headers to Cross-Domain Redirect Targets,2.0
TanStack/select,grype,GHSA-r4xh-jqrq-34v2,Medium,/pnpm-lock.yaml,,smol-toml,1.3.4,1.9.0,npm,,smol-toml: Quadratic-time parse() from parseKey rescanning to end of document on each key line,2.0
TanStack/select,grype,GHSA-r5fr-rjxr-66jc,High,/pnpm-lock.yaml,,lodash,4.17.21,4.18.0,npm,,lodash vulnerable to Code Injection via `_.template` imports key names,3.0
TanStack/select,grype,GHSA-rcqx-6q8c-2c42,Medium,/pnpm-lock.yaml,,svelte,5.28.2,5.55.7,npm,,Svelte Vulnerable to XSS via DOM Clobbering of Internal Framework State,2.0
TanStack/select,grype,GHSA-rf6f-7fwh-wjgh,High,/pnpm-lock.yaml,,flatted,3.3.3,3.4.2,npm,,Prototype Pollution via parse() in NodeJS flatted,3.0
TanStack/select,grype,GHSA-rgw5-rvv9-x895,High,/pnpm-lock.yaml,,brace-expansion,1.1.11,1.1.18,npm,,"brace-expansion: DoS via unbounded intermediate arrays, bypassing the CVE-2026-14257 mitigation",3.0
TanStack/select,grype,GHSA-rgw5-rvv9-x895,High,/pnpm-lock.yaml,,brace-expansion,2.0.1,2.1.4,npm,,"brace-expansion: DoS via unbounded intermediate arrays, bypassing the CVE-2026-14257 mitigation",3.0
TanStack/select,grype,GHSA-v245-v573-v5vm,High,/pnpm-lock.yaml,,linkify-it,5.0.0,5.0.2,npm,,linkify-it: Quadratic-complexity DoS via the `mailto:` validator scan-loop on attacker text,3.0
TanStack/select,grype,GHSA-v3rj-xjv7-4jmq,Medium,/pnpm-lock.yaml,,smol-toml,1.3.4,1.6.1,npm,,smol-toml: Denial of Service via TOML documents containing thousands of consecutive commented lines,2.0
TanStack/select,grype,GHSA-v6h2-p8h4-qcjw,Low,/pnpm-lock.yaml,,brace-expansion,1.1.11,1.1.12,npm,,brace-expansion Regular Expression Denial of Service vulnerability,1.0
TanStack/select,grype,GHSA-v6h2-p8h4-qcjw,Low,/pnpm-lock.yaml,,brace-expansion,2.0.1,2.0.2,npm,,brace-expansion Regular Expression Denial of Service vulnerability,1.0
TanStack/select,grype,GHSA-v6wh-96g9-6wx3,Medium,/pnpm-lock.yaml,,vite,6.3.3,6.4.3,npm,,launch-editor: NTLMv2 hash disclosure via UNC path handling on Windows,2.0
TanStack/select,grype,GHSA-vf2m-468p-8v99,Medium,/pnpm-lock.yaml,,axios,1.9.0,1.15.1,npm,,Axios: HTTP adapter streamed responses bypass maxContentLength,2.0
TanStack/select,grype,GHSA-vfj7-8cjw-p6xm,High,/pnpm-lock.yaml,,braces,3.0.3,,npm,,braces vulnerable to stack-exhaustion denial of service through deeply nested patterns,3.0
TanStack/select,grype,GHSA-vh66-26gq-q6x8,Medium,/pnpm-lock.yaml,,axios,1.9.0,1.20.0,npm,,Axios: Prototype pollution gadget in fetch adapter can alter outbound requests,2.0
TanStack/select,grype,GHSA-vp3h-ghgh-jr7g,High,/pnpm-lock.yaml,,nx,20.8.1,22.7.7,npm,,Nx: Zip-Slip in the self-hosted remote cache,3.0
TanStack/select,grype,GHSA-w2vw-w76x-qr89,High,/pnpm-lock.yaml,,nx,20.8.1,22.7.8,npm,,Nx: OS command injection via git revisions and remote refs,3.0
TanStack/select,grype,GHSA-w3vv-58gj-gw77,High,/pnpm-lock.yaml,,nx,20.8.1,22.7.9,npm,,Nx daemon and plugin worker sockets are accessible to other local users,3.0
TanStack/select,grype,GHSA-w9j2-pvgh-6h63,Medium,/pnpm-lock.yaml,,axios,1.9.0,1.15.1,npm,,Axios: Authentication Bypass via Prototype Pollution Gadget in `validateStatus` Merge Strategy,2.0
TanStack/select,grype,GHSA-x6jw-m9v5-85vh,Critical,/pnpm-lock.yaml,,simple-git,3.27.0,4.0.1,npm,,simple-git unsafe-operation guard does not block trailer command configuration,4.0
TanStack/select,grype,GHSA-xffm-g5w8-qvg7,Low,/pnpm-lock.yaml,,@eslint/plugin-kit,0.2.8,0.3.4,npm,,@eslint/plugin-kit is vulnerable to Regular Expression Denial of Service attacks through ConfigCommentParser,1.0
TanStack/select,grype,GHSA-xhjh-pmcv-23jw,Low,/pnpm-lock.yaml,,axios,1.9.0,1.15.1,npm,,Axios: Null Byte Injection via Reverse-Encoding in AxiosURLSearchParams,1.0
TanStack/select,grype,GHSA-xwg4-73v4-xw9w,High,/pnpm-lock.yaml,,nanoid,3.3.11,3.3.12,npm,,nanoid: Integer Overflow or Wraparound,3.0
TanStack/select,grype,GHSA-xwg4-73v4-xw9w,High,/pnpm-lock.yaml,,nanoid,5.1.5,5.1.11,npm,,nanoid: Integer Overflow or Wraparound,3.0
TanStack/select,grype,GHSA-xx6v-rp6x-q39c,Medium,/pnpm-lock.yaml,,axios,1.9.0,1.15.1,npm,,Axios: XSRF Token Cross-Origin Leakage via Prototype Pollution Gadget in `withXSRFToken` Boolean Coercion,2.0
TanStack/select,grype,GHSA-xxjr-mmjv-4gpg,Medium,/pnpm-lock.yaml,,lodash,4.17.21,4.17.23,npm,,Lodash has Prototype Pollution Vulnerability in `_.unset` and `_.omit` functions,2.0
TanStack/store,grype,GHSA-22p9-wv53-3rq4,High,/pnpm-lock.yaml,,linkify-it,5.0.0,5.0.1,npm,,LinkifyIt#match scan loop has quadratic algorithmic complexity,3.0
TanStack/store,grype,GHSA-23hp-3jrh-7fpw,Critical,/pnpm-lock.yaml,,tar,7.5.13,7.5.19,npm,,node-tar: Decompression/parse DoS via unlimited input,4.0
TanStack/store,grype,GHSA-253c-mchw-3w2r,Medium,/pnpm-lock.yaml,,markdown-it,14.1.1,14.3.1,npm,,"markdown-it linkify: true has two quadratic paths, so a few hundred KB of markdown blocks the event loop for tens of seconds",2.0
TanStack/store,grype,GHSA-26pp-8wgv-hjvm,Medium,/pnpm-lock.yaml,,hono,4.12.9,4.12.12,npm,,Hono missing validation of cookie name on write path in setCookie(),2.0
TanStack/store,grype,GHSA-2883-xcg3-v3hh,High,/pnpm-lock.yaml,,js-yaml,3.14.2,3.15.2,npm,,js-yaml: maxTotalMergeKeys does not limit CPU use for empty merge sources,3.0
TanStack/store,grype,GHSA-2883-xcg3-v3hh,High,/pnpm-lock.yaml,,js-yaml,4.1.1,4.3.2,npm,,js-yaml: maxTotalMergeKeys does not limit CPU use for empty merge sources,3.0
TanStack/store,grype,GHSA-2gcr-mfcq-wcc3,Medium,/pnpm-lock.yaml,,hono,4.12.9,4.12.21,npm,,"Hono: app.mount() strips mount prefix using undecoded path, causing incorrect routing for percent-encoded paths",2.0
TanStack/store,grype,GHSA-2gqq-gqf2-x968,Low,/pnpm-lock.yaml,,undici,7.24.4,7.29.1,npm,,undici vulnerable to response truncation via oversized chunked responses in the dump interceptor,1.0
TanStack/store,grype,GHSA-2gqq-gqf2-x968,Low,/pnpm-lock.yaml,,undici,7.24.6,7.29.1,npm,,undici vulnerable to response truncation via oversized chunked responses in the dump interceptor,1.0
TanStack/store,grype,GHSA-2jfj-6hjv-fm6j,Medium,/pnpm-lock.yaml,,undici,7.24.4,7.29.1,npm,,undici vulnerable to cross-user cookie disclosure via Set-Cookie caching in shared caches,2.0
TanStack/store,grype,GHSA-2jfj-6hjv-fm6j,Medium,/pnpm-lock.yaml,,undici,7.24.6,7.29.1,npm,,undici vulnerable to cross-user cookie disclosure via Set-Cookie caching in shared caches,2.0
TanStack/store,grype,GHSA-35p6-xmwp-9g52,Low,/pnpm-lock.yaml,,undici,7.24.4,7.28.0,npm,,undici vulnerable to HTTP response queue poisoning via keep-alive socket reuse,1.0
TanStack/store,grype,GHSA-35p6-xmwp-9g52,Low,/pnpm-lock.yaml,,undici,7.24.6,7.28.0,npm,,undici vulnerable to HTTP response queue poisoning via keep-alive socket reuse,1.0
TanStack/store,grype,GHSA-395f-4hp3-45gv,High,/pnpm-lock.yaml,,shell-quote,1.8.3,1.9.0,npm,,shell-quote: Quadratic-complexity Denial of Service in `parse()` (CWE-407),3.0
TanStack/store,grype,GHSA-39pv-4j6c-2g6v,High,/pnpm-lock.yaml,,@angular/common,21.2.8,21.2.17,npm,,@angular/common: Weak 32-Bit Cache Key Hashing in `HttpTransferCache` Leading to Cross-Request Data Leakage and State Poisoning,3.0
TanStack/store,grype,GHSA-3hrh-pfw6-9m5x,Medium,/pnpm-lock.yaml,,hono,4.12.9,4.12.21,npm,,"Hono: Cookie helper does not sanitize sameSite and priority, allowing Set-Cookie injection",2.0
TanStack/store,grype,GHSA-3jxr-9vmj-r5cp,High,/pnpm-lock.yaml,,brace-expansion,1.1.13,1.1.16,npm,,brace-expansion: DoS via exponential-time expansion of consecutive non-expanding {} groups,3.0
TanStack/store,grype,GHSA-3jxr-9vmj-r5cp,High,/pnpm-lock.yaml,,brace-expansion,2.0.3,2.1.2,npm,,brace-expansion: DoS via exponential-time expansion of consecutive non-expanding {} groups,3.0
TanStack/store,grype,GHSA-3jxr-9vmj-r5cp,High,/pnpm-lock.yaml,,brace-expansion,5.0.6,5.0.7,npm,,brace-expansion: DoS via exponential-time expansion of consecutive non-expanding {} groups,3.0
TanStack/store,grype,GHSA-3pq3-5fj3-cg6v,High,/pnpm-lock.yaml,,axios,1.16.0,1.20.0,npm,,Axios: HTTP/2 adapter bypasses configured DNS lookup and proxy controls,3.0
TanStack/store,grype,GHSA-3xpg-4rpp-hhhm,Medium,/pnpm-lock.yaml,,undici,7.24.4,7.29.1,npm,,undici vulnerable to Denial of Service via unbounded decompression of compressed responses,2.0
TanStack/store,grype,GHSA-3xpg-4rpp-hhhm,Medium,/pnpm-lock.yaml,,undici,7.24.6,7.29.1,npm,,undici vulnerable to Denial of Service via unbounded decompression of compressed responses,2.0
TanStack/store,grype,GHSA-42h9-826w-cgv3,Medium,/pnpm-lock.yaml,,axios,1.16.0,1.18.0,npm,,Axios: Excessive recursion in formDataToJSON can cause denial of service,2.0
TanStack/store,grype,GHSA-44g4-m2mj-wpvx,Medium,/pnpm-lock.yaml,,axios,1.16.0,1.20.0,npm,,"Axios: CIDR-form NO_PROXY entries are ignored, causing proxy exclusion bypass for internal IP ranges",2.0
TanStack/store,grype,GHSA-458j-xx4x-4375,Medium,/pnpm-lock.yaml,,hono,4.12.9,4.12.14,npm,,hono Improperly Handles JSX Attribute Names Allows HTML Injection in hono/jsx SSR,2.0
TanStack/store,grype,GHSA-48r7-hpm6-gfxm,High,/pnpm-lock.yaml,,@angular/common,21.2.8,21.2.17,npm,,@angular/common: Denial of Service (DoS) via OOM in Date Formatting (formatDate),3.0
TanStack/store,grype,GHSA-4c8g-83qw-93j6,High,/pnpm-lock.yaml,,fast-uri,3.1.2,3.1.3,npm,,fast-uri vulnerable to host confusion via failed IDN canonicalization,3.0
TanStack/store,grype,GHSA-4cwx-7wf7-3272,High,/pnpm-lock.yaml,,undici,7.24.4,7.29.0,npm,,undici vulnerable to cross-user information disclosure and parse-time crash via degenerate private cache directives,3.0
TanStack/store,grype,GHSA-4cwx-7wf7-3272,High,/pnpm-lock.yaml,,undici,7.24.6,7.29.0,npm,,undici vulnerable to cross-user information disclosure and parse-time crash via degenerate private cache directives,3.0
TanStack/store,grype,GHSA-4hqw-qxg8-jxx2,Medium,/pnpm-lock.yaml,,axios,1.16.0,1.20.0,npm,,Axios: Fetch Adapter Header Injection via Inherited FormData getHeaders,2.0
TanStack/store,grype,GHSA-4mjr-xmp4-gh2g,Medium,/pnpm-lock.yaml,,qs,6.14.2,6.16.0,npm,,qs: Denial of Service via Attacker Controlled isBuffer,2.0
TanStack/store,grype,GHSA-4mjr-xmp4-gh2g,Medium,/pnpm-lock.yaml,,qs,6.15.0,6.16.0,npm,,qs: Denial of Service via Attacker Controlled isBuffer,2.0
TanStack/store,grype,GHSA-4q55-j62x-fr9h,Medium,/pnpm-lock.yaml,,devalue,5.9.2,5.9.3,npm,,devalue: Malformed null-prototype object keys bypass __proto__ rejection via property-key coercion,2.0
TanStack/store,grype,GHSA-4x5r-pxfx-6jf8,Low,/pnpm-lock.yaml,,@babel/core,7.29.0,7.29.6,npm,,@babel/core: Arbitrary File Read via sourceMappingURL Comment,1.0
TanStack/store,grype,GHSA-52cp-r559-cp3m,High,/pnpm-lock.yaml,,js-yaml,3.14.2,3.15.0,npm,,js-yaml: YAML merge-key chains can force quadratic CPU consumption,3.0
TanStack/store,grype,GHSA-52cp-r559-cp3m,High,/pnpm-lock.yaml,,js-yaml,4.1.1,4.3.0,npm,,js-yaml: YAML merge-key chains can force quadratic CPU consumption,3.0
TanStack/store,grype,GHSA-52v5-jr5w-gjxr,High,/pnpm-lock.yaml,,sigstore,4.1.0,4.1.1,npm,,sigstore's `certificateOIDs` verification constraints are silently dropped and never enforced,3.0
TanStack/store,grype,GHSA-542g-h47m-68v8,High,/pnpm-lock.yaml,,axios,1.16.0,1.20.0,npm,,Axios: Denial of Service via Unhandled 'error' Event in HTTP/2 ClientHttp2Session Initialization,3.0
TanStack/store,grype,GHSA-54fx-42gc-7vw4,Medium,/pnpm-lock.yaml,,hono,4.12.9,4.12.34,npm,,Hono: Algorithmic Complexity DoS in Language Middleware,2.0
TanStack/store,grype,GHSA-58qx-3vcg-4xpx,Medium,/pnpm-lock.yaml,,ws,8.20.0,8.20.1,npm,,ws: Uninitialized memory disclosure,2.0
TanStack/store,grype,GHSA-58w9-8g37-x9v5,Medium,/pnpm-lock.yaml,,@angular/compiler,21.2.8,21.2.17,npm,,@angular/compiler: Two-Way Property Binding Sanitization Bypass (XSS),2.0
TanStack/store,grype,GHSA-5j4c-8p2g-v4jx,Low,/pnpm-lock.yaml,,vue,2.6.14,3.0.0-alpha.0,npm,,ReDoS vulnerability in vue package that is exploitable through inefficient regex evaluation in the parseHTML function,1.0
TanStack/store,grype,GHSA-5j4c-8p2g-v4jx,Low,/pnpm-lock.yaml,,vue,2.7.16,3.0.0-alpha.0,npm,,ReDoS vulnerability in vue package that is exploitable through inefficient regex evaluation in the parseHTML function,1.0
TanStack/store,grype,GHSA-5p4m-2wfm-xmqj,High,/pnpm-lock.yaml,,js-yaml,3.14.2,3.15.1,npm,,JS-YAML: Quadratic CPU consumption in !!omap resolution (3.x and 4.x) — CVE-2026-59870 fix not backported,3.0
TanStack/store,grype,GHSA-5p4m-2wfm-xmqj,High,/pnpm-lock.yaml,,js-yaml,4.1.1,4.3.1,npm,,JS-YAML: Quadratic CPU consumption in !!omap resolution (3.x and 4.x) — CVE-2026-59870 fix not backported,3.0
TanStack/store,grype,GHSA-64mm-vxmg-q3vj,Medium,/pnpm-lock.yaml,,http-proxy-middleware,2.0.9,2.0.10,npm,,http-proxy-middleware `router` host+path substring matching allows Host-header-driven backend routing bypass,2.0
TanStack/store,grype,GHSA-64mm-vxmg-q3vj,Medium,/pnpm-lock.yaml,,http-proxy-middleware,3.0.5,3.0.6,npm,,http-proxy-middleware `router` host+path substring matching allows Host-header-driven backend routing bypass,2.0
TanStack/store,grype,GHSA-67c8-pqhq-4rmx,Critical,/pnpm-lock.yaml,,piscina,5.1.4,5.3.2,npm,,piscina: Prototype-pollution gadget in ThreadPool.options allows RCE via execArgv / loadBalancer / env,4.0
TanStack/store,grype,GHSA-68fv-2mgg-jv7q,High,/pnpm-lock.yaml,,source-map-js,1.2.1,1.2.2,npm,,source-map-js allows event-loop denial of service through indexed source-map section offsets,3.0
TanStack/store,grype,GHSA-692r-grfm-v8x7,Medium,/pnpm-lock.yaml,,@angular/core,21.2.8,21.2.15,npm,,@angular/core: Angular Template and Dynamic Component Namespace Bypass leading to Cross-Site Scripting (XSS),2.0
TanStack/store,grype,GHSA-69xw-7hcm-h432,Medium,/pnpm-lock.yaml,,hono,4.12.9,4.12.16,npm,,hono/jsx has Unvalidated JSX Tag Names that May Allow HTML Injection,2.0
TanStack/store,grype,GHSA-6g55-p6wh-862q,High,/pnpm-lock.yaml,,postcss,8.5.6,8.5.12,npm,,PostCSS: Arbitrary file read and information disclosure via attacker-controlled sourceMappingURL in CSS comments,3.0
TanStack/store,grype,GHSA-6j4f-fj2g-mc7p,High,/pnpm-lock.yaml,,brace-expansion,1.1.13,1.1.19,npm,,brace-expansion: DoS via uncontrolled recursion in parseCommaParts causing stack exhaustion,3.0
TanStack/store,grype,GHSA-6j4f-fj2g-mc7p,High,/pnpm-lock.yaml,,brace-expansion,2.0.3,2.1.5,npm,,brace-expansion: DoS via uncontrolled recursion in parseCommaParts causing stack exhaustion,3.0
TanStack/store,grype,GHSA-6j4f-fj2g-mc7p,High,/pnpm-lock.yaml,,brace-expansion,5.0.6,5.0.10,npm,,brace-expansion: DoS via uncontrolled recursion in parseCommaParts causing stack exhaustion,3.0
TanStack/store,grype,GHSA-6j4f-fj2g-mc7p,High,/pnpm-lock.yaml,,brace-expansion,5.0.9,5.0.10,npm,,brace-expansion: DoS via uncontrolled recursion in parseCommaParts causing stack exhaustion,3.0
TanStack/store,grype,GHSA-6qxp-vccf-f47h,High,/pnpm-lock.yaml,,@modelcontextprotocol/sdk,1.26.0,1.31.0,npm,,MCP TypeScript SDK: OAuth client could send credentials to an authorization server chosen by the MCP server,3.0
TanStack/store,grype,GHSA-6v5v-wf23-fmfq,Medium,/pnpm-lock.yaml,,markdown-it,14.1.1,14.2.0,npm,,markdown-it: Quadratic complexity DoS in smartquotes rule via replaceAt string operations,2.0
TanStack/store,grype,GHSA-79cf-xcqc-c78w,Medium,/pnpm-lock.yaml,,webpack-dev-server,5.2.3,5.2.4,npm,,webpack-dev-server vulnerable to cross-origin source code exposure on non-HTTPS origins,2.0
TanStack/store,grype,GHSA-79qm-7rj5-m7r9,Low,/pnpm-lock.yaml,,hono,4.12.9,4.12.34,npm,,Hono: Proxy Helper does not remove response headers listed in the `Connection` header,1.0
TanStack/store,grype,GHSA-7p8r-x3mc-p8w7,High,/pnpm-lock.yaml,,fast-uri,3.1.2,3.1.5,npm,,fast-uri vulnerable to host confusion via backslash authority introducer,3.0
TanStack/store,grype,GHSA-7q8q-rj6j-mhjq,Medium,/pnpm-lock.yaml,,axios,1.16.0,1.18.0,npm,,Axios: Nested axios option objects can consume polluted prototype values,2.0
TanStack/store,grype,GHSA-7w5x-hrqm-74c2,High,/pnpm-lock.yaml,,smol-toml,1.6.1,1.7.1,npm,,smol-toml: Denial of Service via malformed TOML documents,3.0
TanStack/store,grype,GHSA-8436-99hf-9mmv,Low,/pnpm-lock.yaml,,undici,7.24.4,7.29.1,npm,,undici vulnerable to caching and replay of unsafe HTTP method responses,1.0
TanStack/store,grype,GHSA-8436-99hf-9mmv,Low,/pnpm-lock.yaml,,undici,7.24.6,7.29.1,npm,,undici vulnerable to caching and replay of unsafe HTTP method responses,1.0
TanStack/store,grype,GHSA-88fw-hqm2-52qc,High,/pnpm-lock.yaml,,hono,4.12.9,4.12.25,npm,,hono: CORS Middleware reflects any Origin with credentials when `origin` defaults to the wildcard,3.0
TanStack/store,grype,GHSA-8j4g-w8fx-2239,Medium,/pnpm-lock.yaml,,hono,4.12.9,4.12.34,npm,,Hono: ReDoS in CORS middleware via Access-Control-Request-Headers,2.0
TanStack/store,grype,GHSA-8x88-c5mf-7j5w,High,/pnpm-lock.yaml,,tar,7.5.13,7.5.18,npm,,node-tar: Negative tar entry size causes infinite loop in archive replace,3.0
TanStack/store,grype,GHSA-8xcm-r25x-g524,Medium,/pnpm-lock.yaml,,undici,7.24.4,7.29.0,npm,,undici vulnerable to downstream response desynchronization via retry interceptor,2.0
TanStack/store,grype,GHSA-8xcm-r25x-g524,Medium,/pnpm-lock.yaml,,undici,7.24.6,7.29.0,npm,,undici vulnerable to downstream response desynchronization via retry interceptor,2.0
TanStack/store,grype,GHSA-92pp-h63x-v22m,Medium,/pnpm-lock.yaml,,@hono/node-server,1.19.12,1.19.13,npm,,@hono/node-server: Middleware bypass via repeated slashes in serveStatic,2.0
TanStack/store,grype,GHSA-96hv-2xvq-fx4p,High,/pnpm-lock.yaml,,ws,8.20.0,8.21.0,npm,,ws: Memory exhaustion DoS from tiny fragments and data chunks,3.0
TanStack/store,grype,GHSA-9fr6-4gfg-395g,Medium,/pnpm-lock.yaml,,axios,1.16.0,1.20.0,npm,,Axios: Prototype-Pollution Gadget in the Default Instance Allows Inherited Object.prototype.method to Override HTTP Method,2.0
TanStack/store,grype,GHSA-9vqf-7f2p-gf9v,Medium,/pnpm-lock.yaml,,hono,4.12.9,4.12.16,npm,,Hono: bodyLimit() can be bypassed for chunked / unknown-length requests,2.0
TanStack/store,grype,GHSA-ch52-4w7c-c8xp,High,/pnpm-lock.yaml,,http-cache-semantics,4.2.0,,npm,,http-cache-semantics max-stale handling can disclose cross-user cached responses,3.0
TanStack/store,grype,GHSA-crvj-82cr-hjcx,Medium,/pnpm-lock.yaml,,hono,4.12.9,4.13.5,npm,,"Hono: Query parser reads parameters after the URL fragment, causing cache-key and proxy interpretation differentials",2.0
TanStack/store,grype,GHSA-f23p-vx2j-j53r,Medium,/pnpm-lock.yaml,,hono,4.12.9,4.12.34,npm,,"Hono: `memo()` retains SSR output across requests, leading to cross-user data disclosure",2.0
TanStack/store,grype,GHSA-f3m7-gqxr-g87x,Medium,/pnpm-lock.yaml,,@angular/compiler,21.2.8,21.2.15,npm,,Angular: Template and Attribute Namespace Sanitization Bypass (XSS),2.0
TanStack/store,grype,GHSA-f3m7-gqxr-g87x,Medium,/pnpm-lock.yaml,,@angular/core,21.2.8,21.2.15,npm,,Angular: Template and Attribute Namespace Sanitization Bypass (XSS),2.0
TanStack/store,grype,GHSA-f4gw-2p7v-4548,Medium,/pnpm-lock.yaml,,axios,1.16.0,1.18.0,npm,,Axios: NO_PROXY bypass for 0.0.0.0 local addresses in axios,2.0
TanStack/store,grype,GHSA-f577-qrjj-4474,Medium,/pnpm-lock.yaml,,hono,4.12.9,4.12.21,npm,,"Hono: JWT middleware accepts any Authorization scheme, not only Bearer",2.0
TanStack/store,grype,GHSA-f5vj-f2hx-8m93,Medium,/pnpm-lock.yaml,,webpack-dev-server,5.2.3,5.2.6,npm,,webpack-dev-server vulnerable to cross-site request forgery via internal developer endpoints,2.0
TanStack/store,grype,GHSA-f65p-4m7j-42xc,High,/pnpm-lock.yaml,,fast-uri,3.1.2,3.1.6,npm,,fast-uri vulnerable to server-side request forgery via malformed IPv6 normalization,3.0
TanStack/store,grype,GHSA-ff3f-86qr-9cv3,High,/pnpm-lock.yaml,,@angular/router,21.2.8,21.2.24,npm,,Angular Server-Side Rendering (SSR): Denial of Service via Numeric URL Matrix Parameters,3.0
TanStack/store,grype,GHSA-fph4-wmhf-6fwf,High,/pnpm-lock.yaml,,fast-uri,3.1.2,3.1.6,npm,,fast-uri vulnerable to server-side request forgery via repeated hostname percent-decoding,3.0
TanStack/store,grype,GHSA-frvp-7c67-39w9,Medium,/pnpm-lock.yaml,,@hono/node-server,1.19.12,1.19.15,npm,,Node.js Adapter for Hono: Path traversal in `serve-static` on Windows via encoded backslash (`%5C`),2.0
TanStack/store,grype,GHSA-fv7c-fp4j-7gwp,High,/pnpm-lock.yaml,,@babel/plugin-transform-modules-systemjs,7.29.0,7.29.4,npm,,@babel/plugin-transform-modules-systemjs generates arbitrary code when compiling malicious input,3.0
TanStack/store,grype,GHSA-fx2h-pf6j-xcff,High,/pnpm-lock.yaml,,vite,7.3.2,7.3.5,npm,,vite: `server.fs.deny` bypass on Windows alternate paths,3.0
TanStack/store,grype,GHSA-fxqj-rqcc-2cmp,Medium,/pnpm-lock.yaml,,postcss,8.5.6,8.5.23,npm,,PostCSS: incomplete fix of GHSA-6g55-p6wh-862q — attacker-controlled sourceMappingURL reads arbitrary .map files when `from` is unset,2.0
TanStack/store,grype,GHSA-g2v6-rqmx-r4w6,High,/pnpm-lock.yaml,,@vue/server-renderer,3.5.32,3.5.42,npm,,@vue/server-renderer: XSS via missing CR in attribute-name blacklist,3.0
TanStack/store,grype,GHSA-g6gw-c38x-mqfc,Medium,/pnpm-lock.yaml,,hono,4.12.9,4.13.5,npm,,Hono: Unbounded dot-notation nesting in `parseBody()` can cause memory exhaustion,2.0
TanStack/store,grype,GHSA-g7r4-m6w7-qqqr,Low,/pnpm-lock.yaml,,esbuild,0.27.3,0.28.1,npm,,esbuild allows arbitrary file read when running the development server on Windows,1.0
TanStack/store,grype,GHSA-g7r4-m6w7-qqqr,Low,/pnpm-lock.yaml,,esbuild,0.27.7,0.28.1,npm,,esbuild allows arbitrary file read when running the development server on Windows,1.0
TanStack/store,grype,GHSA-g8m3-5g58-fq7m,Low,/pnpm-lock.yaml,,undici,7.24.4,7.28.0,npm,,undici vulnerable to Set-Cookie SameSite attribute downgrade via permissive substring matching,1.0
TanStack/store,grype,GHSA-g8m3-5g58-fq7m,Low,/pnpm-lock.yaml,,undici,7.24.6,7.28.0,npm,,undici vulnerable to Set-Cookie SameSite attribute downgrade via permissive substring matching,1.0
TanStack/store,grype,GHSA-gcfj-64vw-6mp9,High,/pnpm-lock.yaml,,axios,1.16.0,1.18.0,npm,,Axios Node HTTP adapter can use an inherited proxy after interceptor config cloning,3.0
TanStack/store,grype,GHSA-gcq2-9pq2-cxqm,High,/pnpm-lock.yaml,,http-proxy-middleware,3.0.5,3.0.7,npm,,http-proxy-middleware: multipart/form-data field injection via unescaped CRLF in `fixRequestBody`,3.0
TanStack/store,grype,GHSA-gqvv-2mrq-wpjv,Medium,/pnpm-lock.yaml,,hono,4.12.9,4.13.5,npm,,Hono: Incomplete fix for CVE-2026-39408: `toSSG()` still writes files outside the output directory,2.0
TanStack/store,grype,GHSA-gvwx-54wh-qm9j,Medium,/pnpm-lock.yaml,,tar,7.5.13,7.5.17,npm,,node-tar: Uncaught Exception DoS via NUL byte in PAX path/linkpath records,2.0
TanStack/store,grype,GHSA-h3mg-xc3c-68pw,Medium,/pnpm-lock.yaml,,ip-address,10.1.0,10.7.1,npm,,"ip-address: Address6 builds a parse diagnostic proportional to the input with no length bound, allowing a single long string to stall or crash the process",2.0
TanStack/store,grype,GHSA-h67p-54hq-rp68,Medium,/pnpm-lock.yaml,,js-yaml,3.14.2,3.15.0,npm,,JS-YAML: Quadratic-complexity DoS in merge key handling via repeated aliases,2.0
TanStack/store,grype,GHSA-h67p-54hq-rp68,Medium,/pnpm-lock.yaml,,js-yaml,4.1.1,4.2.0,npm,,JS-YAML: Quadratic-complexity DoS in merge key handling via repeated aliases,2.0
TanStack/store,grype,GHSA-hcpx-6fm6-wx23,Medium,/pnpm-lock.yaml,,axios,1.16.0,1.18.0,npm,,Axios form serializer maxDepth bypass via {} metatoken,2.0
TanStack/store,grype,GHSA-hh8m-fm6v-7cvg,Medium,/pnpm-lock.yaml,,@angular/compiler,21.2.8,21.2.20,npm,,Angular: Sanitization bypass via directive host bindings on concrete host elements in @angular/core and @angular/compiler,2.0
TanStack/store,grype,GHSA-hh8m-fm6v-7cvg,Medium,/pnpm-lock.yaml,,@angular/core,21.2.8,21.2.20,npm,,Angular: Sanitization bypass via directive host bindings on concrete host elements in @angular/core and @angular/compiler,2.0
TanStack/store,grype,GHSA-hm8q-7f3q-5f36,Low,/pnpm-lock.yaml,,hono,4.12.9,4.12.18,npm,,"Hono has improper validation of NumericDate claims (exp, nbf, iat) in JWT verify()",1.0
TanStack/store,grype,GHSA-hm92-r4w5-c3mj,High,/pnpm-lock.yaml,,undici,7.24.4,7.28.0,npm,,undici vulnerable to cross-origin request routing via SOCKS5 proxy pool reuse,3.0
TanStack/store,grype,GHSA-hm92-r4w5-c3mj,High,/pnpm-lock.yaml,,undici,7.24.6,7.28.0,npm,,undici vulnerable to cross-origin request routing via SOCKS5 proxy pool reuse,3.0
TanStack/store,grype,GHSA-hp3w-g68c-fv3c,Medium,/pnpm-lock.yaml,,sprintf-js,1.0.3,,npm,,sprintf-js vulnerable to denial of service through unbounded precision specifiers,2.0
TanStack/store,grype,GHSA-hrr3-gc8f-f4qj,Medium,/pnpm-lock.yaml,,fast-uri,3.1.2,3.1.8,npm,,fast-uri vulnerable to inconsistent host case normalization via percent-encoded octets,2.0
TanStack/store,grype,GHSA-hrvq-x7jp-36xv,Medium,/pnpm-lock.yaml,,nx,22.7.7,22.7.10,npm,,Nx: Path traversal in nx migrate package-migrations extraction,2.0
TanStack/store,grype,GHSA-hvrm-45r6-mjfj,Medium,/pnpm-lock.yaml,,hono,4.12.9,4.12.27,npm,,"hono/jsx does not isolate context per request, leading to cross-request data disclosure",2.0
TanStack/store,grype,GHSA-hx4r-w6wj-j8fg,Medium,/pnpm-lock.yaml,,devalue,5.9.2,5.9.3,npm,,devalue: Residual sparse-array CPU amplification in uneval,2.0
TanStack/store,grype,GHSA-hxh3-vqpv-xpqv,Medium,/pnpm-lock.yaml,,hono,4.12.9,4.13.7,npm,,"hono/jsx renders plain strings unescaped in boundary components, leading to XSS",2.0
TanStack/store,grype,GHSA-j22f-vq7h-c4qm,High,/pnpm-lock.yaml,,devalue,5.9.2,5.9.3,npm,,devalue: `stringify`/`uneval` serialize shared memory,3.0
TanStack/store,grype,GHSA-j6c9-x7qj-28xf,Medium,/pnpm-lock.yaml,,hono,4.12.9,4.12.25,npm,,"hono: AWS Lambda adapter merges multiple `Set-Cookie` headers into one value, dropping cookies on ALB single-header and Lattice",2.0
TanStack/store,grype,GHSA-j6r3-76f7-8jcv,Medium,/pnpm-lock.yaml,,ip-address,10.1.0,10.7.1,npm,,"ip-address: isInSubnet() and isHostInSubnet() compare addresses of different families as if they shared an address space, allowing an allowlist check to admit an address outside its range",2.0
TanStack/store,grype,GHSA-j8rh-479h-cp32,Medium,/pnpm-lock.yaml,,axios,1.16.0,1.20.0,npm,,Axios: Header Injection via Inherited headers After Minimal Interceptor,2.0
TanStack/store,grype,GHSA-jfc7-64v2-mr8c,Medium,/pnpm-lock.yaml,,@sigstore/core,3.2.0,3.2.1,npm,,@sigstore/core has DSSE payloadType type-binding failure,2.0
TanStack/store,grype,GHSA-jhpw-976m-542j,High,/pnpm-lock.yaml,,@angular/common,21.2.8,21.2.19,npm,,Angular: Cache-Key Ambiguity in HttpTransferCache Leading to Cross-Request Response Reuse and State Poisoning,3.0
TanStack/store,grype,GHSA-jj27-h5hq-8x99,High,/pnpm-lock.yaml,,@angular/compiler,21.2.8,21.2.19,npm,,Angular i18n: Cross-Site Scripting (XSS) via event-handler attributes,3.0
TanStack/store,grype,GHSA-jj27-h5hq-8x99,High,/pnpm-lock.yaml,,@angular/core,21.2.8,21.2.19,npm,,Angular i18n: Cross-Site Scripting (XSS) via event-handler attributes,3.0
TanStack/store,grype,GHSA-jp82-f5mq-hwhp,High,/pnpm-lock.yaml,,seroval,1.5.1,1.6.3,npm,,Seroval: Memory exhaustion via unchecked TypedArray length in JSON deserialization,3.0
TanStack/store,grype,GHSA-jqcg-44mw-7w3h,Critical,/pnpm-lock.yaml,,proxy-addr,2.0.7,2.0.8,npm,,proxy-addr vulnerable to IP spoofing via IPv4-mapped IPv6 trust subnet,4.0
TanStack/store,grype,GHSA-jqff-g426-hqxp,High,/pnpm-lock.yaml,,fast-uri,3.1.2,3.1.6,npm,,fast-uri vulnerable to host confusion via percent-encoded scheme normalization,3.0
TanStack/store,grype,GHSA-jqh4-m9w3-8hp9,Medium,/pnpm-lock.yaml,,axios,1.16.0,1.18.0,npm,,Axios: Fetch adapter `ReadableStream` uploads bypass `maxBodyLength`,2.0
TanStack/store,grype,GHSA-jr45-8vmc-qm54,Medium,/pnpm-lock.yaml,,undici,7.24.4,7.29.0,npm,,undici vulnerable to cross-user information disclosure via whitespace around equals in Cache-Control directives,2.0
TanStack/store,grype,GHSA-jr45-8vmc-qm54,Medium,/pnpm-lock.yaml,,undici,7.24.6,7.29.0,npm,,undici vulnerable to cross-user information disclosure via whitespace around equals in Cache-Control directives,2.0
TanStack/store,grype,GHSA-m28w-2pqf-7qgj,Medium,/pnpm-lock.yaml,,webpack-dev-server,5.2.3,5.2.6,npm,,webpack-dev-server vulnerable to denial of service via a malformed Host or Origin header,2.0
TanStack/store,grype,GHSA-m8m8-qj5v-23w3,High,/pnpm-lock.yaml,,axios,1.16.0,1.20.0,npm,,Axios: Node HTTP adapter prototype-pollution gadget allows request socket hijack via inherited createConnection,3.0
TanStack/store,grype,GHSA-m8rv-5g2x-5cg5,Medium,/pnpm-lock.yaml,,undici,7.24.4,7.29.0,npm,,undici vulnerable to CRLF Injection via blob-like body 'type' property,2.0
TanStack/store,grype,GHSA-m8rv-5g2x-5cg5,Medium,/pnpm-lock.yaml,,undici,7.24.6,7.29.0,npm,,undici vulnerable to CRLF Injection via blob-like body 'type' property,2.0
TanStack/store,grype,GHSA-mcm9-63f2-9j32,High,/pnpm-lock.yaml,,devalue,5.9.2,5.9.3,npm,,devalue: Repeated primitive strings cause quadratic expansion in uneval,3.0
TanStack/store,grype,GHSA-mghh-pgcx-3jjj,High,/pnpm-lock.yaml,,axios,1.16.0,1.20.0,npm,,"Axios: ReDoS (O(N²)) in shouldBypassProxy host normalization, reachable via untrusted redirect Location",3.0
TanStack/store,grype,GHSA-mh99-v99m-4gvg,High,/pnpm-lock.yaml,,brace-expansion,1.1.13,1.1.17,npm,,brace-expansion: DoS via unbounded expansion length causing an out-of-memory process crash,3.0
TanStack/store,grype,GHSA-mh99-v99m-4gvg,High,/pnpm-lock.yaml,,brace-expansion,2.0.3,2.1.3,npm,,brace-expansion: DoS via unbounded expansion length causing an out-of-memory process crash,3.0
TanStack/store,grype,GHSA-mh99-v99m-4gvg,High,/pnpm-lock.yaml,,brace-expansion,5.0.6,5.0.8,npm,,brace-expansion: DoS via unbounded expansion length causing an out-of-memory process crash,3.0
TanStack/store,grype,GHSA-mmx7-hfxf-jppx,Medium,/pnpm-lock.yaml,,axios,1.16.0,1.18.0,npm,,Axios: Prototype pollution gadgets can alter axios request construction,2.0
TanStack/store,grype,GHSA-mp7j-qc5w-4988,Medium,/pnpm-lock.yaml,,websocket-driver,0.7.4,0.7.5,npm,,websocket-driver: Resource limit bypass via message compression,2.0
TanStack/store,grype,GHSA-mv8w-475r-vwqw,Critical,/pnpm-lock.yaml,,seroval,1.5.1,1.5.3,npm,,seroval: `seroval.fromJSON()` Promise resolver type confusion invokes attacker-controlled methods during deserialization,4.0
TanStack/store,grype,GHSA-mwf2-3pr3-8698,Medium,/pnpm-lock.yaml,,axios,1.16.0,1.18.0,npm,,Axios: HTTP/2 streamed uploads bypass `maxBodyLength`,2.0
TanStack/store,grype,GHSA-mwp4-54f8-5fhr,High,/pnpm-lock.yaml,,ip-address,10.1.0,10.3.1,npm,,"ip-address: Address4 decodes leading-zero octets as decimal while resolvers decode them as octal, allowing SSRF and trust-boundary bypass",3.0
TanStack/store,grype,GHSA-mx8g-39q3-5c79,Medium,/pnpm-lock.yaml,,webpack-dev-server,5.2.3,5.2.5,npm,,webpack-dev-server vulnerable to HMR WebSocket interception via permissive user proxies,2.0
TanStack/store,grype,GHSA-p297-fm68-3q8c,Medium,/pnpm-lock.yaml,,@angular/common,21.2.8,21.2.20,npm,,Angular: Information Leak via `HttpTransferCache` Bypass When Using `withRequestsMadeViaParent`,2.0
TanStack/store,grype,GHSA-p3vc-36g9-x9gr,High,/pnpm-lock.yaml,,@angular/common,21.2.8,21.2.15,npm,,@angular/common: Denial of Service (DoS) via OOM in Number Formatting (digitsInfo),3.0
TanStack/store,grype,GHSA-p6vx-979v-rg4c,Critical,/pnpm-lock.yaml,,seroval,1.5.1,1.6.2,npm,,Seroval: `fromJSON()` Promise thenable assimilation invokes plugin-produced callables (bypass of GHSA-mv8w-475r-vwqw),4.0
TanStack/store,grype,GHSA-p77w-8qqv-26rm,Medium,/pnpm-lock.yaml,,hono,4.12.9,4.12.18,npm,,Hono's Cache Middleware ignores Vary: Authorization / Vary: Cookie leading to cross-user cache leakage,2.0
TanStack/store,grype,GHSA-p88m-4jfj-68fv,Medium,/pnpm-lock.yaml,,undici,7.24.4,7.28.0,npm,,undici vulnerable to HTTP header injection via Set-Cookie percent-decoding,2.0
TanStack/store,grype,GHSA-p88m-4jfj-68fv,Medium,/pnpm-lock.yaml,,undici,7.24.6,7.28.0,npm,,undici vulnerable to HTTP header injection via Set-Cookie percent-decoding,2.0
TanStack/store,grype,GHSA-pmjh-fq2x-6v4x,Medium,/pnpm-lock.yaml,,undici,7.24.4,7.29.1,npm,,undici vulnerable to Denial of Service via orphaned RetryHandler response body,2.0
TanStack/store,grype,GHSA-pmjh-fq2x-6v4x,Medium,/pnpm-lock.yaml,,undici,7.24.6,7.29.1,npm,,undici vulnerable to Denial of Service via orphaned RetryHandler response body,2.0
TanStack/store,grype,GHSA-pmv8-rq9r-6j72,Medium,/pnpm-lock.yaml,,axios,1.16.0,1.18.0,npm,,Axios: Deep formToJSON Key Recursion Can Cause Denial of Service,2.0
TanStack/store,grype,GHSA-pr7r-676h-xcf6,Medium,/pnpm-lock.yaml,,undici,7.24.4,7.28.0,npm,,undici vulnerable to cross-user information disclosure via shared cache whitespace bypass,2.0
TanStack/store,grype,GHSA-pr7r-676h-xcf6,Medium,/pnpm-lock.yaml,,undici,7.24.6,7.28.0,npm,,undici vulnerable to cross-user information disclosure via shared cache whitespace bypass,2.0
TanStack/store,grype,GHSA-q2hr-2g5m-vwhr,Medium,/pnpm-lock.yaml,,brace-expansion,1.1.13,1.1.21,npm,,"brace-expansion: Quadratic-time expansion of the `{a},b}` rewrite causes CPU denial of service",2.0
TanStack/store,grype,GHSA-q2hr-2g5m-vwhr,Medium,/pnpm-lock.yaml,,brace-expansion,2.0.3,2.1.7,npm,,"brace-expansion: Quadratic-time expansion of the `{a},b}` rewrite causes CPU denial of service",2.0
TanStack/store,grype,GHSA-q2hr-2g5m-vwhr,Medium,/pnpm-lock.yaml,,brace-expansion,5.0.6,5.0.12,npm,,"brace-expansion: Quadratic-time expansion of the `{a},b}` rewrite causes CPU denial of service",2.0
TanStack/store,grype,GHSA-q2hr-2g5m-vwhr,Medium,/pnpm-lock.yaml,,brace-expansion,5.0.9,5.0.12,npm,,"brace-expansion: Quadratic-time expansion of the `{a},b}` rewrite causes CPU denial of service",2.0
TanStack/store,grype,GHSA-q6f4-qqrg-jv6x,High,/pnpm-lock.yaml,,@angular/common,21.2.8,21.2.15,npm,,@angular/common: Information Leak via Default Caching of Credentialed Requests in HttpTransferCache,3.0
TanStack/store,grype,GHSA-q8mj-m7cp-5q26,Medium,/pnpm-lock.yaml,,qs,6.14.2,6.15.2,npm,,qs has a remotely triggerable DoS: qs.stringify crashes with TypeError on null/undefined entries in comma-format arrays when encodeValuesOnly is set,2.0
TanStack/store,grype,GHSA-q8mj-m7cp-5q26,Medium,/pnpm-lock.yaml,,qs,6.15.0,6.15.2,npm,,qs has a remotely triggerable DoS: qs.stringify crashes with TypeError on null/undefined entries in comma-format arrays when encodeValuesOnly is set,2.0
TanStack/store,grype,GHSA-qhr7-859c-m2p7,High,/pnpm-lock.yaml,,brace-expansion,1.1.13,1.1.20,npm,,brace-expansion: DoS via uncontrolled recursion on nested brace groups causing stack exhaustion,3.0
TanStack/store,grype,GHSA-qhr7-859c-m2p7,High,/pnpm-lock.yaml,,brace-expansion,2.0.3,2.1.6,npm,,brace-expansion: DoS via uncontrolled recursion on nested brace groups causing stack exhaustion,3.0
TanStack/store,grype,GHSA-qhr7-859c-m2p7,High,/pnpm-lock.yaml,,brace-expansion,5.0.6,5.0.11,npm,,brace-expansion: DoS via uncontrolled recursion on nested brace groups causing stack exhaustion,3.0
TanStack/store,grype,GHSA-qhr7-859c-m2p7,High,/pnpm-lock.yaml,,brace-expansion,5.0.9,5.0.11,npm,,brace-expansion: DoS via uncontrolled recursion on nested brace groups causing stack exhaustion,3.0
TanStack/store,grype,GHSA-qjx8-664m-686j,High,/pnpm-lock.yaml,,js-cookie,3.0.5,3.0.7,npm,,JavaScript Cookie: Per-instance prototype hijack in assign() enables cookie-attribute injection,3.0
TanStack/store,grype,GHSA-qp7p-654g-cw7p,Medium,/pnpm-lock.yaml,,hono,4.12.9,4.12.18,npm,,Hono has CSS Declaration Injection via Style Object Values in JSX SSR,2.0
TanStack/store,grype,GHSA-qw65-cvwx-89v3,High,/pnpm-lock.yaml,,fast-uri,3.1.2,3.1.7,npm,,fast-uri vulnerable to authority injection via an unvalidated port in serialize,3.0
TanStack/store,grype,GHSA-qx2v-qp2m-jg93,Medium,/pnpm-lock.yaml,,postcss,8.5.6,8.5.10,npm,,PostCSS has XSS via Unescaped </style> in its CSS Stringify Output,2.0
TanStack/store,grype,GHSA-r28c-9q8g-f849,High,/pnpm-lock.yaml,,postcss,8.5.6,8.5.18,npm,,PostCSS: Path Traversal in Previous Source Map Auto-Loading (sourceMappingURL) leads to Arbitrary .map File Disclosure,3.0
TanStack/store,grype,GHSA-r292-9mhp-454m,High,/pnpm-lock.yaml,,tar,7.5.13,7.5.21,npm,,node-tar: Uncontrolled recursion in mapHas/filesFilter allows uncatchable stack-overflow DoS via crafted long-path tar with member selection,3.0
TanStack/store,grype,GHSA-r4xh-jqrq-34v2,Medium,/pnpm-lock.yaml,,smol-toml,1.6.1,1.9.0,npm,,smol-toml: Quadratic-time parse() from parseKey rescanning to end of document on each key line,2.0
TanStack/store,grype,GHSA-r53p-7pc4-xj5r,Low,/pnpm-lock.yaml,,undici,7.24.4,7.29.1,npm,,undici vulnerable to downstream response splitting via retry interceptor,1.0
TanStack/store,grype,GHSA-r53p-7pc4-xj5r,Low,/pnpm-lock.yaml,,undici,7.24.6,7.29.1,npm,,undici vulnerable to downstream response splitting via retry interceptor,1.0
TanStack/store,grype,GHSA-r5rp-j6wh-rvv4,Medium,/pnpm-lock.yaml,,hono,4.12.9,4.12.12,npm,,Hono: Non-breaking space prefix bypass in cookie name handling in getCookie(),2.0
TanStack/store,grype,GHSA-rfgv-xxqx-mfg5,High,/pnpm-lock.yaml,,undici,7.24.4,7.29.1,npm,,undici vulnerable to Denial of Service via unrequested WebSocket subprotocol,3.0
TanStack/store,grype,GHSA-rfgv-xxqx-mfg5,High,/pnpm-lock.yaml,,undici,7.24.6,7.29.1,npm,,undici vulnerable to Denial of Service via unrequested WebSocket subprotocol,3.0
TanStack/store,grype,GHSA-rgjc-h3x7-9mwg,High,/pnpm-lock.yaml,,@angular/core,21.2.8,21.2.17,npm,,Angular Client Hydration DOM Clobbering & Response-Cache Poisoning,3.0
TanStack/store,grype,GHSA-rgw5-rvv9-x895,High,/pnpm-lock.yaml,,brace-expansion,1.1.13,1.1.18,npm,,"brace-expansion: DoS via unbounded intermediate arrays, bypassing the CVE-2026-14257 mitigation",3.0
TanStack/store,grype,GHSA-rgw5-rvv9-x895,High,/pnpm-lock.yaml,,brace-expansion,2.0.3,2.1.4,npm,,"brace-expansion: DoS via unbounded intermediate arrays, bypassing the CVE-2026-14257 mitigation",3.0
TanStack/store,grype,GHSA-rgw5-rvv9-x895,High,/pnpm-lock.yaml,,brace-expansion,5.0.6,5.0.9,npm,,"brace-expansion: DoS via unbounded intermediate arrays, bypassing the CVE-2026-14257 mitigation",3.0
TanStack/store,grype,GHSA-rj75-hqrm-r3gf,Medium,/pnpm-lock.yaml,,postcss-selector-parser,7.1.1,7.1.6,npm,,PostCSS: Quadratic complexity in flat selector parsing allows CPU exhaustion,2.0
TanStack/store,grype,GHSA-rpw4-54j3-4h4q,Medium,/pnpm-lock.yaml,,ip-address,10.1.0,10.5.1,npm,,"ip-address: Address6.isLinkLocal() recognizes fe80::/64 rather than fe80::/10, allowing SSRF and trust-boundary bypass to on-link hosts",2.0
TanStack/store,grype,GHSA-rv63-4mwf-qqc2,Medium,/pnpm-lock.yaml,,hono,4.12.9,4.12.25,npm,,hono: Body Limit Middleware can be bypassed on AWS Lambda by understating `Content-Length`,2.0
TanStack/store,grype,GHSA-rx4f-c7p8-82vq,Medium,/pnpm-lock.yaml,,undici,7.24.4,7.29.1,npm,,undici vulnerable to Denial of Service via WebSocketStream unclean close,2.0
TanStack/store,grype,GHSA-rx4f-c7p8-82vq,Medium,/pnpm-lock.yaml,,undici,7.24.6,7.29.1,npm,,undici vulnerable to Denial of Service via WebSocketStream unclean close,2.0
TanStack/store,grype,GHSA-v245-v573-v5vm,High,/pnpm-lock.yaml,,linkify-it,5.0.0,5.0.2,npm,,linkify-it: Quadratic-complexity DoS via the `mailto:` validator scan-loop on attacker text,3.0
TanStack/store,grype,GHSA-v2hh-gcrm-f6hx,High,/pnpm-lock.yaml,,fast-uri,3.1.2,3.1.4,npm,,fast-uri vulnerable to host confusion via literal backslash authority delimiter,3.0
TanStack/store,grype,GHSA-v2v4-37r5-5v8g,Medium,/pnpm-lock.yaml,,ip-address,10.1.0,10.1.1,npm,,ip-address has XSS in Address6 HTML-emitting methods,2.0
TanStack/store,grype,GHSA-v3r7-h72x-cjcm,Medium,/pnpm-lock.yaml,,undici,7.24.4,7.29.0,npm,,undici vulnerable to cookie attribute injection via unsanitized domain and unparsed setCookie fields,2.0
TanStack/store,grype,GHSA-v3r7-h72x-cjcm,Medium,/pnpm-lock.yaml,,undici,7.24.6,7.29.0,npm,,undici vulnerable to cookie attribute injection via unsanitized domain and unparsed setCookie fields,2.0
TanStack/store,grype,GHSA-v422-hmwv-36x6,Low,/pnpm-lock.yaml,,body-parser,1.20.4,1.20.6,npm,,body-parser vulnerable to denial of service when invalid limit value silently disables size enforcement,1.0
TanStack/store,grype,GHSA-v422-hmwv-36x6,Low,/pnpm-lock.yaml,,body-parser,2.2.2,2.3.0,npm,,body-parser vulnerable to denial of service when invalid limit value silently disables size enforcement,1.0
TanStack/store,grype,GHSA-v6wh-96g9-6wx3,Medium,/pnpm-lock.yaml,,launch-editor,2.13.2,2.14.1,npm,,launch-editor: NTLMv2 hash disclosure via UNC path handling on Windows,2.0
TanStack/store,grype,GHSA-v6wh-96g9-6wx3,Medium,/pnpm-lock.yaml,,vite,7.3.2,7.3.5,npm,,launch-editor: NTLMv2 hash disclosure via UNC path handling on Windows,2.0
TanStack/store,grype,GHSA-vc2v-76pw-4v95,High,/pnpm-lock.yaml,,compression,1.8.1,1.8.2,npm,,compression vulnerable to Denial of Service via memory leak on premature response close,3.0
TanStack/store,grype,GHSA-vfj7-8cjw-p6xm,High,/pnpm-lock.yaml,,braces,3.0.3,,npm,,braces vulnerable to stack-exhaustion denial of service through deeply nested patterns,3.0
TanStack/store,grype,GHSA-vh66-26gq-q6x8,Medium,/pnpm-lock.yaml,,axios,1.16.0,1.20.0,npm,,Axios: Prototype pollution gadget in fetch adapter can alter outbound requests,2.0
TanStack/store,grype,GHSA-vmf3-w455-68vh,Medium,/pnpm-lock.yaml,,tar,7.5.13,7.5.16,npm,,"node-tar applies PAX size override to intermediary GNU long-name/long-link headers, causing tar parser interpretation differential (file smuggling)",2.0
TanStack/store,grype,GHSA-vmh5-mc38-953g,High,/pnpm-lock.yaml,,undici,7.24.4,7.28.0,npm,,undici vulnerable to TLS certificate validation bypass via dropped requestTls in SOCKS5 ProxyAgent,3.0
TanStack/store,grype,GHSA-vmh5-mc38-953g,High,/pnpm-lock.yaml,,undici,7.24.6,7.28.0,npm,,undici vulnerable to TLS certificate validation bypass via dropped requestTls in SOCKS5 ProxyAgent,3.0
TanStack/store,grype,GHSA-vxpw-j846-p89q,High,/pnpm-lock.yaml,,undici,7.24.4,7.28.0,npm,,undici WebSocket client vulnerable to denial of service via fragment count bypass,3.0
TanStack/store,grype,GHSA-vxpw-j846-p89q,High,/pnpm-lock.yaml,,undici,7.24.6,7.28.0,npm,,undici WebSocket client vulnerable to denial of service via fragment count bypass,3.0
TanStack/store,grype,GHSA-w293-vg96-wgc3,High,/pnpm-lock.yaml,,undici,7.24.4,7.29.1,npm,,undici vulnerable to TLS certificate validation bypass via dropped connect options in BalancedPool,3.0
TanStack/store,grype,GHSA-w293-vg96-wgc3,High,/pnpm-lock.yaml,,undici,7.24.6,7.29.1,npm,,undici vulnerable to TLS certificate validation bypass via dropped connect options in BalancedPool,3.0
TanStack/store,grype,GHSA-w2vw-w76x-qr89,High,/pnpm-lock.yaml,,nx,22.7.7,22.7.8,npm,,Nx: OS command injection via git revisions and remote refs,3.0
TanStack/store,grype,GHSA-w3vv-58gj-gw77,High,/pnpm-lock.yaml,,nx,22.7.7,22.7.9,npm,,Nx daemon and plugin worker sockets are accessible to other local users,3.0
TanStack/store,grype,GHSA-w4pp-8pjf-rmxw,High,/pnpm-lock.yaml,,pacote,21.3.1,21.5.1,npm,,pacote is vulnerable to Denial of Service (DoS) via the addGitSha function,3.0
TanStack/store,grype,GHSA-w5hq-g745-h8pq,Medium,/pnpm-lock.yaml,,uuid,8.3.2,11.1.1,npm,,uuid: Missing buffer bounds check in v3/v5/v6 when buf is provided,2.0
TanStack/store,grype,GHSA-w62v-xxxg-mg59,Medium,/pnpm-lock.yaml,,hono,4.12.9,4.12.27,npm,,Hono: Server-Side XSS via JSX Escaping Bypass in cx() Utility,2.0
TanStack/store,grype,GHSA-w7jw-789q-3m8p,Critical,/pnpm-lock.yaml,,shell-quote,1.8.3,1.8.4,npm,,shell-quote quote() does not escape newlines in object .op values,4.0
TanStack/store,grype,GHSA-w8wr-v893-vjvp,Medium,/pnpm-lock.yaml,,tar,7.5.13,7.5.18,npm,,node-tar: Process crash via PAX numeric path type confusion,2.0
TanStack/store,grype,GHSA-w9m9-85wc-3x92,Low,/pnpm-lock.yaml,,postcss-selector-parser,7.1.1,7.1.3,npm,,postcss-selector-parser allows denial of service through uncontrolled AST recursion,1.0
TanStack/store,grype,GHSA-wf3x-273g-mvxv,Low,/pnpm-lock.yaml,,devalue,5.9.2,5.9.3,npm,,devalue: Sparse arrays emitted by uneval cause eager allocation when evaluated,1.0
TanStack/store,grype,GHSA-wgpf-jwqj-8h8p,Medium,/pnpm-lock.yaml,,hono,4.12.9,4.12.25,npm,,"hono: Lambda@Edge adapter keeps only the last value of a repeated request header, dropping the rest",2.0
TanStack/store,grype,GHSA-wmmm-f939-6g9c,Medium,/pnpm-lock.yaml,,hono,4.12.9,4.12.12,npm,,Hono: Middleware bypass via repeated slashes in serveStatic,2.0
TanStack/store,grype,GHSA-wwfh-h76j-fc44,Medium,/pnpm-lock.yaml,,hono,4.12.9,4.12.25,npm,,hono: Path traversal in `serve-static` on Windows via encoded backslash (`%5C`),2.0
TanStack/store,grype,GHSA-x5fp-wj9c-mxmx,Medium,/pnpm-lock.yaml,,qs,6.14.2,6.16.0,npm,,qs array-limit bypass via bracket-key comma parsing,2.0
TanStack/store,grype,GHSA-x5fp-wj9c-mxmx,Medium,/pnpm-lock.yaml,,qs,6.15.0,6.16.0,npm,,qs array-limit bypass via bracket-key comma parsing,2.0
TanStack/store,grype,GHSA-x5rw-q4pp-hg5g,High,/pnpm-lock.yaml,,devalue,5.9.2,5.9.3,npm,,devalue: stringifyAsync can cause an unhandled rejection despite a caught returned promise,3.0
TanStack/store,grype,GHSA-x97p-jq2g-jp4f,High,/pnpm-lock.yaml,,axios,1.16.0,1.20.0,npm,,Axios: Prototype Pollution Gadget in axios toFormData Options,3.0
TanStack/store,grype,GHSA-x9g3-xrwr-cwfg,High,/pnpm-lock.yaml,,piscina,5.1.4,5.2.0,npm,,piscina: Prototype Pollution Gadget → RCE via inherited options.filename,3.0
TanStack/store,grype,GHSA-xf4j-xp2r-rqqx,Medium,/pnpm-lock.yaml,,hono,4.12.9,4.12.12,npm,,Hono: Path traversal in toSSG() allows writing files outside the output directory,2.0
TanStack/store,grype,GHSA-xgjw-pm74-86q4,Medium,/pnpm-lock.yaml,,@sigstore/verify,3.1.0,3.1.1,npm,,sigstore-js has Insufficient Verification of Data Authenticity,2.0
TanStack/store,grype,GHSA-xgm2-5f3f-mvvc,Medium,/pnpm-lock.yaml,,hono,4.12.9,4.12.27,npm,,Hono: API Gateway v1 adapter can drop a distinct repeated request header value during de-duplication,2.0
TanStack/store,grype,GHSA-xj6q-8x83-jv6g,Medium,/pnpm-lock.yaml,,axios,1.16.0,1.18.0,npm,,Axios: Prototype pollution auth subfields can inject Basic auth,2.0
TanStack/store,grype,GHSA-xpcf-pg52-r92g,Medium,/pnpm-lock.yaml,,hono,4.12.9,4.12.12,npm,,Hono has incorrect IP matching in ipRestriction() for IPv4-mapped IPv6 addresses,2.0
TanStack/store,grype,GHSA-xrhx-7g5j-rcj5,Medium,/pnpm-lock.yaml,,hono,4.12.9,4.12.21,npm,,Hono: IP Restriction bypasses static deny rules for non-canonical IPv6,2.0
TanStack/store,grype,GHSA-xv26-6w52-cph6,Critical,/pnpm-lock.yaml,,websocket-driver,0.7.4,0.7.5,npm,,websocket-driver: Message corruption via abuse of protocol length headers,4.0
TanStack/table,grype,GHSA-253c-mchw-3w2r,Medium,/pnpm-lock.yaml,,markdown-it,14.3.0,14.3.1,npm,,"markdown-it linkify: true has two quadratic paths, so a few hundred KB of markdown blocks the event loop for tens of seconds",2.0
TanStack/table,grype,GHSA-27p8-2357-5qqv,High,/pnpm-lock.yaml,,@xmldom/xmldom,0.9.10,0.9.12,npm,,xmldom: DocType `name` Injection Bypasses requireWellFormed,3.0
TanStack/table,grype,GHSA-2883-xcg3-v3hh,High,/pnpm-lock.yaml,,js-yaml,4.2.0,4.3.2,npm,,js-yaml: maxTotalMergeKeys does not limit CPU use for empty merge sources,3.0
TanStack/table,grype,GHSA-2gc4-cqfq-p2gv,High,/pnpm-lock.yaml,,engine.io,6.6.9,6.6.10,npm,,Socket.IO: Engine.IO Protocol Revision Mismatch DoS,3.0
TanStack/table,grype,GHSA-2gqq-gqf2-x968,Low,/pnpm-lock.yaml,,undici,7.27.2,7.29.1,npm,,undici vulnerable to response truncation via oversized chunked responses in the dump interceptor,1.0
TanStack/table,grype,GHSA-2jfj-6hjv-fm6j,Medium,/pnpm-lock.yaml,,undici,7.27.2,7.29.1,npm,,undici vulnerable to cross-user cookie disclosure via Set-Cookie caching in shared caches,2.0
TanStack/table,grype,GHSA-2m8v-j782-fhvr,High,/pnpm-lock.yaml,,socket.io-parser,4.2.6,4.2.7,npm,,Socket.IO: Zero-attachment Memory Exhaustion,3.0
TanStack/table,grype,GHSA-35p6-xmwp-9g52,Low,/pnpm-lock.yaml,,undici,7.27.2,7.28.0,npm,,undici vulnerable to HTTP response queue poisoning via keep-alive socket reuse,1.0
TanStack/table,grype,GHSA-395f-4hp3-45gv,High,/pnpm-lock.yaml,,shell-quote,1.8.4,1.9.0,npm,,shell-quote: Quadratic-complexity Denial of Service in `parse()` (CWE-407),3.0
TanStack/table,grype,GHSA-3jxr-9vmj-r5cp,High,/pnpm-lock.yaml,,brace-expansion,1.1.15,1.1.16,npm,,brace-expansion: DoS via exponential-time expansion of consecutive non-expanding {} groups,3.0
TanStack/table,grype,GHSA-3jxr-9vmj-r5cp,High,/pnpm-lock.yaml,,brace-expansion,2.1.1,2.1.2,npm,,brace-expansion: DoS via exponential-time expansion of consecutive non-expanding {} groups,3.0
TanStack/table,grype,GHSA-3pq3-5fj3-cg6v,High,/pnpm-lock.yaml,,axios,1.18.1,1.20.0,npm,,Axios: HTTP/2 adapter bypasses configured DNS lookup and proxy controls,3.0
TanStack/table,grype,GHSA-3px3-54cx-rmw9,High,/pnpm-lock.yaml,,@xmldom/xmldom,0.9.10,0.9.12,npm,,"xmldom: Creation-time XML Name/QName validation is bypassable via an embedded line terminator, allowing injection on the default serialization path",3.0
TanStack/table,grype,GHSA-3xpg-4rpp-hhhm,Medium,/pnpm-lock.yaml,,undici,7.27.2,7.29.1,npm,,undici vulnerable to Denial of Service via unbounded decompression of compressed responses,2.0
TanStack/table,grype,GHSA-44g4-m2mj-wpvx,Medium,/pnpm-lock.yaml,,axios,1.18.1,1.20.0,npm,,"Axios: CIDR-form NO_PROXY entries are ignored, causing proxy exclusion bypass for internal IP ranges",2.0
TanStack/table,grype,GHSA-4c8g-83qw-93j6,High,/pnpm-lock.yaml,,fast-uri,3.1.2,3.1.3,npm,,fast-uri vulnerable to host confusion via failed IDN canonicalization,3.0
TanStack/table,grype,GHSA-4cwx-7wf7-3272,High,/pnpm-lock.yaml,,undici,7.27.2,7.29.0,npm,,undici vulnerable to cross-user information disclosure and parse-time crash via degenerate private cache directives,3.0
TanStack/table,grype,GHSA-4hqw-qxg8-jxx2,Medium,/pnpm-lock.yaml,,axios,1.18.1,1.20.0,npm,,Axios: Fetch Adapter Header Injection via Inherited FormData getHeaders,2.0
TanStack/table,grype,GHSA-4mjr-xmp4-gh2g,Medium,/pnpm-lock.yaml,,qs,6.15.2,6.16.0,npm,,qs: Denial of Service via Attacker Controlled isBuffer,2.0
TanStack/table,grype,GHSA-4w3w-2rp5-g8jm,High,/pnpm-lock.yaml,,@xmldom/xmldom,0.9.10,0.9.11,npm,,xmldom: Attribute name injection via setAttribute() bypasses requireWellFormed,3.0
TanStack/table,grype,GHSA-52cp-r559-cp3m,High,/pnpm-lock.yaml,,js-yaml,4.2.0,4.3.0,npm,,js-yaml: YAML merge-key chains can force quadratic CPU consumption,3.0
TanStack/table,grype,GHSA-542g-h47m-68v8,High,/pnpm-lock.yaml,,axios,1.18.1,1.20.0,npm,,Axios: Denial of Service via Unhandled 'error' Event in HTTP/2 ClientHttp2Session Initialization,3.0
TanStack/table,grype,GHSA-5p4m-2wfm-xmqj,High,/pnpm-lock.yaml,,js-yaml,4.2.0,4.3.1,npm,,JS-YAML: Quadratic CPU consumption in !!omap resolution (3.x and 4.x) — CVE-2026-59870 fix not backported,3.0
TanStack/table,grype,GHSA-64mm-vxmg-q3vj,Medium,/pnpm-lock.yaml,,http-proxy-middleware,2.0.9,2.0.10,npm,,http-proxy-middleware `router` host+path substring matching allows Host-header-driven backend routing bypass,2.0
TanStack/table,grype,GHSA-67c8-pqhq-4rmx,Critical,/pnpm-lock.yaml,,piscina,5.2.0,5.3.2,npm,,piscina: Prototype-pollution gadget in ThreadPool.options allows RCE via execArgv / loadBalancer / env,4.0
TanStack/table,grype,GHSA-68fv-2mgg-jv7q,High,/pnpm-lock.yaml,,source-map-js,1.2.1,1.2.2,npm,,source-map-js allows event-loop denial of service through indexed source-map section offsets,3.0
TanStack/table,grype,GHSA-6gmq-8vp8-gcm6,Medium,/pnpm-lock.yaml,,@xmldom/xmldom,0.9.10,0.9.12,npm,,xmldom: XML fragment injection via invalid EntityReference.nodeName during requireWellFormed serialization,2.0
TanStack/table,grype,GHSA-6h8r-xr42-gp59,Medium,/pnpm-lock.yaml,,@xmldom/xmldom,0.9.10,0.9.12,npm,,xmldom: Parser silently accepts a not-well-formed end tag whose name is followed by a line break and trailing content,2.0
TanStack/table,grype,GHSA-6j4f-fj2g-mc7p,High,/pnpm-lock.yaml,,brace-expansion,1.1.15,1.1.19,npm,,brace-expansion: DoS via uncontrolled recursion in parseCommaParts causing stack exhaustion,3.0
TanStack/table,grype,GHSA-6j4f-fj2g-mc7p,High,/pnpm-lock.yaml,,brace-expansion,2.1.1,2.1.5,npm,,brace-expansion: DoS via uncontrolled recursion in parseCommaParts causing stack exhaustion,3.0
TanStack/table,grype,GHSA-6j4f-fj2g-mc7p,High,/pnpm-lock.yaml,,brace-expansion,5.0.9,5.0.10,npm,,brace-expansion: DoS via uncontrolled recursion in parseCommaParts causing stack exhaustion,3.0
TanStack/table,grype,GHSA-6mj3-qw4j-hgrw,High,/pnpm-lock.yaml,,@xmldom/xmldom,0.9.10,0.9.12,npm,,xmldom: HTML raw-text closing-tag case mismatch causes output amplification,3.0
TanStack/table,grype,GHSA-7p8r-x3mc-p8w7,High,/pnpm-lock.yaml,,fast-uri,3.1.2,3.1.5,npm,,fast-uri vulnerable to host confusion via backslash authority introducer,3.0
TanStack/table,grype,GHSA-7w5x-hrqm-74c2,High,/pnpm-lock.yaml,,smol-toml,1.6.1,1.7.1,npm,,smol-toml: Denial of Service via malformed TOML documents,3.0
TanStack/table,grype,GHSA-8344-3jmq-59r6,High,/pnpm-lock.yaml,,@xmldom/xmldom,0.9.10,0.9.12,npm,,xmldom: Quadratic-time attribute deduplication,3.0
TanStack/table,grype,GHSA-8436-99hf-9mmv,Low,/pnpm-lock.yaml,,undici,7.27.2,7.29.1,npm,,undici vulnerable to caching and replay of unsafe HTTP method responses,1.0
TanStack/table,grype,GHSA-8xcm-r25x-g524,Medium,/pnpm-lock.yaml,,undici,7.27.2,7.29.0,npm,,undici vulnerable to downstream response desynchronization via retry interceptor,2.0
TanStack/table,grype,GHSA-93r5-fhx6-vmg9,High,/pnpm-lock.yaml,,@xmldom/xmldom,0.9.10,0.9.12,npm,,xmldom: Quadratic-time parsing via the malformed-input recovery path — `parseElementStartPart` re-scan and `normalize()` adjacent-text merge,3.0
TanStack/table,grype,GHSA-965w-775f-mr7g,High,/pnpm-lock.yaml,,@xmldom/xmldom,0.9.10,0.9.12,npm,,xmldom: Quadratic-memory consumption,3.0
TanStack/table,grype,GHSA-968p-4wvh-cqc8,Medium,/pnpm-lock.yaml,,@babel/runtime,7.12.18,7.26.10,npm,,Babel has inefficient RegExp complexity in generated code with .replace when transpiling named capturing groups,2.0
TanStack/table,grype,GHSA-9fr6-4gfg-395g,Medium,/pnpm-lock.yaml,,axios,1.18.1,1.20.0,npm,,Axios: Prototype-Pollution Gadget in the Default Instance Allows Inherited Object.prototype.method to Override HTTP Method,2.0
TanStack/table,grype,GHSA-c29m-xwm3-cm6r,High,/pnpm-lock.yaml,,axios,1.18.1,1.20.0,npm,,Axios: ReDoS in fromDataURI data: URL parser freezes the Node event loop (DoS),3.0
TanStack/table,grype,GHSA-c7q8-3ch8-vqpv,High,/pnpm-lock.yaml,,@xmldom/xmldom,0.9.10,0.9.12,npm,,xmldom: Processing Instruction Target Injection Bypasses requireWellFormed,3.0
TanStack/table,grype,GHSA-f65p-4m7j-42xc,High,/pnpm-lock.yaml,,fast-uri,3.1.2,3.1.6,npm,,fast-uri vulnerable to server-side request forgery via malformed IPv6 normalization,3.0
TanStack/table,grype,GHSA-fph4-wmhf-6fwf,High,/pnpm-lock.yaml,,fast-uri,3.1.2,3.1.6,npm,,fast-uri vulnerable to server-side request forgery via repeated hostname percent-decoding,3.0
TanStack/table,grype,GHSA-g2v6-rqmx-r4w6,High,/pnpm-lock.yaml,,@vue/server-renderer,3.5.41,3.5.42,npm,,@vue/server-renderer: XSS via missing CR in attribute-name blacklist,3.0
TanStack/table,grype,GHSA-g53g-w8rj-fmg7,High,/pnpm-lock.yaml,,@xmldom/xmldom,0.9.10,0.9.11,npm,,xmldom PI grammar regex ReDoS: quadratic backtracking on unterminated processing instructions,3.0
TanStack/table,grype,GHSA-g84c-rxfj-3j2c,High,/pnpm-lock.yaml,,webpack-dev-middleware,8.0.3,8.3.0,npm,,webpack-dev-middleware vulnerable to Path Traversal via non-slash-terminated publicPath,3.0
TanStack/table,grype,GHSA-g8m3-5g58-fq7m,Low,/pnpm-lock.yaml,,undici,7.27.2,7.28.0,npm,,undici vulnerable to Set-Cookie SameSite attribute downgrade via permissive substring matching,1.0
TanStack/table,grype,GHSA-hm92-r4w5-c3mj,High,/pnpm-lock.yaml,,undici,7.27.2,7.28.0,npm,,undici vulnerable to cross-origin request routing via SOCKS5 proxy pool reuse,3.0
TanStack/table,grype,GHSA-hp3w-g68c-fv3c,Medium,/pnpm-lock.yaml,,sprintf-js,1.1.3,,npm,,sprintf-js vulnerable to denial of service through unbounded precision specifiers,2.0
TanStack/table,grype,GHSA-hrr3-gc8f-f4qj,Medium,/pnpm-lock.yaml,,fast-uri,3.1.2,3.1.8,npm,,fast-uri vulnerable to inconsistent host case normalization via percent-encoded octets,2.0
TanStack/table,grype,GHSA-j8rh-479h-cp32,Medium,/pnpm-lock.yaml,,axios,1.18.1,1.20.0,npm,,Axios: Header Injection via Inherited headers After Minimal Interceptor,2.0
TanStack/table,grype,GHSA-jp82-f5mq-hwhp,High,/pnpm-lock.yaml,,seroval,1.5.4,1.6.3,npm,,Seroval: Memory exhaustion via unchecked TypedArray length in JSON deserialization,3.0
TanStack/table,grype,GHSA-jqcg-44mw-7w3h,Critical,/pnpm-lock.yaml,,proxy-addr,2.0.7,2.0.8,npm,,proxy-addr vulnerable to IP spoofing via IPv4-mapped IPv6 trust subnet,4.0
TanStack/table,grype,GHSA-jqff-g426-hqxp,High,/pnpm-lock.yaml,,fast-uri,3.1.2,3.1.6,npm,,fast-uri vulnerable to host confusion via percent-encoded scheme normalization,3.0
TanStack/table,grype,GHSA-jr45-8vmc-qm54,Medium,/pnpm-lock.yaml,,undici,7.27.2,7.29.0,npm,,undici vulnerable to cross-user information disclosure via whitespace around equals in Cache-Control directives,2.0
TanStack/table,grype,GHSA-m8m8-qj5v-23w3,High,/pnpm-lock.yaml,,axios,1.18.1,1.20.0,npm,,Axios: Node HTTP adapter prototype-pollution gadget allows request socket hijack via inherited createConnection,3.0
TanStack/table,grype,GHSA-m8rv-5g2x-5cg5,Medium,/pnpm-lock.yaml,,undici,7.27.2,7.29.0,npm,,undici vulnerable to CRLF Injection via blob-like body 'type' property,2.0
TanStack/table,grype,GHSA-mghh-pgcx-3jjj,High,/pnpm-lock.yaml,,axios,1.18.1,1.20.0,npm,,"Axios: ReDoS (O(N²)) in shouldBypassProxy host normalization, reachable via untrusted redirect Location",3.0
TanStack/table,grype,GHSA-mh99-v99m-4gvg,High,/pnpm-lock.yaml,,brace-expansion,1.1.15,1.1.17,npm,,brace-expansion: DoS via unbounded expansion length causing an out-of-memory process crash,3.0
TanStack/table,grype,GHSA-mh99-v99m-4gvg,High,/pnpm-lock.yaml,,brace-expansion,2.1.1,2.1.3,npm,,brace-expansion: DoS via unbounded expansion length causing an out-of-memory process crash,3.0
TanStack/table,grype,GHSA-p6vx-979v-rg4c,Critical,/pnpm-lock.yaml,,seroval,1.5.4,1.6.2,npm,,Seroval: `fromJSON()` Promise thenable assimilation invokes plugin-produced callables (bypass of GHSA-mv8w-475r-vwqw),4.0
TanStack/table,grype,GHSA-p88m-4jfj-68fv,Medium,/pnpm-lock.yaml,,undici,7.27.2,7.28.0,npm,,undici vulnerable to HTTP header injection via Set-Cookie percent-decoding,2.0
TanStack/table,grype,GHSA-pmjh-fq2x-6v4x,Medium,/pnpm-lock.yaml,,undici,7.27.2,7.29.1,npm,,undici vulnerable to Denial of Service via orphaned RetryHandler response body,2.0
TanStack/table,grype,GHSA-pqg4-j6r4-53mv,Critical,/pnpm-lock.yaml,,shell-quote,1.8.4,1.11.0,npm,,shell-quote: `quote()` command injection via a line terminator in a token after a `{ comment }` token,4.0
TanStack/table,grype,GHSA-pr7r-676h-xcf6,Medium,/pnpm-lock.yaml,,undici,7.27.2,7.28.0,npm,,undici vulnerable to cross-user information disclosure via shared cache whitespace bypass,2.0
TanStack/table,grype,GHSA-q2hr-2g5m-vwhr,Medium,/pnpm-lock.yaml,,brace-expansion,1.1.15,1.1.21,npm,,"brace-expansion: Quadratic-time expansion of the `{a},b}` rewrite causes CPU denial of service",2.0
TanStack/table,grype,GHSA-q2hr-2g5m-vwhr,Medium,/pnpm-lock.yaml,,brace-expansion,2.1.1,2.1.7,npm,,"brace-expansion: Quadratic-time expansion of the `{a},b}` rewrite causes CPU denial of service",2.0
TanStack/table,grype,GHSA-q2hr-2g5m-vwhr,Medium,/pnpm-lock.yaml,,brace-expansion,5.0.9,5.0.12,npm,,"brace-expansion: Quadratic-time expansion of the `{a},b}` rewrite causes CPU denial of service",2.0
TanStack/table,grype,GHSA-qhr7-859c-m2p7,High,/pnpm-lock.yaml,,brace-expansion,1.1.15,1.1.20,npm,,brace-expansion: DoS via uncontrolled recursion on nested brace groups causing stack exhaustion,3.0
TanStack/table,grype,GHSA-qhr7-859c-m2p7,High,/pnpm-lock.yaml,,brace-expansion,2.1.1,2.1.6,npm,,brace-expansion: DoS via uncontrolled recursion on nested brace groups causing stack exhaustion,3.0
TanStack/table,grype,GHSA-qhr7-859c-m2p7,High,/pnpm-lock.yaml,,brace-expansion,5.0.9,5.0.11,npm,,brace-expansion: DoS via uncontrolled recursion on nested brace groups causing stack exhaustion,3.0
TanStack/table,grype,GHSA-qw65-cvwx-89v3,High,/pnpm-lock.yaml,,fast-uri,3.1.2,3.1.7,npm,,fast-uri vulnerable to authority injection via an unvalidated port in serialize,3.0
TanStack/table,grype,GHSA-r4gj-5m52-g5wh,High,/pnpm-lock.yaml,,axios,1.18.1,1.20.0,npm,,"Axios: maxRedirects: 0 is not enforced by the fetch adapter, allowing redirect-based SSRF",3.0
TanStack/table,grype,GHSA-r4xh-jqrq-34v2,Medium,/pnpm-lock.yaml,,smol-toml,1.6.1,1.9.0,npm,,smol-toml: Quadratic-time parse() from parseKey rescanning to end of document on each key line,2.0
TanStack/table,grype,GHSA-r4xh-jqrq-34v2,Medium,/pnpm-lock.yaml,,smol-toml,1.8.0,1.9.0,npm,,smol-toml: Quadratic-time parse() from parseKey rescanning to end of document on each key line,2.0
TanStack/table,grype,GHSA-r53p-7pc4-xj5r,Low,/pnpm-lock.yaml,,undici,7.27.2,7.29.1,npm,,undici vulnerable to downstream response splitting via retry interceptor,1.0
TanStack/table,grype,GHSA-rfgv-xxqx-mfg5,High,/pnpm-lock.yaml,,undici,7.27.2,7.29.1,npm,,undici vulnerable to Denial of Service via unrequested WebSocket subprotocol,3.0
TanStack/table,grype,GHSA-rgw5-rvv9-x895,High,/pnpm-lock.yaml,,brace-expansion,1.1.15,1.1.18,npm,,"brace-expansion: DoS via unbounded intermediate arrays, bypassing the CVE-2026-14257 mitigation",3.0
TanStack/table,grype,GHSA-rgw5-rvv9-x895,High,/pnpm-lock.yaml,,brace-expansion,2.1.1,2.1.4,npm,,"brace-expansion: DoS via unbounded intermediate arrays, bypassing the CVE-2026-14257 mitigation",3.0
TanStack/table,grype,GHSA-rj75-hqrm-r3gf,Medium,/pnpm-lock.yaml,,postcss-selector-parser,7.1.4,7.1.6,npm,,PostCSS: Quadratic complexity in flat selector parsing allows CPU exhaustion,2.0
TanStack/table,grype,GHSA-rx4f-c7p8-82vq,Medium,/pnpm-lock.yaml,,undici,7.27.2,7.29.1,npm,,undici vulnerable to Denial of Service via WebSocketStream unclean close,2.0
TanStack/table,grype,GHSA-v2hh-gcrm-f6hx,High,/pnpm-lock.yaml,,fast-uri,3.1.2,3.1.4,npm,,fast-uri vulnerable to host confusion via literal backslash authority delimiter,3.0
TanStack/table,grype,GHSA-v3r7-h72x-cjcm,Medium,/pnpm-lock.yaml,,undici,7.27.2,7.29.0,npm,,undici vulnerable to cookie attribute injection via unsanitized domain and unparsed setCookie fields,2.0
TanStack/table,grype,GHSA-v422-hmwv-36x6,Low,/pnpm-lock.yaml,,body-parser,1.20.5,1.20.6,npm,,body-parser vulnerable to denial of service when invalid limit value silently disables size enforcement,1.0
TanStack/table,grype,GHSA-v422-hmwv-36x6,Low,/pnpm-lock.yaml,,body-parser,2.2.2,2.3.0,npm,,body-parser vulnerable to denial of service when invalid limit value silently disables size enforcement,1.0
TanStack/table,grype,GHSA-v56q-mh7h-f735,High,/pnpm-lock.yaml,,immutable,5.1.6,5.1.8,npm,,Immutable.js `List` 32-bit trie overflow → unrecoverable DoS,3.0
TanStack/table,grype,GHSA-vc2v-76pw-4v95,High,/pnpm-lock.yaml,,compression,1.8.1,1.8.2,npm,,compression vulnerable to Denial of Service via memory leak on premature response close,3.0
TanStack/table,grype,GHSA-vfj7-8cjw-p6xm,High,/pnpm-lock.yaml,,braces,3.0.3,,npm,,braces vulnerable to stack-exhaustion denial of service through deeply nested patterns,3.0
TanStack/table,grype,GHSA-vh66-26gq-q6x8,Medium,/pnpm-lock.yaml,,axios,1.18.1,1.20.0,npm,,Axios: Prototype pollution gadget in fetch adapter can alter outbound requests,2.0
TanStack/table,grype,GHSA-vmh5-mc38-953g,High,/pnpm-lock.yaml,,undici,7.27.2,7.28.0,npm,,undici vulnerable to TLS certificate validation bypass via dropped requestTls in SOCKS5 ProxyAgent,3.0
TanStack/table,grype,GHSA-vr34-hp96-76pp,High,/pnpm-lock.yaml,,@xmldom/xmldom,0.9.10,0.9.12,npm,,xmldom: requireWellFormed DocType publicId/systemId validation is bypassable via an embedded line terminator,3.0
TanStack/table,grype,GHSA-vxpw-j846-p89q,High,/pnpm-lock.yaml,,undici,7.27.2,7.28.0,npm,,undici WebSocket client vulnerable to denial of service via fragment count bypass,3.0
TanStack/table,grype,GHSA-w293-vg96-wgc3,High,/pnpm-lock.yaml,,undici,7.27.2,7.29.1,npm,,undici vulnerable to TLS certificate validation bypass via dropped connect options in BalancedPool,3.0
TanStack/table,grype,GHSA-w2rr-34g9-rvrj,High,/pnpm-lock.yaml,,@xmldom/xmldom,0.9.10,0.9.11,npm,,xmldom: Element name injection via createElement() bypasses requireWellFormed,3.0
TanStack/table,grype,GHSA-w5hq-g745-h8pq,Medium,/pnpm-lock.yaml,,uuid,8.3.2,11.1.1,npm,,uuid: Missing buffer bounds check in v3/v5/v6 when buf is provided,2.0
TanStack/table,grype,GHSA-x5fp-wj9c-mxmx,Medium,/pnpm-lock.yaml,,qs,6.15.2,6.16.0,npm,,qs array-limit bypass via bracket-key comma parsing,2.0
TanStack/table,grype,GHSA-x97p-jq2g-jp4f,High,/pnpm-lock.yaml,,axios,1.18.1,1.20.0,npm,,Axios: Prototype Pollution Gadget in axios toFormData Options,3.0
TanStack/table,grype,GHSA-xvcm-6775-5m9r,High,/pnpm-lock.yaml,,immutable,5.1.6,5.1.8,npm,,Immutable: Hash-collision algorithmic complexity denial of service in Immutable.Map/Set,3.0
TanStack/tanstack.com,grype,GHSA-238p-pmpm-9mq7,Low,/pnpm-lock.yaml,,katex,0.16.44,0.18.2,npm,,KaTeX: Existing prototype pollution can bypass trust restrictions,1.0
TanStack/tanstack.com,grype,GHSA-26pp-8wgv-hjvm,Medium,/pnpm-lock.yaml,,hono,4.12.9,4.12.12,npm,,Hono missing validation of cookie name on write path in setCookie(),2.0
TanStack/tanstack.com,grype,GHSA-2883-xcg3-v3hh,High,/pnpm-lock.yaml,,js-yaml,3.14.2,3.15.2,npm,,js-yaml: maxTotalMergeKeys does not limit CPU use for empty merge sources,3.0
TanStack/tanstack.com,grype,GHSA-2gcr-mfcq-wcc3,Medium,/pnpm-lock.yaml,,hono,4.12.9,4.12.21,npm,,"Hono: app.mount() strips mount prefix using undecoded path, causing incorrect routing for percent-encoded paths",2.0
TanStack/tanstack.com,grype,GHSA-2gqq-gqf2-x968,Low,/pnpm-lock.yaml,,undici,7.24.7,7.29.1,npm,,undici vulnerable to response truncation via oversized chunked responses in the dump interceptor,1.0
TanStack/tanstack.com,grype,GHSA-2gqq-gqf2-x968,Low,/pnpm-lock.yaml,,undici,7.28.0,7.29.1,npm,,undici vulnerable to response truncation via oversized chunked responses in the dump interceptor,1.0
TanStack/tanstack.com,grype,GHSA-2gqq-gqf2-x968,Low,/pnpm-lock.yaml,,undici,7.29.0,7.29.1,npm,,undici vulnerable to response truncation via oversized chunked responses in the dump interceptor,1.0
TanStack/tanstack.com,grype,GHSA-2jfj-6hjv-fm6j,Medium,/pnpm-lock.yaml,,undici,7.24.7,7.29.1,npm,,undici vulnerable to cross-user cookie disclosure via Set-Cookie caching in shared caches,2.0
TanStack/tanstack.com,grype,GHSA-2jfj-6hjv-fm6j,Medium,/pnpm-lock.yaml,,undici,7.28.0,7.29.1,npm,,undici vulnerable to cross-user cookie disclosure via Set-Cookie caching in shared caches,2.0
TanStack/tanstack.com,grype,GHSA-2jfj-6hjv-fm6j,Medium,/pnpm-lock.yaml,,undici,7.29.0,7.29.1,npm,,undici vulnerable to cross-user cookie disclosure via Set-Cookie caching in shared caches,2.0
TanStack/tanstack.com,grype,GHSA-2v8p-3f2j-5mp7,Medium,/pnpm-lock.yaml,,mermaid,11.14.0,11.16.1,npm,,Mermaid XY Charts are vulnerable to an infinite loop DoS,2.0
TanStack/tanstack.com,grype,GHSA-35p6-xmwp-9g52,Low,/pnpm-lock.yaml,,undici,7.24.7,7.28.0,npm,,undici vulnerable to HTTP response queue poisoning via keep-alive socket reuse,1.0
TanStack/tanstack.com,grype,GHSA-38f7-945m-qr2g,High,/pnpm-lock.yaml,,effect,3.17.7,3.20.0,npm,,Effect `AsyncLocalStorage` context lost/contaminated inside Effect fibers under concurrent load with RPC,3.0
TanStack/tanstack.com,grype,GHSA-395f-4hp3-45gv,High,/pnpm-lock.yaml,,shell-quote,1.8.3,1.9.0,npm,,shell-quote: Quadratic-complexity Denial of Service in `parse()` (CWE-407),3.0
TanStack/tanstack.com,grype,GHSA-39q2-94rc-95cp,Medium,/pnpm-lock.yaml,,dompurify,3.3.3,3.4.0,npm,,DOMPurify's ADD_TAGS function form bypasses FORBID_TAGS due to short-circuit evaluation,2.0
TanStack/tanstack.com,grype,GHSA-3hrh-pfw6-9m5x,Medium,/pnpm-lock.yaml,,hono,4.12.9,4.12.21,npm,,"Hono: Cookie helper does not sanitize sameSite and priority, allowing Set-Cookie injection",2.0
TanStack/tanstack.com,grype,GHSA-3jxr-9vmj-r5cp,High,/pnpm-lock.yaml,,brace-expansion,1.1.12,1.1.16,npm,,brace-expansion: DoS via exponential-time expansion of consecutive non-expanding {} groups,3.0
TanStack/tanstack.com,grype,GHSA-3jxr-9vmj-r5cp,High,/pnpm-lock.yaml,,brace-expansion,2.0.3,2.1.2,npm,,brace-expansion: DoS via exponential-time expansion of consecutive non-expanding {} groups,3.0
TanStack/tanstack.com,grype,GHSA-3jxr-9vmj-r5cp,High,/pnpm-lock.yaml,,brace-expansion,5.0.5,5.0.7,npm,,brace-expansion: DoS via exponential-time expansion of consecutive non-expanding {} groups,3.0
TanStack/tanstack.com,grype,GHSA-3rrr-jr9j-h3q3,Medium,/pnpm-lock.yaml,,mermaid,11.14.0,11.16.1,npm,,Mermaid Architecture diagrams are vulnerable to prototype pollution,2.0
TanStack/tanstack.com,grype,GHSA-3wwx-pv8p-q78v,Medium,/pnpm-lock.yaml,,undici,7.28.0,7.29.1,npm,,undici vulnerable to Denial of Service via unhandled error in WebSocket permessage-deflate decompression,2.0
TanStack/tanstack.com,grype,GHSA-3wwx-pv8p-q78v,Medium,/pnpm-lock.yaml,,undici,7.29.0,7.29.1,npm,,undici vulnerable to Denial of Service via unhandled error in WebSocket permessage-deflate decompression,2.0
TanStack/tanstack.com,grype,GHSA-3xpg-4rpp-hhhm,Medium,/pnpm-lock.yaml,,undici,7.24.7,7.29.1,npm,,undici vulnerable to Denial of Service via unbounded decompression of compressed responses,2.0
TanStack/tanstack.com,grype,GHSA-3xpg-4rpp-hhhm,Medium,/pnpm-lock.yaml,,undici,7.28.0,7.29.1,npm,,undici vulnerable to Denial of Service via unbounded decompression of compressed responses,2.0
TanStack/tanstack.com,grype,GHSA-3xpg-4rpp-hhhm,Medium,/pnpm-lock.yaml,,undici,7.29.0,7.29.1,npm,,undici vulnerable to Denial of Service via unbounded decompression of compressed responses,2.0
TanStack/tanstack.com,grype,GHSA-458j-xx4x-4375,Medium,/pnpm-lock.yaml,,hono,4.12.9,4.12.14,npm,,hono Improperly Handles JSX Attribute Names Allows HTML Injection in hono/jsx SSR,2.0
TanStack/tanstack.com,grype,GHSA-4c8g-83qw-93j6,High,/pnpm-lock.yaml,,fast-uri,3.1.0,3.1.3,npm,,fast-uri vulnerable to host confusion via failed IDN canonicalization,3.0
TanStack/tanstack.com,grype,GHSA-4cwx-7wf7-3272,High,/pnpm-lock.yaml,,undici,7.24.7,7.29.0,npm,,undici vulnerable to cross-user information disclosure and parse-time crash via degenerate private cache directives,3.0
TanStack/tanstack.com,grype,GHSA-4cwx-7wf7-3272,High,/pnpm-lock.yaml,,undici,7.28.0,7.29.0,npm,,undici vulnerable to cross-user information disclosure and parse-time crash via degenerate private cache directives,3.0
TanStack/tanstack.com,grype,GHSA-4mjr-xmp4-gh2g,Medium,/pnpm-lock.yaml,,qs,6.15.0,6.16.0,npm,,qs: Denial of Service via Attacker Controlled isBuffer,2.0
TanStack/tanstack.com,grype,GHSA-4q55-j62x-fr9h,Medium,/pnpm-lock.yaml,,devalue,5.9.0,5.9.3,npm,,devalue: Malformed null-prototype object keys bypass __proto__ rejection via property-key coercion,2.0
TanStack/tanstack.com,grype,GHSA-4x5r-pxfx-6jf8,Low,/pnpm-lock.yaml,,@babel/core,7.29.0,7.29.6,npm,,@babel/core: Arbitrary File Read via sourceMappingURL Comment,1.0
TanStack/tanstack.com,grype,GHSA-52cp-r559-cp3m,High,/pnpm-lock.yaml,,js-yaml,3.14.2,3.15.0,npm,,js-yaml: YAML merge-key chains can force quadratic CPU consumption,3.0
TanStack/tanstack.com,grype,GHSA-54fx-42gc-7vw4,Medium,/pnpm-lock.yaml,,hono,4.12.9,4.12.34,npm,,Hono: Algorithmic Complexity DoS in Language Middleware,2.0
TanStack/tanstack.com,grype,GHSA-55q2-fjhq-7xh7,Medium,/pnpm-lock.yaml,,dompurify,3.3.3,3.4.13,npm,,"DOMPurify: IN_PLACE hook removal leaves a detached subtree executable, causing XSS",2.0
TanStack/tanstack.com,grype,GHSA-58qx-3vcg-4xpx,Medium,/pnpm-lock.yaml,,ws,8.20.0,8.20.1,npm,,ws: Uninitialized memory disclosure,2.0
TanStack/tanstack.com,grype,GHSA-5gmw-xhrv-c9v3,Critical,/pnpm-lock.yaml,,tinypool,2.1.0,2.1.1,npm,,Tinypool: Prototype Pollution gadget in worker options leads to Remote Code Execution,4.0
TanStack/tanstack.com,grype,GHSA-5p4m-2wfm-xmqj,High,/pnpm-lock.yaml,,js-yaml,3.14.2,3.15.1,npm,,JS-YAML: Quadratic CPU consumption in !!omap resolution (3.x and 4.x) — CVE-2026-59870 fix not backported,3.0
TanStack/tanstack.com,grype,GHSA-5qjj-4xww-7phc,Medium,/pnpm-lock.yaml,,valibot,1.3.1,1.4.2,npm,,Valibot: record() issue paths can make flatten() throw for inherited Object property names,2.0
TanStack/tanstack.com,grype,GHSA-6688-9rhm-gjv2,Low,/pnpm-lock.yaml,,dompurify,3.3.3,3.4.16,npm,,DOMPurify: IN_PLACE returns a force-removed rawtext root whose text carries attacker markup — pure HTML reparse executes,1.0
TanStack/tanstack.com,grype,GHSA-67mh-4wv8-2f99,Medium,/pnpm-lock.yaml,,esbuild,0.18.20,0.25.0,npm,,esbuild enables any website to send any requests to the development server and read the response,2.0
TanStack/tanstack.com,grype,GHSA-68fv-2mgg-jv7q,High,/pnpm-lock.yaml,,source-map-js,1.2.1,1.2.2,npm,,source-map-js allows event-loop denial of service through indexed source-map section offsets,3.0
TanStack/tanstack.com,grype,GHSA-69xw-7hcm-h432,Medium,/pnpm-lock.yaml,,hono,4.12.9,4.12.16,npm,,hono/jsx has Unvalidated JSX Tag Names that May Allow HTML Injection,2.0
TanStack/tanstack.com,grype,GHSA-6j4f-fj2g-mc7p,High,/pnpm-lock.yaml,,brace-expansion,1.1.12,1.1.19,npm,,brace-expansion: DoS via uncontrolled recursion in parseCommaParts causing stack exhaustion,3.0
TanStack/tanstack.com,grype,GHSA-6j4f-fj2g-mc7p,High,/pnpm-lock.yaml,,brace-expansion,2.0.3,2.1.5,npm,,brace-expansion: DoS via uncontrolled recursion in parseCommaParts causing stack exhaustion,3.0
TanStack/tanstack.com,grype,GHSA-6j4f-fj2g-mc7p,High,/pnpm-lock.yaml,,brace-expansion,5.0.5,5.0.10,npm,,brace-expansion: DoS via uncontrolled recursion in parseCommaParts causing stack exhaustion,3.0
TanStack/tanstack.com,grype,GHSA-6m6c-36f7-fhxh,Medium,/pnpm-lock.yaml,,mermaid,11.14.0,11.15.0,npm,,Mermaid Gantt Charts are vulnerable to an Infinite Loop DoS,2.0
TanStack/tanstack.com,grype,GHSA-6x64-9x62-f2gx,Medium,/pnpm-lock.yaml,,mermaid,11.14.0,11.16.1,npm,,Mermaid allows CSS injection applying to sibling elements of the diagram,2.0
TanStack/tanstack.com,grype,GHSA-73wf-gq98-2v4g,High,/pnpm-lock.yaml,,browserslist,4.28.2,4.28.7,npm,,Browserslist: Uncaught crash / prototype write via untrusted browserslist-stats.json custom stats (normalizeStats),3.0
TanStack/tanstack.com,grype,GHSA-76mc-f452-cxcm,Medium,/pnpm-lock.yaml,,dompurify,3.3.3,3.4.7,npm,,DOMPurify: Hook mutation of `data.allowedTags` / `data.allowedAttributes` permanently pollutes `DEFAULT_ALLOWED_TAGS` / `DEFAULT_ALLOWED_ATTR`,2.0
TanStack/tanstack.com,grype,GHSA-79qm-7rj5-m7r9,Low,/pnpm-lock.yaml,,hono,4.12.9,4.12.34,npm,,Hono: Proxy Helper does not remove response headers listed in the `Connection` header,1.0
TanStack/tanstack.com,grype,GHSA-7p8r-x3mc-p8w7,High,/pnpm-lock.yaml,,fast-uri,3.1.0,3.1.5,npm,,fast-uri vulnerable to host confusion via backslash authority introducer,3.0
TanStack/tanstack.com,grype,GHSA-8436-99hf-9mmv,Low,/pnpm-lock.yaml,,undici,7.24.7,7.29.1,npm,,undici vulnerable to caching and replay of unsafe HTTP method responses,1.0
TanStack/tanstack.com,grype,GHSA-8436-99hf-9mmv,Low,/pnpm-lock.yaml,,undici,7.28.0,7.29.1,npm,,undici vulnerable to caching and replay of unsafe HTTP method responses,1.0
TanStack/tanstack.com,grype,GHSA-8436-99hf-9mmv,Low,/pnpm-lock.yaml,,undici,7.29.0,7.29.1,npm,,undici vulnerable to caching and replay of unsafe HTTP method responses,1.0
TanStack/tanstack.com,grype,GHSA-85c8-ppgw-ccpr,Critical,/pnpm-lock.yaml,,tinypool,2.1.0,2.1.2,npm,,Tinypool: Prototype Pollution Gadget to RCE in run() options,4.0
TanStack/tanstack.com,grype,GHSA-87f9-hvmw-gh4p,Medium,/pnpm-lock.yaml,,mermaid,11.14.0,11.15.0,npm,,Mermaid: Improper sanitization of configuration leads to CSS injection,2.0
TanStack/tanstack.com,grype,GHSA-88fw-hqm2-52qc,High,/pnpm-lock.yaml,,hono,4.12.9,4.12.25,npm,,hono: CORS Middleware reflects any Origin with credentials when `origin` defaults to the wildcard,3.0
TanStack/tanstack.com,grype,GHSA-8988-4f7v-96qf,Medium,/pnpm-lock.yaml,,@opentelemetry/core,2.6.1,2.8.0,npm,,OpenTelemetry Core: Unbounded memory allocation in W3C Baggage propagation,2.0
TanStack/tanstack.com,grype,GHSA-8j4g-w8fx-2239,Medium,/pnpm-lock.yaml,,hono,4.12.9,4.12.34,npm,,Hono: ReDoS in CORS middleware via Access-Control-Request-Headers,2.0
TanStack/tanstack.com,grype,GHSA-8xcm-r25x-g524,Medium,/pnpm-lock.yaml,,undici,7.24.7,7.29.0,npm,,undici vulnerable to downstream response desynchronization via retry interceptor,2.0
TanStack/tanstack.com,grype,GHSA-8xcm-r25x-g524,Medium,/pnpm-lock.yaml,,undici,7.28.0,7.29.0,npm,,undici vulnerable to downstream response desynchronization via retry interceptor,2.0
TanStack/tanstack.com,grype,GHSA-92pp-h63x-v22m,Medium,/pnpm-lock.yaml,,@hono/node-server,1.19.12,1.19.13,npm,,@hono/node-server: Middleware bypass via repeated slashes in serveStatic,2.0
TanStack/tanstack.com,grype,GHSA-96hv-2xvq-fx4p,High,/pnpm-lock.yaml,,ws,8.20.0,8.21.0,npm,,ws: Memory exhaustion DoS from tiny fragments and data chunks,3.0
TanStack/tanstack.com,grype,GHSA-9rgm-9g3h-6x36,Medium,/pnpm-lock.yaml,,devalue,5.9.0,5.9.2,npm,,Svelte devalue: DoS via malformed input,2.0
TanStack/tanstack.com,grype,GHSA-9vqf-7f2p-gf9v,Medium,/pnpm-lock.yaml,,hono,4.12.9,4.12.16,npm,,Hono: bodyLimit() can be bypassed for chunked / unknown-length requests,2.0
TanStack/tanstack.com,grype,GHSA-c2j3-45gr-mqc4,Low,/pnpm-lock.yaml,,dompurify,3.3.3,3.4.12,npm,,DOMPurify: `CUSTOM_ELEMENT_HANDLING` bypasses `afterSanitizeElements` for allowed custom elements.,1.0
TanStack/tanstack.com,grype,GHSA-c4c3-pg64-4m4v,Low,/pnpm-lock.yaml,,mermaid,11.14.0,11.16.1,npm,,Mermaid configuration APIs allow prototype pollution,1.0
TanStack/tanstack.com,grype,GHSA-c83g-rgw3-j3cx,High,/pnpm-lock.yaml,,browserslist,4.28.2,4.28.7,npm,,"Browserslist: Unbounded memory growth (no cache eviction) via distinct query results, leading to eventual OOM",3.0
TanStack/tanstack.com,grype,GHSA-ch52-4w7c-c8xp,High,/pnpm-lock.yaml,,http-cache-semantics,4.2.0,,npm,,http-cache-semantics max-stale handling can disclose cross-user cached responses,3.0
TanStack/tanstack.com,grype,GHSA-cmwh-pvxp-8882,Medium,/pnpm-lock.yaml,,dompurify,3.3.3,3.4.11,npm,,DOMPurify: Permanent `ALLOWED_ATTR` pollution via `setConfig()` bypassing the hook clone-guard (incomplete fix of the 3.4.7 hook-pollution patch),2.0
TanStack/tanstack.com,grype,GHSA-crv5-9vww-q3g8,Medium,/pnpm-lock.yaml,,dompurify,3.3.3,3.4.0,npm,,DOMPurify has a SAFE_FOR_TEMPLATES bypass in RETURN_DOM mode,2.0
TanStack/tanstack.com,grype,GHSA-crvj-82cr-hjcx,Medium,/pnpm-lock.yaml,,hono,4.12.9,4.13.5,npm,,"Hono: Query parser reads parameters after the URL fragment, causing cache-key and proxy interpretation differentials",2.0
TanStack/tanstack.com,grype,GHSA-f23m-r3pf-42rh,Medium,/pnpm-lock.yaml,,lodash,4.17.23,4.18.0,npm,,lodash vulnerable to Prototype Pollution via array path bypass in `_.unset` and `_.omit`,2.0
TanStack/tanstack.com,grype,GHSA-f23m-r3pf-42rh,Medium,/pnpm-lock.yaml,,lodash-es,4.17.23,4.18.0,npm,,lodash vulnerable to Prototype Pollution via array path bypass in `_.unset` and `_.omit`,2.0
TanStack/tanstack.com,grype,GHSA-f23p-vx2j-j53r,Medium,/pnpm-lock.yaml,,hono,4.12.9,4.12.34,npm,,"Hono: `memo()` retains SSR output across requests, leading to cross-user data disclosure",2.0
TanStack/tanstack.com,grype,GHSA-f577-qrjj-4474,Medium,/pnpm-lock.yaml,,hono,4.12.9,4.12.21,npm,,"Hono: JWT middleware accepts any Authorization scheme, not only Bearer",2.0
TanStack/tanstack.com,grype,GHSA-f65p-4m7j-42xc,High,/pnpm-lock.yaml,,fast-uri,3.1.0,3.1.6,npm,,fast-uri vulnerable to server-side request forgery via malformed IPv6 normalization,3.0
TanStack/tanstack.com,grype,GHSA-f886-m6hf-6m8v,Medium,/pnpm-lock.yaml,,brace-expansion,1.1.12,1.1.13,npm,,brace-expansion: Zero-step sequence causes process hang and memory exhaustion,2.0
TanStack/tanstack.com,grype,GHSA-f88m-g3jw-g9cj,High,/pnpm-lock.yaml,,sharp,0.34.5,0.35.0,npm,,"sharp inherited vulnerabilities in libvips: CVE-2026-33327, CVE-2026-33328, CVE-2026-35590, CVE-2026-35591",3.0
TanStack/tanstack.com,grype,GHSA-frvp-7c67-39w9,Medium,/pnpm-lock.yaml,,@hono/node-server,1.19.12,1.19.15,npm,,Node.js Adapter for Hono: Path traversal in `serve-static` on Windows via encoded backslash (`%5C`),2.0
TanStack/tanstack.com,grype,GHSA-g6gw-c38x-mqfc,Medium,/pnpm-lock.yaml,,hono,4.12.9,4.13.5,npm,,Hono: Unbounded dot-notation nesting in `parseBody()` can cause memory exhaustion,2.0
TanStack/tanstack.com,grype,GHSA-g7r4-m6w7-qqqr,Low,/pnpm-lock.yaml,,esbuild,0.27.4,0.28.1,npm,,esbuild allows arbitrary file read when running the development server on Windows,1.0
TanStack/tanstack.com,grype,GHSA-g8m3-5g58-fq7m,Low,/pnpm-lock.yaml,,undici,7.24.7,7.28.0,npm,,undici vulnerable to Set-Cookie SameSite attribute downgrade via permissive substring matching,1.0
TanStack/tanstack.com,grype,GHSA-ghcm-xqfw-q4vr,Medium,/pnpm-lock.yaml,,mermaid,11.14.0,11.15.0,npm,,Mermaid: Improper sanitization of `classDef` in state diagrams leads to HTML injection,2.0
TanStack/tanstack.com,grype,GHSA-gqvv-2mrq-wpjv,Medium,/pnpm-lock.yaml,,hono,4.12.9,4.13.5,npm,,Hono: Incomplete fix for CVE-2026-39408: `toSSG()` still writes files outside the output directory,2.0
TanStack/tanstack.com,grype,GHSA-gvmj-g25r-r7wr,Low,/pnpm-lock.yaml,,dompurify,3.3.3,3.4.8,npm,,DOMPurify: SAFE_FOR_TEMPLATES bypass - template expressions survive sanitization inside <template> content when using DOM output modes,1.0
TanStack/tanstack.com,grype,GHSA-h3mg-xc3c-68pw,Medium,/pnpm-lock.yaml,,ip-address,10.1.0,10.7.1,npm,,"ip-address: Address6 builds a parse diagnostic proportional to the input with no length bound, allowing a single long string to stall or crash the process",2.0
TanStack/tanstack.com,grype,GHSA-h67p-54hq-rp68,Medium,/pnpm-lock.yaml,,js-yaml,3.14.2,3.15.0,npm,,JS-YAML: Quadratic-complexity DoS in merge key handling via repeated aliases,2.0
TanStack/tanstack.com,grype,GHSA-h7mw-gpvr-xq4m,Medium,/pnpm-lock.yaml,,dompurify,3.3.3,3.4.0,npm,,DOMPurify: FORBID_TAGS bypassed by function-based ADD_TAGS predicate (asymmetry with FORBID_ATTR fix),2.0
TanStack/tanstack.com,grype,GHSA-hm8q-7f3q-5f36,Low,/pnpm-lock.yaml,,hono,4.12.9,4.12.18,npm,,"Hono has improper validation of NumericDate claims (exp, nbf, iat) in JWT verify()",1.0
TanStack/tanstack.com,grype,GHSA-hm92-r4w5-c3mj,High,/pnpm-lock.yaml,,undici,7.24.7,7.28.0,npm,,undici vulnerable to cross-origin request routing via SOCKS5 proxy pool reuse,3.0
TanStack/tanstack.com,grype,GHSA-hp3w-g68c-fv3c,Medium,/pnpm-lock.yaml,,sprintf-js,1.0.3,,npm,,sprintf-js vulnerable to denial of service through unbounded precision specifiers,2.0
TanStack/tanstack.com,grype,GHSA-hp3w-g68c-fv3c,Medium,/pnpm-lock.yaml,,sprintf-js,1.1.3,,npm,,sprintf-js vulnerable to denial of service through unbounded precision specifiers,2.0
TanStack/tanstack.com,grype,GHSA-hpcv-96wg-7vj8,Medium,/pnpm-lock.yaml,,dompurify,3.3.3,3.4.6,npm,,DOMPurify: Cross-realm IN_PLACE sanitization leaves executable markup intact via realm-bound `instanceof` checks,2.0
TanStack/tanstack.com,grype,GHSA-hrr3-gc8f-f4qj,Medium,/pnpm-lock.yaml,,fast-uri,3.1.0,3.1.8,npm,,fast-uri vulnerable to inconsistent host case normalization via percent-encoded octets,2.0
TanStack/tanstack.com,grype,GHSA-hvrm-45r6-mjfj,Medium,/pnpm-lock.yaml,,hono,4.12.9,4.12.27,npm,,"hono/jsx does not isolate context per request, leading to cross-request data disclosure",2.0
TanStack/tanstack.com,grype,GHSA-hx4r-w6wj-j8fg,Medium,/pnpm-lock.yaml,,devalue,5.9.0,5.9.3,npm,,devalue: Residual sparse-array CPU amplification in uneval,2.0
TanStack/tanstack.com,grype,GHSA-hxh3-vqpv-xpqv,Medium,/pnpm-lock.yaml,,hono,4.12.9,4.13.7,npm,,"hono/jsx renders plain strings unescaped in boundary components, leading to XSS",2.0
TanStack/tanstack.com,grype,GHSA-j22f-vq7h-c4qm,High,/pnpm-lock.yaml,,devalue,5.9.0,5.9.3,npm,,devalue: `stringify`/`uneval` serialize shared memory,3.0
TanStack/tanstack.com,grype,GHSA-j6c9-x7qj-28xf,Medium,/pnpm-lock.yaml,,hono,4.12.9,4.12.25,npm,,"hono: AWS Lambda adapter merges multiple `Set-Cookie` headers into one value, dropping cookies on ALB single-header and Lattice",2.0
TanStack/tanstack.com,grype,GHSA-j6r3-76f7-8jcv,Medium,/pnpm-lock.yaml,,ip-address,10.1.0,10.7.1,npm,,"ip-address: isInSubnet() and isHostInSubnet() compare addresses of different families as if they shared an address space, allowing an allowlist check to admit an address outside its range",2.0
TanStack/tanstack.com,grype,GHSA-jp82-f5mq-hwhp,High,/pnpm-lock.yaml,,seroval,1.5.4,1.6.3,npm,,Seroval: Memory exhaustion via unchecked TypedArray length in JSON deserialization,3.0
TanStack/tanstack.com,grype,GHSA-jqcg-44mw-7w3h,Critical,/pnpm-lock.yaml,,proxy-addr,2.0.7,2.0.8,npm,,proxy-addr vulnerable to IP spoofing via IPv4-mapped IPv6 trust subnet,4.0
TanStack/tanstack.com,grype,GHSA-jqff-g426-hqxp,High,/pnpm-lock.yaml,,fast-uri,3.1.0,3.1.6,npm,,fast-uri vulnerable to host confusion via percent-encoded scheme normalization,3.0
TanStack/tanstack.com,grype,GHSA-jr45-8vmc-qm54,Medium,/pnpm-lock.yaml,,undici,7.24.7,7.29.0,npm,,undici vulnerable to cross-user information disclosure via whitespace around equals in Cache-Control directives,2.0
TanStack/tanstack.com,grype,GHSA-jr45-8vmc-qm54,Medium,/pnpm-lock.yaml,,undici,7.28.0,7.29.0,npm,,undici vulnerable to cross-user information disclosure via whitespace around equals in Cache-Control directives,2.0
TanStack/tanstack.com,grype,GHSA-jxxr-4gwj-5jf2,Medium,/pnpm-lock.yaml,,brace-expansion,5.0.5,5.0.6,npm,,brace-expansion: Large numeric range defeats documented `max` DoS protection,2.0
TanStack/tanstack.com,grype,GHSA-m8rv-5g2x-5cg5,Medium,/pnpm-lock.yaml,,undici,7.24.7,7.29.0,npm,,undici vulnerable to CRLF Injection via blob-like body 'type' property,2.0
TanStack/tanstack.com,grype,GHSA-m8rv-5g2x-5cg5,Medium,/pnpm-lock.yaml,,undici,7.28.0,7.29.0,npm,,undici vulnerable to CRLF Injection via blob-like body 'type' property,2.0
TanStack/tanstack.com,grype,GHSA-mcm9-63f2-9j32,High,/pnpm-lock.yaml,,devalue,5.9.0,5.9.3,npm,,devalue: Repeated primitive strings cause quadratic expansion in uneval,3.0
TanStack/tanstack.com,grype,GHSA-mh99-v99m-4gvg,High,/pnpm-lock.yaml,,brace-expansion,1.1.12,1.1.17,npm,,brace-expansion: DoS via unbounded expansion length causing an out-of-memory process crash,3.0
TanStack/tanstack.com,grype,GHSA-mh99-v99m-4gvg,High,/pnpm-lock.yaml,,brace-expansion,2.0.3,2.1.3,npm,,brace-expansion: DoS via unbounded expansion length causing an out-of-memory process crash,3.0
TanStack/tanstack.com,grype,GHSA-mh99-v99m-4gvg,High,/pnpm-lock.yaml,,brace-expansion,5.0.5,5.0.8,npm,,brace-expansion: DoS via unbounded expansion length causing an out-of-memory process crash,3.0
TanStack/tanstack.com,grype,GHSA-mw96-cpmx-2vgc,High,/pnpm-lock.yaml,,rollup,4.53.3,4.59.0,npm,,Rollup 4 has Arbitrary File Write via Path Traversal,3.0
TanStack/tanstack.com,grype,GHSA-mwp4-54f8-5fhr,High,/pnpm-lock.yaml,,ip-address,10.1.0,10.3.1,npm,,"ip-address: Address4 decodes leading-zero octets as decimal while resolvers decode them as octal, allowing SSRF and trust-boundary bypass",3.0
TanStack/tanstack.com,grype,GHSA-p6vx-979v-rg4c,Critical,/pnpm-lock.yaml,,seroval,1.5.4,1.6.2,npm,,Seroval: `fromJSON()` Promise thenable assimilation invokes plugin-produced callables (bypass of GHSA-mv8w-475r-vwqw),4.0
TanStack/tanstack.com,grype,GHSA-p77w-8qqv-26rm,Medium,/pnpm-lock.yaml,,hono,4.12.9,4.12.18,npm,,Hono's Cache Middleware ignores Vary: Authorization / Vary: Cookie leading to cross-user cache leakage,2.0
TanStack/tanstack.com,grype,GHSA-p88m-4jfj-68fv,Medium,/pnpm-lock.yaml,,undici,7.24.7,7.28.0,npm,,undici vulnerable to HTTP header injection via Set-Cookie percent-decoding,2.0
TanStack/tanstack.com,grype,GHSA-pmjh-fq2x-6v4x,Medium,/pnpm-lock.yaml,,undici,7.24.7,7.29.1,npm,,undici vulnerable to Denial of Service via orphaned RetryHandler response body,2.0
TanStack/tanstack.com,grype,GHSA-pmjh-fq2x-6v4x,Medium,/pnpm-lock.yaml,,undici,7.28.0,7.29.1,npm,,undici vulnerable to Denial of Service via orphaned RetryHandler response body,2.0
TanStack/tanstack.com,grype,GHSA-pmjh-fq2x-6v4x,Medium,/pnpm-lock.yaml,,undici,7.29.0,7.29.1,npm,,undici vulnerable to Denial of Service via orphaned RetryHandler response body,2.0
TanStack/tanstack.com,grype,GHSA-pr7r-676h-xcf6,Medium,/pnpm-lock.yaml,,undici,7.24.7,7.28.0,npm,,undici vulnerable to cross-user information disclosure via shared cache whitespace bypass,2.0
TanStack/tanstack.com,grype,GHSA-px8p-9vwx-vf98,Medium,/pnpm-lock.yaml,,fflate,0.6.10,0.6.11,npm,,fflate unzipSync can enter an infinite loop when parsing malformed ZIP64 archives,2.0
TanStack/tanstack.com,grype,GHSA-px8p-9vwx-vf98,Medium,/pnpm-lock.yaml,,fflate,0.8.2,0.8.3,npm,,fflate unzipSync can enter an infinite loop when parsing malformed ZIP64 archives,2.0
TanStack/tanstack.com,grype,GHSA-q2hr-2g5m-vwhr,Medium,/pnpm-lock.yaml,,brace-expansion,1.1.12,1.1.21,npm,,"brace-expansion: Quadratic-time expansion of the `{a},b}` rewrite causes CPU denial of service",2.0
TanStack/tanstack.com,grype,GHSA-q2hr-2g5m-vwhr,Medium,/pnpm-lock.yaml,,brace-expansion,2.0.3,2.1.7,npm,,"brace-expansion: Quadratic-time expansion of the `{a},b}` rewrite causes CPU denial of service",2.0
TanStack/tanstack.com,grype,GHSA-q2hr-2g5m-vwhr,Medium,/pnpm-lock.yaml,,brace-expansion,5.0.5,5.0.12,npm,,"brace-expansion: Quadratic-time expansion of the `{a},b}` rewrite causes CPU denial of service",2.0
TanStack/tanstack.com,grype,GHSA-q3j6-qgpj-74h6,High,/pnpm-lock.yaml,,fast-uri,3.1.0,3.1.1,npm,,fast-uri vulnerable to path traversal via percent-encoded dot segments,3.0
TanStack/tanstack.com,grype,GHSA-q8mj-m7cp-5q26,Medium,/pnpm-lock.yaml,,qs,6.15.0,6.15.2,npm,,qs has a remotely triggerable DoS: qs.stringify crashes with TypeError on null/undefined entries in comma-format arrays when encodeValuesOnly is set,2.0
TanStack/tanstack.com,grype,GHSA-qhr7-859c-m2p7,High,/pnpm-lock.yaml,,brace-expansion,1.1.12,1.1.20,npm,,brace-expansion: DoS via uncontrolled recursion on nested brace groups causing stack exhaustion,3.0
TanStack/tanstack.com,grype,GHSA-qhr7-859c-m2p7,High,/pnpm-lock.yaml,,brace-expansion,2.0.3,2.1.6,npm,,brace-expansion: DoS via uncontrolled recursion on nested brace groups causing stack exhaustion,3.0
TanStack/tanstack.com,grype,GHSA-qhr7-859c-m2p7,High,/pnpm-lock.yaml,,brace-expansion,5.0.5,5.0.11,npm,,brace-expansion: DoS via uncontrolled recursion on nested brace groups causing stack exhaustion,3.0
TanStack/tanstack.com,grype,GHSA-qp7p-654g-cw7p,Medium,/pnpm-lock.yaml,,hono,4.12.9,4.12.18,npm,,Hono has CSS Declaration Injection via Style Object Values in JSX SSR,2.0
TanStack/tanstack.com,grype,GHSA-qqmp-wf37-98f9,Medium,/pnpm-lock.yaml,,@opentelemetry/instrumentation-knex,0.58.0,0.65.0,npm,,Multiple @opentelemetry/instrumentation-* packages expose database username via unconditional db.user span attribute,2.0
TanStack/tanstack.com,grype,GHSA-qqmp-wf37-98f9,Medium,/pnpm-lock.yaml,,@opentelemetry/instrumentation-mongoose,0.60.0,0.67.0,npm,,Multiple @opentelemetry/instrumentation-* packages expose database username via unconditional db.user span attribute,2.0
TanStack/tanstack.com,grype,GHSA-qqmp-wf37-98f9,Medium,/pnpm-lock.yaml,,@opentelemetry/instrumentation-mysql,0.60.0,0.67.0,npm,,Multiple @opentelemetry/instrumentation-* packages expose database username via unconditional db.user span attribute,2.0
TanStack/tanstack.com,grype,GHSA-qqmp-wf37-98f9,Medium,/pnpm-lock.yaml,,@opentelemetry/instrumentation-mysql2,0.60.0,0.67.0,npm,,Multiple @opentelemetry/instrumentation-* packages expose database username via unconditional db.user span attribute,2.0
TanStack/tanstack.com,grype,GHSA-qqmp-wf37-98f9,Medium,/pnpm-lock.yaml,,@opentelemetry/instrumentation-pg,0.66.0,0.73.0,npm,,Multiple @opentelemetry/instrumentation-* packages expose database username via unconditional db.user span attribute,2.0
TanStack/tanstack.com,grype,GHSA-qqmp-wf37-98f9,Medium,/pnpm-lock.yaml,,@opentelemetry/instrumentation-tedious,0.33.0,0.40.0,npm,,Multiple @opentelemetry/instrumentation-* packages expose database username via unconditional db.user span attribute,2.0
TanStack/tanstack.com,grype,GHSA-qw65-cvwx-89v3,High,/pnpm-lock.yaml,,fast-uri,3.1.0,3.1.7,npm,,fast-uri vulnerable to authority injection via an unvalidated port in serialize,3.0
TanStack/tanstack.com,grype,GHSA-r47g-fvhr-h676,Medium,/pnpm-lock.yaml,,dompurify,3.3.3,3.4.6,npm,,"DOMPurify: IN_PLACE mode preserves attributes of a clobbered root element, allowing XSS via attacker-controlled root DOM",2.0
TanStack/tanstack.com,grype,GHSA-r53p-7pc4-xj5r,Low,/pnpm-lock.yaml,,undici,7.24.7,7.29.1,npm,,undici vulnerable to downstream response splitting via retry interceptor,1.0
TanStack/tanstack.com,grype,GHSA-r53p-7pc4-xj5r,Low,/pnpm-lock.yaml,,undici,7.28.0,7.29.1,npm,,undici vulnerable to downstream response splitting via retry interceptor,1.0
TanStack/tanstack.com,grype,GHSA-r53p-7pc4-xj5r,Low,/pnpm-lock.yaml,,undici,7.29.0,7.29.1,npm,,undici vulnerable to downstream response splitting via retry interceptor,1.0
TanStack/tanstack.com,grype,GHSA-r5fr-rjxr-66jc,High,/pnpm-lock.yaml,,lodash,4.17.23,4.18.0,npm,,lodash vulnerable to Code Injection via `_.template` imports key names,3.0
TanStack/tanstack.com,grype,GHSA-r5fr-rjxr-66jc,High,/pnpm-lock.yaml,,lodash-es,4.17.23,4.18.0,npm,,lodash vulnerable to Code Injection via `_.template` imports key names,3.0
TanStack/tanstack.com,grype,GHSA-r5rp-j6wh-rvv4,Medium,/pnpm-lock.yaml,,hono,4.12.9,4.12.12,npm,,Hono: Non-breaking space prefix bypass in cookie name handling in getCookie(),2.0
TanStack/tanstack.com,grype,GHSA-rfgv-xxqx-mfg5,High,/pnpm-lock.yaml,,undici,7.24.7,7.29.1,npm,,undici vulnerable to Denial of Service via unrequested WebSocket subprotocol,3.0
TanStack/tanstack.com,grype,GHSA-rfgv-xxqx-mfg5,High,/pnpm-lock.yaml,,undici,7.28.0,7.29.1,npm,,undici vulnerable to Denial of Service via unrequested WebSocket subprotocol,3.0
TanStack/tanstack.com,grype,GHSA-rfgv-xxqx-mfg5,High,/pnpm-lock.yaml,,undici,7.29.0,7.29.1,npm,,undici vulnerable to Denial of Service via unrequested WebSocket subprotocol,3.0
TanStack/tanstack.com,grype,GHSA-rgj7-g3m4-5g8c,High,/pnpm-lock.yaml,,sharp,0.34.5,0.35.4,npm,,sharp: Vulnerabilities in libheif: GHSA-g89c-p67h-r497 and GHSA-2jg2-4ch7-h545,3.0
TanStack/tanstack.com,grype,GHSA-rgw5-rvv9-x895,High,/pnpm-lock.yaml,,brace-expansion,1.1.12,1.1.18,npm,,"brace-expansion: DoS via unbounded intermediate arrays, bypassing the CVE-2026-14257 mitigation",3.0
TanStack/tanstack.com,grype,GHSA-rgw5-rvv9-x895,High,/pnpm-lock.yaml,,brace-expansion,2.0.3,2.1.4,npm,,"brace-expansion: DoS via unbounded intermediate arrays, bypassing the CVE-2026-14257 mitigation",3.0
TanStack/tanstack.com,grype,GHSA-rgw5-rvv9-x895,High,/pnpm-lock.yaml,,brace-expansion,5.0.5,5.0.9,npm,,"brace-expansion: DoS via unbounded intermediate arrays, bypassing the CVE-2026-14257 mitigation",3.0
TanStack/tanstack.com,grype,GHSA-rhh3-jpg6-66xh,Medium,/pnpm-lock.yaml,,mermaid,11.14.0,11.16.1,npm,,Mermaid radar diagrams are vulnerable to DoS,2.0
TanStack/tanstack.com,grype,GHSA-rj75-hqrm-r3gf,Medium,/pnpm-lock.yaml,,postcss-selector-parser,6.0.10,7.1.6,npm,,PostCSS: Quadratic complexity in flat selector parsing allows CPU exhaustion,2.0
TanStack/tanstack.com,grype,GHSA-rp9w-3fw7-7cwq,Medium,/pnpm-lock.yaml,,dompurify,3.3.3,3.4.7,npm,,DOMPurify IN_PLACE Sanitization Bypass via Attached Shadow Root Inside <template>.content,2.0
TanStack/tanstack.com,grype,GHSA-rpw4-54j3-4h4q,Medium,/pnpm-lock.yaml,,ip-address,10.1.0,10.5.1,npm,,"ip-address: Address6.isLinkLocal() recognizes fe80::/64 rather than fe80::/10, allowing SSRF and trust-boundary bypass to on-link hosts",2.0
TanStack/tanstack.com,grype,GHSA-rv63-4mwf-qqc2,Medium,/pnpm-lock.yaml,,hono,4.12.9,4.12.25,npm,,hono: Body Limit Middleware can be bypassed on AWS Lambda by understating `Content-Length`,2.0
TanStack/tanstack.com,grype,GHSA-rx4f-c7p8-82vq,Medium,/pnpm-lock.yaml,,undici,7.24.7,7.29.1,npm,,undici vulnerable to Denial of Service via WebSocketStream unclean close,2.0
TanStack/tanstack.com,grype,GHSA-rx4f-c7p8-82vq,Medium,/pnpm-lock.yaml,,undici,7.28.0,7.29.1,npm,,undici vulnerable to Denial of Service via WebSocketStream unclean close,2.0
TanStack/tanstack.com,grype,GHSA-rx4f-c7p8-82vq,Medium,/pnpm-lock.yaml,,undici,7.29.0,7.29.1,npm,,undici vulnerable to Denial of Service via WebSocketStream unclean close,2.0
TanStack/tanstack.com,grype,GHSA-v2hh-gcrm-f6hx,High,/pnpm-lock.yaml,,fast-uri,3.1.0,3.1.4,npm,,fast-uri vulnerable to host confusion via literal backslash authority delimiter,3.0
TanStack/tanstack.com,grype,GHSA-v2v4-37r5-5v8g,Medium,/pnpm-lock.yaml,,ip-address,10.1.0,10.1.1,npm,,ip-address has XSS in Address6 HTML-emitting methods,2.0
TanStack/tanstack.com,grype,GHSA-v39h-62p7-jpjc,High,/pnpm-lock.yaml,,fast-uri,3.1.0,3.1.2,npm,,fast-uri vulnerable to host confusion via percent-encoded authority delimiters,3.0
TanStack/tanstack.com,grype,GHSA-v3r7-h72x-cjcm,Medium,/pnpm-lock.yaml,,undici,7.24.7,7.29.0,npm,,undici vulnerable to cookie attribute injection via unsanitized domain and unparsed setCookie fields,2.0
TanStack/tanstack.com,grype,GHSA-v3r7-h72x-cjcm,Medium,/pnpm-lock.yaml,,undici,7.28.0,7.29.0,npm,,undici vulnerable to cookie attribute injection via unsanitized domain and unparsed setCookie fields,2.0
TanStack/tanstack.com,grype,GHSA-v422-hmwv-36x6,Low,/pnpm-lock.yaml,,body-parser,2.2.2,2.3.0,npm,,body-parser vulnerable to denial of service when invalid limit value silently disables size enforcement,1.0
TanStack/tanstack.com,grype,GHSA-v6wh-96g9-6wx3,Medium,/pnpm-lock.yaml,,launch-editor,2.13.2,2.14.1,npm,,launch-editor: NTLMv2 hash disclosure via UNC path handling on Windows,2.0
TanStack/tanstack.com,grype,GHSA-v9jr-rg53-9pgp,Medium,/pnpm-lock.yaml,,dompurify,3.3.3,3.4.0,npm,,DOMPurify: Prototype Pollution to XSS Bypass via CUSTOM_ELEMENT_HANDLING Fallback,2.0
TanStack/tanstack.com,grype,GHSA-vmh5-mc38-953g,High,/pnpm-lock.yaml,,undici,7.24.7,7.28.0,npm,,undici vulnerable to TLS certificate validation bypass via dropped requestTls in SOCKS5 ProxyAgent,3.0
TanStack/tanstack.com,grype,GHSA-vxpw-j846-p89q,High,/pnpm-lock.yaml,,undici,7.24.7,7.28.0,npm,,undici WebSocket client vulnerable to denial of service via fragment count bypass,3.0
TanStack/tanstack.com,grype,GHSA-vxr8-fq34-vvx9,Low,/pnpm-lock.yaml,,dompurify,3.3.3,3.4.9,npm,,DOMPurify: Trusted Types policy survives `clearConfig()` and can poison later `RETURN_TRUSTED_TYPE` output,1.0
TanStack/tanstack.com,grype,GHSA-w293-vg96-wgc3,High,/pnpm-lock.yaml,,undici,7.24.7,7.29.1,npm,,undici vulnerable to TLS certificate validation bypass via dropped connect options in BalancedPool,3.0
TanStack/tanstack.com,grype,GHSA-w293-vg96-wgc3,High,/pnpm-lock.yaml,,undici,7.28.0,7.29.1,npm,,undici vulnerable to TLS certificate validation bypass via dropped connect options in BalancedPool,3.0
TanStack/tanstack.com,grype,GHSA-w293-vg96-wgc3,High,/pnpm-lock.yaml,,undici,7.29.0,7.29.1,npm,,undici vulnerable to TLS certificate validation bypass via dropped connect options in BalancedPool,3.0
TanStack/tanstack.com,grype,GHSA-w5hq-g745-h8pq,Medium,/pnpm-lock.yaml,,uuid,10.0.0,11.1.1,npm,,uuid: Missing buffer bounds check in v3/v5/v6 when buf is provided,2.0
TanStack/tanstack.com,grype,GHSA-w5hq-g745-h8pq,Medium,/pnpm-lock.yaml,,uuid,11.1.0,11.1.1,npm,,uuid: Missing buffer bounds check in v3/v5/v6 when buf is provided,2.0
TanStack/tanstack.com,grype,GHSA-w5vr-8v7q-w6rv,Medium,/pnpm-lock.yaml,,baseline-browser-mapping,2.10.13,2.11.0,npm,,baseline-browser-mapping process termination on invalid input causes denial of service,2.0
TanStack/tanstack.com,grype,GHSA-w62v-xxxg-mg59,Medium,/pnpm-lock.yaml,,hono,4.12.9,4.12.27,npm,,Hono: Server-Side XSS via JSX Escaping Bypass in cx() Utility,2.0
TanStack/tanstack.com,grype,GHSA-w7jw-789q-3m8p,Critical,/pnpm-lock.yaml,,shell-quote,1.8.3,1.8.4,npm,,shell-quote quote() does not escape newlines in object .op values,4.0
TanStack/tanstack.com,grype,GHSA-wf3x-273g-mvxv,Low,/pnpm-lock.yaml,,devalue,5.9.0,5.9.3,npm,,devalue: Sparse arrays emitted by uneval cause eager allocation when evaluated,1.0
TanStack/tanstack.com,grype,GHSA-wgpf-jwqj-8h8p,Medium,/pnpm-lock.yaml,,hono,4.12.9,4.12.25,npm,,"hono: Lambda@Edge adapter keeps only the last value of a repeated request header, dropping the rest",2.0
TanStack/tanstack.com,grype,GHSA-wmmm-f939-6g9c,Medium,/pnpm-lock.yaml,,hono,4.12.9,4.12.12,npm,,Hono: Middleware bypass via repeated slashes in serveStatic,2.0
TanStack/tanstack.com,grype,GHSA-wq5f-xc86-pv6w,High,/pnpm-lock.yaml,,sharp,0.34.5,0.35.5,npm,,sharp : Vulnerability in librsvg dependency CVE-2026-96889,3.0
TanStack/tanstack.com,grype,GHSA-wq5f-xc86-pv6w,High,/pnpm-lock.yaml,,sharp,0.35.4,0.35.5,npm,,sharp : Vulnerability in librsvg dependency CVE-2026-96889,3.0
TanStack/tanstack.com,grype,GHSA-wwfh-h76j-fc44,Medium,/pnpm-lock.yaml,,hono,4.12.9,4.12.25,npm,,hono: Path traversal in `serve-static` on Windows via encoded backslash (`%5C`),2.0
TanStack/tanstack.com,grype,GHSA-x4vx-rjvf-j5p4,Low,/pnpm-lock.yaml,,dompurify,3.3.3,,npm,,"DOMPurify: `IN_PLACE` mode trusts attacker-controlled `nodeName` on live non-form nodes, allowing script retention and XSS via attacker-supplied DOM objects",1.0
TanStack/tanstack.com,grype,GHSA-x5fp-wj9c-mxmx,Medium,/pnpm-lock.yaml,,qs,6.15.0,6.16.0,npm,,qs array-limit bypass via bracket-key comma parsing,2.0
TanStack/tanstack.com,grype,GHSA-x5rw-q4pp-hg5g,High,/pnpm-lock.yaml,,devalue,5.9.0,5.9.3,npm,,devalue: stringifyAsync can cause an unhandled rejection despite a caught returned promise,3.0
TanStack/tanstack.com,grype,GHSA-xcj9-5m2h-648r,Medium,/pnpm-lock.yaml,,mermaid,11.14.0,11.15.0,npm,,Mermaid: Improper sanitization of `classDefs` in diagrams leads to CSS injection,2.0
TanStack/tanstack.com,grype,GHSA-xf4j-xp2r-rqqx,Medium,/pnpm-lock.yaml,,hono,4.12.9,4.12.12,npm,,Hono: Path traversal in toSSG() allows writing files outside the output directory,2.0
TanStack/tanstack.com,grype,GHSA-xgm2-5f3f-mvvc,Medium,/pnpm-lock.yaml,,hono,4.12.9,4.12.27,npm,,Hono: API Gateway v1 adapter can drop a distinct repeated request header value during de-duplication,2.0
TanStack/tanstack.com,grype,GHSA-xpcf-pg52-r92g,Medium,/pnpm-lock.yaml,,hono,4.12.9,4.12.12,npm,,Hono has incorrect IP matching in ipRestriction() for IPv4-mapped IPv6 addresses,2.0
TanStack/tanstack.com,grype,GHSA-xrhx-7g5j-rcj5,Medium,/pnpm-lock.yaml,,hono,4.12.9,4.12.21,npm,,Hono: IP Restriction bypasses static deny rules for non-canonical IPv6,2.0
TanStack/template,grype,GHSA-2gqq-gqf2-x968,Low,/pnpm-lock.yaml,,undici,7.18.2,7.29.1,npm,,undici vulnerable to response truncation via oversized chunked responses in the dump interceptor,1.0
TanStack/template,grype,GHSA-2jfj-6hjv-fm6j,Medium,/pnpm-lock.yaml,,undici,7.18.2,7.29.1,npm,,undici vulnerable to cross-user cookie disclosure via Set-Cookie caching in shared caches,2.0
TanStack/template,grype,GHSA-2mjp-6q6p-2qxm,Medium,/pnpm-lock.yaml,,undici,7.18.2,7.24.0,npm,,Undici has an HTTP Request/Response Smuggling issue,2.0
TanStack/template,grype,GHSA-33hq-fvwr-56pm,Low,/pnpm-lock.yaml,,devalue,5.6.2,5.6.3,npm,,devalue affected by CPU and memory amplification from sparse arrays,1.0
TanStack/template,grype,GHSA-35p6-xmwp-9g52,Low,/pnpm-lock.yaml,,undici,7.18.2,7.28.0,npm,,undici vulnerable to HTTP response queue poisoning via keep-alive socket reuse,1.0
TanStack/template,grype,GHSA-3jxr-9vmj-r5cp,High,/pnpm-lock.yaml,,brace-expansion,5.0.5,5.0.7,npm,,brace-expansion: DoS via exponential-time expansion of consecutive non-expanding {} groups,3.0
TanStack/template,grype,GHSA-3pq3-5fj3-cg6v,High,/pnpm-lock.yaml,,axios,1.18.1,1.20.0,npm,,Axios: HTTP/2 adapter bypasses configured DNS lookup and proxy controls,3.0
TanStack/template,grype,GHSA-3v7f-55p6-f55p,Medium,/pnpm-lock.yaml,,picomatch,4.0.3,4.0.4,npm,,Picomatch: Method Injection in POSIX Character Classes causes incorrect Glob Matching,2.0
TanStack/template,grype,GHSA-3xpg-4rpp-hhhm,Medium,/pnpm-lock.yaml,,undici,7.18.2,7.29.1,npm,,undici vulnerable to Denial of Service via unbounded decompression of compressed responses,2.0
TanStack/template,grype,GHSA-44g4-m2mj-wpvx,Medium,/pnpm-lock.yaml,,axios,1.18.1,1.20.0,npm,,"Axios: CIDR-form NO_PROXY entries are ignored, causing proxy exclusion bypass for internal IP ranges",2.0
TanStack/template,grype,GHSA-48c2-rrv3-qjmp,Medium,/pnpm-lock.yaml,,yaml,2.8.2,2.8.3,npm,,yaml is vulnerable to Stack Overflow via deeply nested YAML collections,2.0
TanStack/template,grype,GHSA-4992-7rv2-5pvq,Medium,/pnpm-lock.yaml,,undici,7.18.2,7.24.0,npm,,Undici has CRLF Injection in undici via `upgrade` option,2.0
TanStack/template,grype,GHSA-4cwx-7wf7-3272,High,/pnpm-lock.yaml,,undici,7.18.2,7.29.0,npm,,undici vulnerable to cross-user information disclosure and parse-time crash via degenerate private cache directives,3.0
TanStack/template,grype,GHSA-4hqw-qxg8-jxx2,Medium,/pnpm-lock.yaml,,axios,1.18.1,1.20.0,npm,,Axios: Fetch Adapter Header Injection via Inherited FormData getHeaders,2.0
TanStack/template,grype,GHSA-4q55-j62x-fr9h,Medium,/pnpm-lock.yaml,,devalue,5.6.2,5.9.3,npm,,devalue: Malformed null-prototype object keys bypass __proto__ rejection via property-key coercion,2.0
TanStack/template,grype,GHSA-4x5r-pxfx-6jf8,Low,/pnpm-lock.yaml,,@babel/core,7.28.6,7.29.6,npm,,@babel/core: Arbitrary File Read via sourceMappingURL Comment,1.0
TanStack/template,grype,GHSA-542g-h47m-68v8,High,/pnpm-lock.yaml,,axios,1.18.1,1.20.0,npm,,Axios: Denial of Service via Unhandled 'error' Event in HTTP/2 ClientHttp2Session Initialization,3.0
TanStack/template,grype,GHSA-68fv-2mgg-jv7q,High,/pnpm-lock.yaml,,source-map-js,1.2.1,1.2.2,npm,,source-map-js allows event-loop denial of service through indexed source-map section offsets,3.0
TanStack/template,grype,GHSA-6j4f-fj2g-mc7p,High,/pnpm-lock.yaml,,brace-expansion,5.0.5,5.0.10,npm,,brace-expansion: DoS via uncontrolled recursion in parseCommaParts causing stack exhaustion,3.0
TanStack/template,grype,GHSA-6j4f-fj2g-mc7p,High,/pnpm-lock.yaml,,brace-expansion,5.0.9,5.0.10,npm,,brace-expansion: DoS via uncontrolled recursion in parseCommaParts causing stack exhaustion,3.0
TanStack/template,grype,GHSA-73wf-gq98-2v4g,High,/pnpm-lock.yaml,,browserslist,4.28.1,4.28.7,npm,,Browserslist: Uncaught crash / prototype write via untrusted browserslist-stats.json custom stats (normalizeStats),3.0
TanStack/template,grype,GHSA-7w5x-hrqm-74c2,High,/pnpm-lock.yaml,,smol-toml,1.6.1,1.7.1,npm,,smol-toml: Denial of Service via malformed TOML documents,3.0
TanStack/template,grype,GHSA-8436-99hf-9mmv,Low,/pnpm-lock.yaml,,undici,7.18.2,7.29.1,npm,,undici vulnerable to caching and replay of unsafe HTTP method responses,1.0
TanStack/template,grype,GHSA-8qm3-746x-r74r,Low,/pnpm-lock.yaml,,devalue,5.6.2,5.6.3,npm,,devalue `uneval`ed code can create objects with polluted prototypes when `eval`ed,1.0
TanStack/template,grype,GHSA-8xcm-r25x-g524,Medium,/pnpm-lock.yaml,,undici,7.18.2,7.29.0,npm,,undici vulnerable to downstream response desynchronization via retry interceptor,2.0
TanStack/template,grype,GHSA-9fr6-4gfg-395g,Medium,/pnpm-lock.yaml,,axios,1.18.1,1.20.0,npm,,Axios: Prototype-Pollution Gadget in the Default Instance Allows Inherited Object.prototype.method to Override HTTP Method,2.0
TanStack/template,grype,GHSA-9rgm-9g3h-6x36,Medium,/pnpm-lock.yaml,,devalue,5.6.2,5.9.2,npm,,Svelte devalue: DoS via malformed input,2.0
TanStack/template,grype,GHSA-c29m-xwm3-cm6r,High,/pnpm-lock.yaml,,axios,1.18.1,1.20.0,npm,,Axios: ReDoS in fromDataURI data: URL parser freezes the Node event loop (DoS),3.0
TanStack/template,grype,GHSA-c2c7-rcm5-vvqj,High,/pnpm-lock.yaml,,picomatch,4.0.3,4.0.4,npm,,Picomatch has a ReDoS vulnerability via extglob quantifiers,3.0
TanStack/template,grype,GHSA-c83g-rgw3-j3cx,High,/pnpm-lock.yaml,,browserslist,4.28.1,4.28.7,npm,,"Browserslist: Unbounded memory growth (no cache eviction) via distinct query results, leading to eventual OOM",3.0
TanStack/template,grype,GHSA-cfw5-2vxh-hr84,Medium,/pnpm-lock.yaml,,devalue,5.6.2,5.6.4,npm,,devalue has prototype pollution in devalue.parse and devalue.unflatten,2.0
TanStack/template,grype,GHSA-crpf-4hrx-3jrp,Medium,/pnpm-lock.yaml,,svelte,5.46.4,5.51.5,npm,,Svelte SSR attribute spreading includes inherited properties from prototype chain,2.0
TanStack/template,grype,GHSA-f269-vfmq-vjvj,High,/pnpm-lock.yaml,,undici,7.18.2,7.24.0,npm,,Undici: Malicious WebSocket 64-bit length overflows parser and crashes the client,3.0
TanStack/template,grype,GHSA-f3cj-j4f6-wq85,Medium,/pnpm-lock.yaml,,svelte,5.46.4,5.55.7,npm,,Svelte: SSR XSS via Insecure Promise Serialization in hydratable,2.0
TanStack/template,grype,GHSA-f7gr-6p89-r883,Medium,/pnpm-lock.yaml,,svelte,5.46.4,5.51.5,npm,,Svelte affected by cross-site scripting via spread attributes in Svelte SSR,2.0
TanStack/template,grype,GHSA-g7r4-m6w7-qqqr,Low,/pnpm-lock.yaml,,esbuild,0.28.0,0.28.1,npm,,esbuild allows arbitrary file read when running the development server on Windows,1.0
TanStack/template,grype,GHSA-g8m3-5g58-fq7m,Low,/pnpm-lock.yaml,,undici,7.18.2,7.28.0,npm,,undici vulnerable to Set-Cookie SameSite attribute downgrade via permissive substring matching,1.0
TanStack/template,grype,GHSA-h7h7-mm68-gmrc,Medium,/pnpm-lock.yaml,,svelte,5.46.4,5.51.5,npm,,Svelte affected by XSS in SSR `<option>` element,2.0
TanStack/template,grype,GHSA-hmw2-7cc7-3qxx,High,/pnpm-lock.yaml,,form-data,4.0.5,4.0.6,npm,,form-data: CRLF injection in form-data via unescaped multipart field names and filenames,3.0
TanStack/template,grype,GHSA-hx4r-w6wj-j8fg,Medium,/pnpm-lock.yaml,,devalue,5.6.2,5.9.3,npm,,devalue: Residual sparse-array CPU amplification in uneval,2.0
TanStack/template,grype,GHSA-j22f-vq7h-c4qm,High,/pnpm-lock.yaml,,devalue,5.6.2,5.9.3,npm,,devalue: `stringify`/`uneval` serialize shared memory,3.0
TanStack/template,grype,GHSA-j8rh-479h-cp32,Medium,/pnpm-lock.yaml,,axios,1.18.1,1.20.0,npm,,Axios: Header Injection via Inherited headers After Minimal Interceptor,2.0
TanStack/template,grype,GHSA-jp82-f5mq-hwhp,High,/pnpm-lock.yaml,,seroval,1.5.6,1.6.3,npm,,Seroval: Memory exhaustion via unchecked TypedArray length in JSON deserialization,3.0
TanStack/template,grype,GHSA-jr45-8vmc-qm54,Medium,/pnpm-lock.yaml,,undici,7.18.2,7.29.0,npm,,undici vulnerable to cross-user information disclosure via whitespace around equals in Cache-Control directives,2.0
TanStack/template,grype,GHSA-jxxr-4gwj-5jf2,Medium,/pnpm-lock.yaml,,brace-expansion,5.0.5,5.0.6,npm,,brace-expansion: Large numeric range defeats documented `max` DoS protection,2.0
TanStack/template,grype,GHSA-m56q-vw4c-c2cp,Medium,/pnpm-lock.yaml,,svelte,5.46.4,5.51.5,npm,,Svelte SSR does not validate dynamic element tag names in `<svelte:element>`,2.0
TanStack/template,grype,GHSA-m8m8-qj5v-23w3,High,/pnpm-lock.yaml,,axios,1.18.1,1.20.0,npm,,Axios: Node HTTP adapter prototype-pollution gadget allows request socket hijack via inherited createConnection,3.0
TanStack/template,grype,GHSA-m8rv-5g2x-5cg5,Medium,/pnpm-lock.yaml,,undici,7.18.2,7.29.0,npm,,undici vulnerable to CRLF Injection via blob-like body 'type' property,2.0
TanStack/template,grype,GHSA-mcm9-63f2-9j32,High,/pnpm-lock.yaml,,devalue,5.6.2,5.9.3,npm,,devalue: Repeated primitive strings cause quadratic expansion in uneval,3.0
TanStack/template,grype,GHSA-mghh-pgcx-3jjj,High,/pnpm-lock.yaml,,axios,1.18.1,1.20.0,npm,,"Axios: ReDoS (O(N²)) in shouldBypassProxy host normalization, reachable via untrusted redirect Location",3.0
TanStack/template,grype,GHSA-mh99-v99m-4gvg,High,/pnpm-lock.yaml,,brace-expansion,5.0.5,5.0.8,npm,,brace-expansion: DoS via unbounded expansion length causing an out-of-memory process crash,3.0
TanStack/template,grype,GHSA-mwv9-gp5h-frr4,Low,/pnpm-lock.yaml,,devalue,5.6.2,5.6.4,npm,,Sveltejs devalue's `devalue.parse` and `devalue.unflatten` emit objects with `__proto__` own properties,1.0
TanStack/template,grype,GHSA-p498-v437-472g,Medium,/pnpm-lock.yaml,,@humanfs/node,0.16.7,0.16.8,npm,,humanfs: Recursive copy follows symlinked files and copies data from outside the source tree,2.0
TanStack/template,grype,GHSA-p6vx-979v-rg4c,Critical,/pnpm-lock.yaml,,seroval,1.5.6,1.6.2,npm,,Seroval: `fromJSON()` Promise thenable assimilation invokes plugin-produced callables (bypass of GHSA-mv8w-475r-vwqw),4.0
TanStack/template,grype,GHSA-p88m-4jfj-68fv,Medium,/pnpm-lock.yaml,,undici,7.18.2,7.28.0,npm,,undici vulnerable to HTTP header injection via Set-Cookie percent-decoding,2.0
TanStack/template,grype,GHSA-phc3-fgpg-7m6h,Medium,/pnpm-lock.yaml,,undici,7.18.2,7.24.0,npm,,Undici has Unbounded Memory Consumption in its DeduplicationHandler via Response Buffering that leads to DoS,2.0
TanStack/template,grype,GHSA-phwv-c562-gvmh,Medium,/pnpm-lock.yaml,,svelte,5.46.4,5.53.5,npm,,Svelte vulnerable to XSS during SSR with contenteditable `bind:innerText` and `bind:textContent`,2.0
TanStack/template,grype,GHSA-pmjh-fq2x-6v4x,Medium,/pnpm-lock.yaml,,undici,7.18.2,7.29.1,npm,,undici vulnerable to Denial of Service via orphaned RetryHandler response body,2.0
TanStack/template,grype,GHSA-pqg4-j6r4-53mv,Critical,/pnpm-lock.yaml,,shell-quote,1.10.0,1.11.0,npm,,shell-quote: `quote()` command injection via a line terminator in a token after a `{ comment }` token,4.0
TanStack/template,grype,GHSA-pr6f-5x2q-rwfp,Medium,/pnpm-lock.yaml,,svelte,5.46.4,5.55.7,npm,,Svelte SSR vulnerable to cross-site scripting via spread attributes,2.0
TanStack/template,grype,GHSA-pr7r-676h-xcf6,Medium,/pnpm-lock.yaml,,undici,7.18.2,7.28.0,npm,,undici vulnerable to cross-user information disclosure via shared cache whitespace bypass,2.0
TanStack/template,grype,GHSA-q2hr-2g5m-vwhr,Medium,/pnpm-lock.yaml,,brace-expansion,5.0.5,5.0.12,npm,,"brace-expansion: Quadratic-time expansion of the `{a},b}` rewrite causes CPU denial of service",2.0
TanStack/template,grype,GHSA-q2hr-2g5m-vwhr,Medium,/pnpm-lock.yaml,,brace-expansion,5.0.9,5.0.12,npm,,"brace-expansion: Quadratic-time expansion of the `{a},b}` rewrite causes CPU denial of service",2.0
TanStack/template,grype,GHSA-qhr7-859c-m2p7,High,/pnpm-lock.yaml,,brace-expansion,5.0.5,5.0.11,npm,,brace-expansion: DoS via uncontrolled recursion on nested brace groups causing stack exhaustion,3.0
TanStack/template,grype,GHSA-qhr7-859c-m2p7,High,/pnpm-lock.yaml,,brace-expansion,5.0.9,5.0.11,npm,,brace-expansion: DoS via uncontrolled recursion on nested brace groups causing stack exhaustion,3.0
TanStack/template,grype,GHSA-r4gj-5m52-g5wh,High,/pnpm-lock.yaml,,axios,1.18.1,1.20.0,npm,,"Axios: maxRedirects: 0 is not enforced by the fetch adapter, allowing redirect-based SSRF",3.0
TanStack/template,grype,GHSA-r4xh-jqrq-34v2,Medium,/pnpm-lock.yaml,,smol-toml,1.6.1,1.9.0,npm,,smol-toml: Quadratic-time parse() from parseKey rescanning to end of document on each key line,2.0
TanStack/template,grype,GHSA-r53p-7pc4-xj5r,Low,/pnpm-lock.yaml,,undici,7.18.2,7.29.1,npm,,undici vulnerable to downstream response splitting via retry interceptor,1.0
TanStack/template,grype,GHSA-rcqx-6q8c-2c42,Medium,/pnpm-lock.yaml,,svelte,5.46.4,5.55.7,npm,,Svelte Vulnerable to XSS via DOM Clobbering of Internal Framework State,2.0
TanStack/template,grype,GHSA-rfgv-xxqx-mfg5,High,/pnpm-lock.yaml,,undici,7.18.2,7.29.1,npm,,undici vulnerable to Denial of Service via unrequested WebSocket subprotocol,3.0
TanStack/template,grype,GHSA-rgw5-rvv9-x895,High,/pnpm-lock.yaml,,brace-expansion,5.0.5,5.0.9,npm,,"brace-expansion: DoS via unbounded intermediate arrays, bypassing the CVE-2026-14257 mitigation",3.0
TanStack/template,grype,GHSA-rx4f-c7p8-82vq,Medium,/pnpm-lock.yaml,,undici,7.18.2,7.29.1,npm,,undici vulnerable to Denial of Service via WebSocketStream unclean close,2.0
TanStack/template,grype,GHSA-v3r7-h72x-cjcm,Medium,/pnpm-lock.yaml,,undici,7.18.2,7.29.0,npm,,undici vulnerable to cookie attribute injection via unsanitized domain and unparsed setCookie fields,2.0
TanStack/template,grype,GHSA-v9p9-hfj2-hcw8,High,/pnpm-lock.yaml,,undici,7.18.2,7.24.0,npm,,Undici has Unhandled Exception in WebSocket Client Due to Invalid server_max_window_bits Validation,3.0
TanStack/template,grype,GHSA-vh66-26gq-q6x8,Medium,/pnpm-lock.yaml,,axios,1.18.1,1.20.0,npm,,Axios: Prototype pollution gadget in fetch adapter can alter outbound requests,2.0
TanStack/template,grype,GHSA-vrm6-8vpv-qv8q,High,/pnpm-lock.yaml,,undici,7.18.2,7.24.0,npm,,Undici has Unbounded Memory Consumption in WebSocket permessage-deflate Decompression,3.0
TanStack/template,grype,GHSA-vxpw-j846-p89q,High,/pnpm-lock.yaml,,undici,7.18.2,7.28.0,npm,,undici WebSocket client vulnerable to denial of service via fragment count bypass,3.0
TanStack/template,grype,GHSA-w5vr-8v7q-w6rv,Medium,/pnpm-lock.yaml,,baseline-browser-mapping,2.9.15,2.11.0,npm,,baseline-browser-mapping process termination on invalid input causes denial of service,2.0
TanStack/template,grype,GHSA-wf3x-273g-mvxv,Low,/pnpm-lock.yaml,,devalue,5.6.2,5.9.3,npm,,devalue: Sparse arrays emitted by uneval cause eager allocation when evaluated,1.0
TanStack/template,grype,GHSA-x97p-jq2g-jp4f,High,/pnpm-lock.yaml,,axios,1.18.1,1.20.0,npm,,Axios: Prototype Pollution Gadget in axios toFormData Options,3.0
TanStack/virtual,grype,GHSA-22jq-vg5j-6vgg,Medium,/pnpm-lock.yaml,,ip-address,10.2.0,10.2.1,npm,,ip-address: misclassification of IPv4-mapped/NAT64 IPv6 addresses can bypass SSRF and trust-boundary checks,2.0
TanStack/virtual,grype,GHSA-23c5-xmqv-rm74,High,/pnpm-lock.yaml,,minimatch,10.1.1,10.2.3,npm,,minimatch ReDoS: nested *() extglobs generate catastrophically backtracking regular expressions,3.0
TanStack/virtual,grype,GHSA-23c5-xmqv-rm74,High,/pnpm-lock.yaml,,minimatch,3.0.8,3.1.4,npm,,minimatch ReDoS: nested *() extglobs generate catastrophically backtracking regular expressions,3.0
TanStack/virtual,grype,GHSA-23c5-xmqv-rm74,High,/pnpm-lock.yaml,,minimatch,3.1.2,3.1.4,npm,,minimatch ReDoS: nested *() extglobs generate catastrophically backtracking regular expressions,3.0
TanStack/virtual,grype,GHSA-23c5-xmqv-rm74,High,/pnpm-lock.yaml,,minimatch,9.0.3,9.0.7,npm,,minimatch ReDoS: nested *() extglobs generate catastrophically backtracking regular expressions,3.0
TanStack/virtual,grype,GHSA-23c5-xmqv-rm74,High,/pnpm-lock.yaml,,minimatch,9.0.5,9.0.7,npm,,minimatch ReDoS: nested *() extglobs generate catastrophically backtracking regular expressions,3.0
TanStack/virtual,grype,GHSA-23hp-3jrh-7fpw,Critical,/pnpm-lock.yaml,,tar,7.5.13,7.5.19,npm,,node-tar: Decompression/parse DoS via unlimited input,4.0
TanStack/virtual,grype,GHSA-25h7-pfq9-p65f,High,/pnpm-lock.yaml,,flatted,3.3.3,3.4.0,npm,,flatted vulnerable to unbounded recursion DoS in parse() revive phase,3.0
TanStack/virtual,grype,GHSA-2883-xcg3-v3hh,High,/pnpm-lock.yaml,,js-yaml,3.14.1,3.15.2,npm,,js-yaml: maxTotalMergeKeys does not limit CPU use for empty merge sources,3.0
TanStack/virtual,grype,GHSA-2883-xcg3-v3hh,High,/pnpm-lock.yaml,,js-yaml,4.1.1,4.3.2,npm,,js-yaml: maxTotalMergeKeys does not limit CPU use for empty merge sources,3.0
TanStack/virtual,grype,GHSA-28wg-ghj8-5hjv,High,/pnpm-lock.yaml,,nanoid,3.3.11,3.3.16,npm,,nanoid: non-secure generators can loop indefinitely with negative size,3.0
TanStack/virtual,grype,GHSA-2g4f-4pwh-qvx6,Medium,/pnpm-lock.yaml,,ajv,6.12.6,6.14.0,npm,,ajv has ReDoS when using `$data` option,2.0
TanStack/virtual,grype,GHSA-2g4f-4pwh-qvx6,Medium,/pnpm-lock.yaml,,ajv,8.12.0,8.18.0,npm,,ajv has ReDoS when using `$data` option,2.0
TanStack/virtual,grype,GHSA-2g4f-4pwh-qvx6,Medium,/pnpm-lock.yaml,,ajv,8.13.0,8.18.0,npm,,ajv has ReDoS when using `$data` option,2.0
TanStack/virtual,grype,GHSA-2gqq-gqf2-x968,Low,/pnpm-lock.yaml,,undici,7.16.0,7.29.1,npm,,undici vulnerable to response truncation via oversized chunked responses in the dump interceptor,1.0
TanStack/virtual,grype,GHSA-2jfj-6hjv-fm6j,Medium,/pnpm-lock.yaml,,undici,7.16.0,7.29.1,npm,,undici vulnerable to cross-user cookie disclosure via Set-Cookie caching in shared caches,2.0
TanStack/virtual,grype,GHSA-2mjp-6q6p-2qxm,Medium,/pnpm-lock.yaml,,undici,7.16.0,7.24.0,npm,,Undici has an HTTP Request/Response Smuggling issue,2.0
TanStack/virtual,grype,GHSA-2v37-7h3g-55p8,High,/pnpm-lock.yaml,,nanoid,3.3.11,3.3.18,npm,,nanoid: custom generators can loop indefinitely when size is zero,3.0
TanStack/virtual,grype,GHSA-2v37-7h3g-55p8,High,/pnpm-lock.yaml,,nanoid,3.3.16,3.3.18,npm,,nanoid: custom generators can loop indefinitely when size is zero,3.0
TanStack/virtual,grype,GHSA-2vr4-cq9g-pvrc,Medium,/pnpm-lock.yaml,,ip-address,10.2.0,10.5.1,npm,,"ip-address: no classifier recognizes the NAT64 local-use range 64:ff9b:1::/48, allowing SSRF and trust-boundary bypass",2.0
TanStack/virtual,grype,GHSA-35jp-ww65-95wh,High,/pnpm-lock.yaml,,axios,1.13.1,1.16.0,npm,,axios Vulnerable to Full Man-in-the-Middle via Prototype Pollution Gadget in `config.proxy`,3.0
TanStack/virtual,grype,GHSA-35p6-xmwp-9g52,Low,/pnpm-lock.yaml,,undici,7.16.0,7.28.0,npm,,undici vulnerable to HTTP response queue poisoning via keep-alive socket reuse,1.0
TanStack/virtual,grype,GHSA-37ch-88jc-xwx2,High,/pnpm-lock.yaml,,path-to-regexp,0.1.12,0.1.13,npm,,path-to-regexp vulnerable to Regular Expression Denial of Service via multiple route parameters,3.0
TanStack/virtual,grype,GHSA-395f-4hp3-45gv,High,/pnpm-lock.yaml,,shell-quote,1.8.3,1.9.0,npm,,shell-quote: Quadratic-complexity Denial of Service in `parse()` (CWE-407),3.0
TanStack/virtual,grype,GHSA-3g43-6gmg-66jw,High,/pnpm-lock.yaml,,axios,1.13.1,1.15.2,npm,,axios Vulnerable to Credential Theft and Response Hijacking via Prototype Pollution Gadget in Config Merge,3.0
TanStack/virtual,grype,GHSA-3j22-8qj3-26mx,High,/pnpm-lock.yaml,,seroval,1.3.2,1.4.1,npm,,Seroval affected by Denial of Service via Deeply Nested Objects,3.0
TanStack/virtual,grype,GHSA-3jxr-9vmj-r5cp,High,/pnpm-lock.yaml,,brace-expansion,1.1.12,1.1.16,npm,,brace-expansion: DoS via exponential-time expansion of consecutive non-expanding {} groups,3.0
TanStack/virtual,grype,GHSA-3jxr-9vmj-r5cp,High,/pnpm-lock.yaml,,brace-expansion,2.0.2,2.1.2,npm,,brace-expansion: DoS via exponential-time expansion of consecutive non-expanding {} groups,3.0
TanStack/virtual,grype,GHSA-3p68-rc4w-qgx5,Medium,/pnpm-lock.yaml,,axios,1.13.1,1.15.0,npm,,Axios has a NO_PROXY Hostname Normalization Bypass that Leads to SSRF,2.0
TanStack/virtual,grype,GHSA-3ppc-4f35-3m26,High,/pnpm-lock.yaml,,minimatch,10.1.1,10.2.1,npm,,minimatch has a ReDoS via repeated wildcards with non-matching literal in pattern,3.0
TanStack/virtual,grype,GHSA-3ppc-4f35-3m26,High,/pnpm-lock.yaml,,minimatch,3.0.8,3.1.3,npm,,minimatch has a ReDoS via repeated wildcards with non-matching literal in pattern,3.0
TanStack/virtual,grype,GHSA-3ppc-4f35-3m26,High,/pnpm-lock.yaml,,minimatch,3.1.2,3.1.3,npm,,minimatch has a ReDoS via repeated wildcards with non-matching literal in pattern,3.0
TanStack/virtual,grype,GHSA-3ppc-4f35-3m26,High,/pnpm-lock.yaml,,minimatch,9.0.3,9.0.6,npm,,minimatch has a ReDoS via repeated wildcards with non-matching literal in pattern,3.0
TanStack/virtual,grype,GHSA-3ppc-4f35-3m26,High,/pnpm-lock.yaml,,minimatch,9.0.5,9.0.6,npm,,minimatch has a ReDoS via repeated wildcards with non-matching literal in pattern,3.0
TanStack/virtual,grype,GHSA-3pq3-5fj3-cg6v,High,/pnpm-lock.yaml,,axios,1.13.1,1.20.0,npm,,Axios: HTTP/2 adapter bypasses configured DNS lookup and proxy controls,3.0
TanStack/virtual,grype,GHSA-3rxj-6cgf-8cfw,High,/pnpm-lock.yaml,,seroval,1.3.2,1.4.1,npm,,seroval Affected by Remote Code Execution via JSON Deserialization,3.0
TanStack/virtual,grype,GHSA-3v7f-55p6-f55p,Medium,/pnpm-lock.yaml,,picomatch,2.3.1,2.3.2,npm,,Picomatch: Method Injection in POSIX Character Classes causes incorrect Glob Matching,2.0
TanStack/virtual,grype,GHSA-3v7f-55p6-f55p,Medium,/pnpm-lock.yaml,,picomatch,4.0.3,4.0.4,npm,,Picomatch: Method Injection in POSIX Character Classes causes incorrect Glob Matching,2.0
TanStack/virtual,grype,GHSA-3w6x-2g7m-8v23,Medium,/pnpm-lock.yaml,,axios,1.13.1,1.15.2,npm,,Axios: Invisible JSON Response Tampering via Prototype Pollution Gadget in `parseReviver`,2.0
TanStack/virtual,grype,GHSA-3wwx-pv8p-q78v,Medium,/pnpm-lock.yaml,,undici,6.27.0,6.28.1,npm,,undici vulnerable to Denial of Service via unhandled error in WebSocket permessage-deflate decompression,2.0
TanStack/virtual,grype,GHSA-3xpg-4rpp-hhhm,Medium,/pnpm-lock.yaml,,undici,7.16.0,7.29.1,npm,,undici vulnerable to Denial of Service via unbounded decompression of compressed responses,2.0
TanStack/virtual,grype,GHSA-42h9-826w-cgv3,Medium,/pnpm-lock.yaml,,axios,1.13.1,1.18.0,npm,,Axios: Excessive recursion in formDataToJSON can cause denial of service,2.0
TanStack/virtual,grype,GHSA-43fc-jf86-j433,High,/pnpm-lock.yaml,,axios,1.13.1,1.13.5,npm,,Axios is Vulnerable to Denial of Service via __proto__ Key in mergeConfig,3.0
TanStack/virtual,grype,GHSA-445q-vr5w-6q77,Medium,/pnpm-lock.yaml,,axios,1.13.1,1.15.1,npm,,Axios: CRLF Injection in multipart/form-data body via unsanitized blob.type in formDataToStream,2.0
TanStack/virtual,grype,GHSA-48c2-rrv3-qjmp,Medium,/pnpm-lock.yaml,,yaml,2.8.1,2.8.3,npm,,yaml is vulnerable to Stack Overflow via deeply nested YAML collections,2.0
TanStack/virtual,grype,GHSA-4992-7rv2-5pvq,Medium,/pnpm-lock.yaml,,undici,7.16.0,7.24.0,npm,,Undici has CRLF Injection in undici via `upgrade` option,2.0
TanStack/virtual,grype,GHSA-4c8g-83qw-93j6,High,/pnpm-lock.yaml,,fast-uri,3.1.0,3.1.3,npm,,fast-uri vulnerable to host confusion via failed IDN canonicalization,3.0
TanStack/virtual,grype,GHSA-4cwx-7wf7-3272,High,/pnpm-lock.yaml,,undici,7.16.0,7.29.0,npm,,undici vulnerable to cross-user information disclosure and parse-time crash via degenerate private cache directives,3.0
TanStack/virtual,grype,GHSA-4hqw-qxg8-jxx2,Medium,/pnpm-lock.yaml,,axios,1.13.1,1.20.0,npm,,Axios: Fetch Adapter Header Injection via Inherited FormData getHeaders,2.0
TanStack/virtual,grype,GHSA-4mjr-xmp4-gh2g,Medium,/pnpm-lock.yaml,,qs,6.15.3,6.16.0,npm,,qs: Denial of Service via Attacker Controlled isBuffer,2.0
TanStack/virtual,grype,GHSA-4x5r-pxfx-6jf8,Low,/pnpm-lock.yaml,,@babel/core,7.28.5,7.29.6,npm,,@babel/core: Arbitrary File Read via sourceMappingURL Comment,1.0
TanStack/virtual,grype,GHSA-4xrf-jv44-h6hh,Medium,/pnpm-lock.yaml,,ip-address,10.2.0,10.2.2,npm,,ip-address: a CIDR suffix on the parsed address suppresses special-use classification and can bypass SSRF and trust-boundary checks,2.0
TanStack/virtual,grype,GHSA-52cp-r559-cp3m,High,/pnpm-lock.yaml,,js-yaml,3.14.1,3.15.0,npm,,js-yaml: YAML merge-key chains can force quadratic CPU consumption,3.0
TanStack/virtual,grype,GHSA-52cp-r559-cp3m,High,/pnpm-lock.yaml,,js-yaml,4.1.1,4.3.0,npm,,js-yaml: YAML merge-key chains can force quadratic CPU consumption,3.0
TanStack/virtual,grype,GHSA-542g-h47m-68v8,High,/pnpm-lock.yaml,,axios,1.13.1,1.20.0,npm,,Axios: Denial of Service via Unhandled 'error' Event in HTTP/2 ClientHttp2Session Initialization,3.0
TanStack/virtual,grype,GHSA-54fx-42gc-7vw4,Medium,/pnpm-lock.yaml,,hono,4.12.30,4.12.34,npm,,Hono: Algorithmic Complexity DoS in Language Middleware,2.0
TanStack/virtual,grype,GHSA-58qx-3vcg-4xpx,Medium,/pnpm-lock.yaml,,ws,8.18.3,8.20.1,npm,,ws: Uninitialized memory disclosure,2.0
TanStack/virtual,grype,GHSA-5c9x-8gcm-mpgx,Medium,/pnpm-lock.yaml,,axios,1.13.1,1.15.1,npm,,Axios' HTTP adapter-streamed uploads bypass maxBodyLength when maxRedirects: 0,2.0
TanStack/virtual,grype,GHSA-5p4m-2wfm-xmqj,High,/pnpm-lock.yaml,,js-yaml,3.14.1,3.15.1,npm,,JS-YAML: Quadratic CPU consumption in !!omap resolution (3.x and 4.x) — CVE-2026-59870 fix not backported,3.0
TanStack/virtual,grype,GHSA-5p4m-2wfm-xmqj,High,/pnpm-lock.yaml,,js-yaml,4.1.1,4.3.1,npm,,JS-YAML: Quadratic CPU consumption in !!omap resolution (3.x and 4.x) — CVE-2026-59870 fix not backported,3.0
TanStack/virtual,grype,GHSA-62hf-57xw-28j9,Medium,/pnpm-lock.yaml,,axios,1.13.1,1.15.1,npm,,Axios: unbounded recursion in toFormData causes DoS via deeply nested request data,2.0
TanStack/virtual,grype,GHSA-64mm-vxmg-q3vj,Medium,/pnpm-lock.yaml,,http-proxy-middleware,2.0.9,2.0.10,npm,,http-proxy-middleware `router` host+path substring matching allows Host-header-driven backend routing bypass,2.0
TanStack/virtual,grype,GHSA-66fc-rw6m-c2q6,High,/pnpm-lock.yaml,,seroval,1.3.2,1.4.1,npm,,Seroval affected by Denial of Service via Array serialization,3.0
TanStack/virtual,grype,GHSA-67c8-pqhq-4rmx,Critical,/pnpm-lock.yaml,,piscina,5.2.0,5.3.2,npm,,piscina: Prototype-pollution gadget in ThreadPool.options allows RCE via execArgv / loadBalancer / env,4.0
TanStack/virtual,grype,GHSA-68fv-2mgg-jv7q,High,/pnpm-lock.yaml,,source-map-js,1.2.1,1.2.2,npm,,source-map-js allows event-loop denial of service through indexed source-map section offsets,3.0
TanStack/virtual,grype,GHSA-6chq-wfr3-2hj9,High,/pnpm-lock.yaml,,axios,1.13.1,1.15.1,npm,,Axios: Header Injection via Prototype Pollution,3.0
TanStack/virtual,grype,GHSA-6g55-p6wh-862q,High,/pnpm-lock.yaml,,postcss,8.5.6,8.5.12,npm,,PostCSS: Arbitrary file read and information disclosure via attacker-controlled sourceMappingURL in CSS comments,3.0
TanStack/virtual,grype,GHSA-6j4f-fj2g-mc7p,High,/pnpm-lock.yaml,,brace-expansion,1.1.12,1.1.19,npm,,brace-expansion: DoS via uncontrolled recursion in parseCommaParts causing stack exhaustion,3.0
TanStack/virtual,grype,GHSA-6j4f-fj2g-mc7p,High,/pnpm-lock.yaml,,brace-expansion,2.0.2,2.1.5,npm,,brace-expansion: DoS via uncontrolled recursion in parseCommaParts causing stack exhaustion,3.0
TanStack/virtual,grype,GHSA-6j4f-fj2g-mc7p,High,/pnpm-lock.yaml,,brace-expansion,5.0.7,5.0.10,npm,,brace-expansion: DoS via uncontrolled recursion in parseCommaParts causing stack exhaustion,3.0
TanStack/virtual,grype,GHSA-6qxp-vccf-f47h,High,/pnpm-lock.yaml,,@modelcontextprotocol/sdk,1.26.0,1.31.0,npm,,MCP TypeScript SDK: OAuth client could send credentials to an authorization server chosen by the MCP server,3.0
TanStack/virtual,grype,GHSA-73wf-gq98-2v4g,High,/pnpm-lock.yaml,,browserslist,4.28.2,4.28.7,npm,,Browserslist: Uncaught crash / prototype write via untrusted browserslist-stats.json custom stats (normalizeStats),3.0
TanStack/virtual,grype,GHSA-777c-7fjr-54vf,High,/pnpm-lock.yaml,,axios,1.13.1,1.16.0,npm,,Allocation of Resources Without Limits or Throttling in Axios,3.0
TanStack/virtual,grype,GHSA-79qm-7rj5-m7r9,Low,/pnpm-lock.yaml,,hono,4.12.30,4.12.34,npm,,Hono: Proxy Helper does not remove response headers listed in the `Connection` header,1.0
TanStack/virtual,grype,GHSA-7gcc-r8m5-44qm,High,/pnpm-lock.yaml,,koa,2.16.3,2.16.4,npm,,Koa has Host Header Injection via ctx.hostname,3.0
TanStack/virtual,grype,GHSA-7h2j-956f-4vf2,High,/pnpm-lock.yaml,,@isaacs/brace-expansion,5.0.0,5.0.1,npm,,@isaacs/brace-expansion has Uncontrolled Resource Consumption,3.0
TanStack/virtual,grype,GHSA-7p8r-x3mc-p8w7,High,/pnpm-lock.yaml,,fast-uri,3.1.0,3.1.5,npm,,fast-uri vulnerable to host confusion via backslash authority introducer,3.0
TanStack/virtual,grype,GHSA-7q8q-rj6j-mhjq,Medium,/pnpm-lock.yaml,,axios,1.13.1,1.18.0,npm,,Axios: Nested axios option objects can consume polluted prototype values,2.0
TanStack/virtual,grype,GHSA-7r86-cg39-jmmj,High,/pnpm-lock.yaml,,minimatch,10.1.1,10.2.3,npm,,minimatch has ReDoS: matchOne() combinatorial backtracking via multiple non-adjacent GLOBSTAR segments,3.0
TanStack/virtual,grype,GHSA-7r86-cg39-jmmj,High,/pnpm-lock.yaml,,minimatch,3.0.8,3.1.3,npm,,minimatch has ReDoS: matchOne() combinatorial backtracking via multiple non-adjacent GLOBSTAR segments,3.0
TanStack/virtual,grype,GHSA-7r86-cg39-jmmj,High,/pnpm-lock.yaml,,minimatch,3.1.2,3.1.3,npm,,minimatch has ReDoS: matchOne() combinatorial backtracking via multiple non-adjacent GLOBSTAR segments,3.0
TanStack/virtual,grype,GHSA-7r86-cg39-jmmj,High,/pnpm-lock.yaml,,minimatch,9.0.3,9.0.7,npm,,minimatch has ReDoS: matchOne() combinatorial backtracking via multiple non-adjacent GLOBSTAR segments,3.0
TanStack/virtual,grype,GHSA-7r86-cg39-jmmj,High,/pnpm-lock.yaml,,minimatch,9.0.5,9.0.7,npm,,minimatch has ReDoS: matchOne() combinatorial backtracking via multiple non-adjacent GLOBSTAR segments,3.0
TanStack/virtual,grype,GHSA-7w5x-hrqm-74c2,High,/pnpm-lock.yaml,,smol-toml,1.4.2,1.7.1,npm,,smol-toml: Denial of Service via malformed TOML documents,3.0
TanStack/virtual,grype,GHSA-82fw-gwwq-j7x9,Medium,/pnpm-lock.yaml,,@vitest/mocker,4.1.4,4.1.11,npm,,Vitest: Path Traversal / Arbitrary File Read via @vitest/mocker Redirect Mock,2.0
TanStack/virtual,grype,GHSA-82fw-gwwq-j7x9,Medium,/pnpm-lock.yaml,,vitest,4.1.4,4.1.11,npm,,Vitest: Path Traversal / Arbitrary File Read via @vitest/mocker Redirect Mock,2.0
TanStack/virtual,grype,GHSA-8436-99hf-9mmv,Low,/pnpm-lock.yaml,,undici,7.16.0,7.29.1,npm,,undici vulnerable to caching and replay of unsafe HTTP method responses,1.0
TanStack/virtual,grype,GHSA-898c-q2cr-xwhg,Medium,/pnpm-lock.yaml,,axios,1.13.1,1.16.0,npm,,axios has DoS & Header Injection via Prototype Pollution Read-Side Gadgets in axios merge functions,2.0
TanStack/virtual,grype,GHSA-8j4g-w8fx-2239,Medium,/pnpm-lock.yaml,,hono,4.12.30,4.12.34,npm,,Hono: ReDoS in CORS middleware via Access-Control-Request-Headers,2.0
TanStack/virtual,grype,GHSA-8x88-c5mf-7j5w,High,/pnpm-lock.yaml,,tar,7.5.13,7.5.18,npm,,node-tar: Negative tar entry size causes infinite loop in archive replace,3.0
TanStack/virtual,grype,GHSA-8xcm-r25x-g524,Medium,/pnpm-lock.yaml,,undici,6.27.0,6.28.0,npm,,undici vulnerable to downstream response desynchronization via retry interceptor,2.0
TanStack/virtual,grype,GHSA-8xcm-r25x-g524,Medium,/pnpm-lock.yaml,,undici,7.16.0,7.29.0,npm,,undici vulnerable to downstream response desynchronization via retry interceptor,2.0
TanStack/virtual,grype,GHSA-96hv-2xvq-fx4p,High,/pnpm-lock.yaml,,ws,7.5.10,7.5.11,npm,,ws: Memory exhaustion DoS from tiny fragments and data chunks,3.0
TanStack/virtual,grype,GHSA-96hv-2xvq-fx4p,High,/pnpm-lock.yaml,,ws,8.18.3,8.21.0,npm,,ws: Memory exhaustion DoS from tiny fragments and data chunks,3.0
TanStack/virtual,grype,GHSA-9fr6-4gfg-395g,Medium,/pnpm-lock.yaml,,axios,1.13.1,1.20.0,npm,,Axios: Prototype-Pollution Gadget in the Default Instance Allows Inherited Object.prototype.method to Override HTTP Method,2.0
TanStack/virtual,grype,GHSA-c2c7-rcm5-vvqj,High,/pnpm-lock.yaml,,picomatch,2.3.1,2.3.2,npm,,Picomatch has a ReDoS vulnerability via extglob quantifiers,3.0
TanStack/virtual,grype,GHSA-c2c7-rcm5-vvqj,High,/pnpm-lock.yaml,,picomatch,4.0.3,4.0.4,npm,,Picomatch has a ReDoS vulnerability via extglob quantifiers,3.0
TanStack/virtual,grype,GHSA-c83g-rgw3-j3cx,High,/pnpm-lock.yaml,,browserslist,4.28.2,4.28.7,npm,,"Browserslist: Unbounded memory growth (no cache eviction) via distinct query results, leading to eventual OOM",3.0
TanStack/virtual,grype,GHSA-ch52-4w7c-c8xp,High,/pnpm-lock.yaml,,http-cache-semantics,4.2.0,,npm,,http-cache-semantics max-stale handling can disclose cross-user cached responses,3.0
TanStack/virtual,grype,GHSA-crpf-4hrx-3jrp,Medium,/pnpm-lock.yaml,,svelte,4.2.20,5.51.5,npm,,Svelte SSR attribute spreading includes inherited properties from prototype chain,2.0
TanStack/virtual,grype,GHSA-crvj-82cr-hjcx,Medium,/pnpm-lock.yaml,,hono,4.12.30,4.13.5,npm,,"Hono: Query parser reads parameters after the URL fragment, causing cache-key and proxy interpretation differentials",2.0
TanStack/virtual,grype,GHSA-f23m-r3pf-42rh,Medium,/pnpm-lock.yaml,,lodash,4.17.21,4.18.0,npm,,lodash vulnerable to Prototype Pollution via array path bypass in `_.unset` and `_.omit`,2.0
TanStack/virtual,grype,GHSA-f23p-vx2j-j53r,Medium,/pnpm-lock.yaml,,hono,4.12.30,4.12.34,npm,,"Hono: `memo()` retains SSR output across requests, leading to cross-user data disclosure",2.0
TanStack/virtual,grype,GHSA-f269-vfmq-vjvj,High,/pnpm-lock.yaml,,undici,7.16.0,7.24.0,npm,,Undici: Malicious WebSocket 64-bit length overflows parser and crashes the client,3.0
TanStack/virtual,grype,GHSA-f5vj-f2hx-8m93,Medium,/pnpm-lock.yaml,,webpack-dev-server,5.2.5,5.2.6,npm,,webpack-dev-server vulnerable to cross-site request forgery via internal developer endpoints,2.0
TanStack/virtual,grype,GHSA-f65p-4m7j-42xc,High,/pnpm-lock.yaml,,fast-uri,3.1.0,3.1.6,npm,,fast-uri vulnerable to server-side request forgery via malformed IPv6 normalization,3.0
TanStack/virtual,grype,GHSA-f7gr-6p89-r883,Medium,/pnpm-lock.yaml,,svelte,4.2.20,5.51.5,npm,,Svelte affected by cross-site scripting via spread attributes in Svelte SSR,2.0
TanStack/virtual,grype,GHSA-f886-m6hf-6m8v,Medium,/pnpm-lock.yaml,,brace-expansion,1.1.12,1.1.13,npm,,brace-expansion: Zero-step sequence causes process hang and memory exhaustion,2.0
TanStack/virtual,grype,GHSA-f886-m6hf-6m8v,Medium,/pnpm-lock.yaml,,brace-expansion,2.0.2,2.0.3,npm,,brace-expansion: Zero-step sequence causes process hang and memory exhaustion,2.0
TanStack/virtual,grype,GHSA-ff3f-86qr-9cv3,High,/pnpm-lock.yaml,,@angular/router,20.3.26,20.3.32,npm,,Angular Server-Side Rendering (SSR): Denial of Service via Numeric URL Matrix Parameters,3.0
TanStack/virtual,grype,GHSA-frvp-7c67-39w9,Medium,/pnpm-lock.yaml,,@hono/node-server,1.19.14,1.19.15,npm,,Node.js Adapter for Hono: Path traversal in `serve-static` on Windows via encoded backslash (`%5C`),2.0
TanStack/virtual,grype,GHSA-fv7c-fp4j-7gwp,High,/pnpm-lock.yaml,,@babel/plugin-transform-modules-systemjs,7.28.5,7.29.4,npm,,@babel/plugin-transform-modules-systemjs generates arbitrary code when compiling malicious input,3.0
TanStack/virtual,grype,GHSA-fvcv-3m26-pcqx,Medium,/pnpm-lock.yaml,,axios,1.13.1,1.15.0,npm,,Axios has Unrestricted Cloud Metadata Exfiltration via Header Injection Chain,2.0
TanStack/virtual,grype,GHSA-fx2h-pf6j-xcff,High,/pnpm-lock.yaml,,vite,6.4.2,6.4.3,npm,,vite: `server.fs.deny` bypass on Windows alternate paths,3.0
TanStack/virtual,grype,GHSA-fxqj-rqcc-2cmp,Medium,/pnpm-lock.yaml,,postcss,8.5.12,8.5.23,npm,,PostCSS: incomplete fix of GHSA-6g55-p6wh-862q — attacker-controlled sourceMappingURL reads arbitrary .map files when `from` is unset,2.0
TanStack/virtual,grype,GHSA-fxqj-rqcc-2cmp,Medium,/pnpm-lock.yaml,,postcss,8.5.19,8.5.23,npm,,PostCSS: incomplete fix of GHSA-6g55-p6wh-862q — attacker-controlled sourceMappingURL reads arbitrary .map files when `from` is unset,2.0
TanStack/virtual,grype,GHSA-fxqj-rqcc-2cmp,Medium,/pnpm-lock.yaml,,postcss,8.5.6,8.5.23,npm,,PostCSS: incomplete fix of GHSA-6g55-p6wh-862q — attacker-controlled sourceMappingURL reads arbitrary .map files when `from` is unset,2.0
TanStack/virtual,grype,GHSA-g2r8-wvmj-jf5w,Medium,/pnpm-lock.yaml,,nx,22.1.3,22.7.2,npm,,`nx graph` dev server permissive CORS policy,2.0
TanStack/virtual,grype,GHSA-g2v6-rqmx-r4w6,High,/pnpm-lock.yaml,,@vue/server-renderer,3.5.22,3.5.42,npm,,@vue/server-renderer: XSS via missing CR in attribute-name blacklist,3.0
TanStack/virtual,grype,GHSA-g6gw-c38x-mqfc,Medium,/pnpm-lock.yaml,,hono,4.12.30,4.13.5,npm,,Hono: Unbounded dot-notation nesting in `parseBody()` can cause memory exhaustion,2.0
TanStack/virtual,grype,GHSA-g84c-rxfj-3j2c,High,/pnpm-lock.yaml,,webpack-dev-middleware,7.4.2,7.4.6,npm,,webpack-dev-middleware vulnerable to Path Traversal via non-slash-terminated publicPath,3.0
TanStack/virtual,grype,GHSA-g8m3-5g58-fq7m,Low,/pnpm-lock.yaml,,undici,7.16.0,7.28.0,npm,,undici vulnerable to Set-Cookie SameSite attribute downgrade via permissive substring matching,1.0
TanStack/virtual,grype,GHSA-g9mf-h72j-4rw9,Medium,/pnpm-lock.yaml,,undici,7.16.0,7.18.2,npm,,Undici has an unbounded decompression chain in HTTP responses on Node.js Fetch API via Content-Encoding leads to resource exhaustion,2.0
TanStack/virtual,grype,GHSA-gqvv-2mrq-wpjv,Medium,/pnpm-lock.yaml,,hono,4.12.30,4.13.5,npm,,Hono: Incomplete fix for CVE-2026-39408: `toSSG()` still writes files outside the output directory,2.0
TanStack/virtual,grype,GHSA-gvwx-54wh-qm9j,Medium,/pnpm-lock.yaml,,tar,7.5.13,7.5.17,npm,,node-tar: Uncaught Exception DoS via NUL byte in PAX path/linkpath records,2.0
TanStack/virtual,grype,GHSA-h3mg-xc3c-68pw,Medium,/pnpm-lock.yaml,,ip-address,10.2.0,10.7.1,npm,,"ip-address: Address6 builds a parse diagnostic proportional to the input with no length bound, allowing a single long string to stall or crash the process",2.0
TanStack/virtual,grype,GHSA-h67p-54hq-rp68,Medium,/pnpm-lock.yaml,,js-yaml,3.14.1,3.15.0,npm,,JS-YAML: Quadratic-complexity DoS in merge key handling via repeated aliases,2.0
TanStack/virtual,grype,GHSA-h67p-54hq-rp68,Medium,/pnpm-lock.yaml,,js-yaml,4.1.1,4.2.0,npm,,JS-YAML: Quadratic-complexity DoS in merge key handling via repeated aliases,2.0
TanStack/virtual,grype,GHSA-hfxv-24rg-xrqf,High,/pnpm-lock.yaml,,axios,1.13.1,1.16.0,npm,,Axios: Regular Expression Denial of Service (ReDoS) via Cookie Name Injection,3.0
TanStack/virtual,grype,GHSA-hh8m-fm6v-7cvg,Medium,/pnpm-lock.yaml,,@angular/compiler,20.3.26,20.3.28,npm,,Angular: Sanitization bypass via directive host bindings on concrete host elements in @angular/core and @angular/compiler,2.0
TanStack/virtual,grype,GHSA-hh8m-fm6v-7cvg,Medium,/pnpm-lock.yaml,,@angular/core,20.3.26,20.3.28,npm,,Angular: Sanitization bypass via directive host bindings on concrete host elements in @angular/core and @angular/compiler,2.0
TanStack/virtual,grype,GHSA-hj76-42vx-jwp4,High,/pnpm-lock.yaml,,seroval,1.3.2,1.4.1,npm,,seroval Affected by Prototype Pollution via JSON Deserialization,3.0
TanStack/virtual,grype,GHSA-hmw2-7cc7-3qxx,High,/pnpm-lock.yaml,,form-data,4.0.4,4.0.6,npm,,form-data: CRLF injection in form-data via unescaped multipart field names and filenames,3.0
TanStack/virtual,grype,GHSA-hp3w-g68c-fv3c,Medium,/pnpm-lock.yaml,,sprintf-js,1.0.3,,npm,,sprintf-js vulnerable to denial of service through unbounded precision specifiers,2.0
TanStack/virtual,grype,GHSA-hrr3-gc8f-f4qj,Medium,/pnpm-lock.yaml,,fast-uri,3.1.0,3.1.8,npm,,fast-uri vulnerable to inconsistent host case normalization via percent-encoded octets,2.0
TanStack/virtual,grype,GHSA-hrvq-x7jp-36xv,Medium,/pnpm-lock.yaml,,nx,22.1.3,22.7.10,npm,,Nx: Path traversal in nx migrate package-migrations extraction,2.0
TanStack/virtual,grype,GHSA-hx9m-jf43-8ffr,High,/pnpm-lock.yaml,,seroval,1.3.2,1.4.1,npm,,seroval affected by Denial of Service via RegExp serialization,3.0
TanStack/virtual,grype,GHSA-hxh3-vqpv-xpqv,Medium,/pnpm-lock.yaml,,hono,4.12.30,4.13.7,npm,,"hono/jsx renders plain strings unescaped in boundary components, leading to XSS",2.0
TanStack/virtual,grype,GHSA-j5f8-grm9-p9fc,High,/pnpm-lock.yaml,,axios,1.13.1,1.16.0,npm,,Axios: Proxy-Authorization header leaks to redirect target when proxy is re-evaluated to direct connection,3.0
TanStack/virtual,grype,GHSA-j6r3-76f7-8jcv,Medium,/pnpm-lock.yaml,,ip-address,10.2.0,10.7.1,npm,,"ip-address: isInSubnet() and isHostInSubnet() compare addresses of different families as if they shared an address space, allowing an allowlist check to admit an address outside its range",2.0
TanStack/virtual,grype,GHSA-j8rh-479h-cp32,Medium,/pnpm-lock.yaml,,axios,1.13.1,1.20.0,npm,,Axios: Header Injection via Inherited headers After Minimal Interceptor,2.0
TanStack/virtual,grype,GHSA-jhpw-976m-542j,High,/pnpm-lock.yaml,,@angular/common,20.3.26,20.3.27,npm,,Angular: Cache-Key Ambiguity in HttpTransferCache Leading to Cross-Request Response Reuse and State Poisoning,3.0
TanStack/virtual,grype,GHSA-jj27-h5hq-8x99,High,/pnpm-lock.yaml,,@angular/compiler,20.3.26,20.3.27,npm,,Angular i18n: Cross-Site Scripting (XSS) via event-handler attributes,3.0
TanStack/virtual,grype,GHSA-jj27-h5hq-8x99,High,/pnpm-lock.yaml,,@angular/core,20.3.26,20.3.27,npm,,Angular i18n: Cross-Site Scripting (XSS) via event-handler attributes,3.0
TanStack/virtual,grype,GHSA-jp82-f5mq-hwhp,High,/pnpm-lock.yaml,,seroval,1.3.2,1.6.3,npm,,Seroval: Memory exhaustion via unchecked TypedArray length in JSON deserialization,3.0
TanStack/virtual,grype,GHSA-jqcg-44mw-7w3h,Critical,/pnpm-lock.yaml,,proxy-addr,2.0.7,2.0.8,npm,,proxy-addr vulnerable to IP spoofing via IPv4-mapped IPv6 trust subnet,4.0
TanStack/virtual,grype,GHSA-jqff-g426-hqxp,High,/pnpm-lock.yaml,,fast-uri,3.1.0,3.1.6,npm,,fast-uri vulnerable to host confusion via percent-encoded scheme normalization,3.0
TanStack/virtual,grype,GHSA-jqh4-m9w3-8hp9,Medium,/pnpm-lock.yaml,,axios,1.13.1,1.18.0,npm,,Axios: Fetch adapter `ReadableStream` uploads bypass `maxBodyLength`,2.0
TanStack/virtual,grype,GHSA-jr45-8vmc-qm54,Medium,/pnpm-lock.yaml,,undici,7.16.0,7.29.0,npm,,undici vulnerable to cross-user information disclosure via whitespace around equals in Cache-Control directives,2.0
TanStack/virtual,grype,GHSA-m28w-2pqf-7qgj,Medium,/pnpm-lock.yaml,,webpack-dev-server,5.2.5,5.2.6,npm,,webpack-dev-server vulnerable to denial of service via a malformed Host or Origin header,2.0
TanStack/virtual,grype,GHSA-m56q-vw4c-c2cp,Medium,/pnpm-lock.yaml,,svelte,4.2.20,5.51.5,npm,,Svelte SSR does not validate dynamic element tag names in `<svelte:element>`,2.0
TanStack/virtual,grype,GHSA-m7pr-hjqh-92cm,Medium,/pnpm-lock.yaml,,axios,1.13.1,1.15.1,npm,,Axios: no_proxy bypass via IP alias allows SSRF,2.0
TanStack/virtual,grype,GHSA-m8rv-5g2x-5cg5,Medium,/pnpm-lock.yaml,,undici,6.27.0,6.28.0,npm,,undici vulnerable to CRLF Injection via blob-like body 'type' property,2.0
TanStack/virtual,grype,GHSA-m8rv-5g2x-5cg5,Medium,/pnpm-lock.yaml,,undici,7.16.0,7.29.0,npm,,undici vulnerable to CRLF Injection via blob-like body 'type' property,2.0
TanStack/virtual,grype,GHSA-mh29-5h37-fv8m,Medium,/pnpm-lock.yaml,,js-yaml,3.14.1,3.14.2,npm,,js-yaml has prototype pollution in merge (<<),2.0
TanStack/virtual,grype,GHSA-mh99-v99m-4gvg,High,/pnpm-lock.yaml,,brace-expansion,1.1.12,1.1.17,npm,,brace-expansion: DoS via unbounded expansion length causing an out-of-memory process crash,3.0
TanStack/virtual,grype,GHSA-mh99-v99m-4gvg,High,/pnpm-lock.yaml,,brace-expansion,2.0.2,2.1.3,npm,,brace-expansion: DoS via unbounded expansion length causing an out-of-memory process crash,3.0
TanStack/virtual,grype,GHSA-mh99-v99m-4gvg,High,/pnpm-lock.yaml,,brace-expansion,5.0.7,5.0.8,npm,,brace-expansion: DoS via unbounded expansion length causing an out-of-memory process crash,3.0
TanStack/virtual,grype,GHSA-mmx7-hfxf-jppx,Medium,/pnpm-lock.yaml,,axios,1.13.1,1.18.0,npm,,Axios: Prototype pollution gadgets can alter axios request construction,2.0
TanStack/virtual,grype,GHSA-mp7j-qc5w-4988,Medium,/pnpm-lock.yaml,,websocket-driver,0.7.4,0.7.5,npm,,websocket-driver: Resource limit bypass via message compression,2.0
TanStack/virtual,grype,GHSA-mv8w-475r-vwqw,Critical,/pnpm-lock.yaml,,seroval,1.3.2,1.5.3,npm,,seroval: `seroval.fromJSON()` Promise resolver type confusion invokes attacker-controlled methods during deserialization,4.0
TanStack/virtual,grype,GHSA-mwf2-3pr3-8698,Medium,/pnpm-lock.yaml,,axios,1.13.1,1.18.0,npm,,Axios: HTTP/2 streamed uploads bypass `maxBodyLength`,2.0
TanStack/virtual,grype,GHSA-mwp4-54f8-5fhr,High,/pnpm-lock.yaml,,ip-address,10.2.0,10.3.1,npm,,"ip-address: Address4 decodes leading-zero octets as decimal while resolvers decode them as octal, allowing SSRF and trust-boundary bypass",3.0
TanStack/virtual,grype,GHSA-p297-fm68-3q8c,Medium,/pnpm-lock.yaml,,@angular/common,20.3.26,20.3.28,npm,,Angular: Information Leak via `HttpTransferCache` Bypass When Using `withRequestsMadeViaParent`,2.0
TanStack/virtual,grype,GHSA-p498-v437-472g,Medium,/pnpm-lock.yaml,,@humanfs/node,0.16.7,0.16.8,npm,,humanfs: Recursive copy follows symlinked files and copies data from outside the source tree,2.0
TanStack/virtual,grype,GHSA-p6vx-979v-rg4c,Critical,/pnpm-lock.yaml,,seroval,1.3.2,1.6.2,npm,,Seroval: `fromJSON()` Promise thenable assimilation invokes plugin-produced callables (bypass of GHSA-mv8w-475r-vwqw),4.0
TanStack/virtual,grype,GHSA-p88m-4jfj-68fv,Medium,/pnpm-lock.yaml,,undici,7.16.0,7.28.0,npm,,undici vulnerable to HTTP header injection via Set-Cookie percent-decoding,2.0
TanStack/virtual,grype,GHSA-p92q-9vqr-4j8v,High,/pnpm-lock.yaml,,axios,1.13.1,1.16.0,npm,,Axios: Proxy-Authorization Credential Leak to Origin Server Across HTTP-to-HTTPS Redirect in Axios Node.js HTTP Adapter,3.0
TanStack/virtual,grype,GHSA-pf86-5x62-jrwf,High,/pnpm-lock.yaml,,axios,1.13.1,1.15.1,npm,,"Axios: Prototype Pollution Gadgets - Response Tampering, Data Exfiltration, and Request Hijacking",3.0
TanStack/virtual,grype,GHSA-ph9p-34f9-6g65,High,/pnpm-lock.yaml,,tmp,0.2.5,0.2.6,npm,,tmp has Path Traversal via unsanitized prefix/postfix that enables directory escape,3.0
TanStack/virtual,grype,GHSA-phwv-c562-gvmh,Medium,/pnpm-lock.yaml,,svelte,4.2.20,5.53.5,npm,,Svelte vulnerable to XSS during SSR with contenteditable `bind:innerText` and `bind:textContent`,2.0
TanStack/virtual,grype,GHSA-pmjh-fq2x-6v4x,Medium,/pnpm-lock.yaml,,undici,7.16.0,7.29.1,npm,,undici vulnerable to Denial of Service via orphaned RetryHandler response body,2.0
TanStack/virtual,grype,GHSA-pmv8-rq9r-6j72,Medium,/pnpm-lock.yaml,,axios,1.13.1,1.18.0,npm,,Axios: Deep formToJSON Key Recursion Can Cause Denial of Service,2.0
TanStack/virtual,grype,GHSA-pmwg-cvhr-8vh7,High,/pnpm-lock.yaml,,axios,1.13.1,1.15.1,npm,,Axios: Incomplete Fix for CVE-2025-62718 — NO_PROXY Protection Bypassed via RFC 1122 Loopback Subnet (127.0.0.0/8) in Axios 1.15.0,3.0
TanStack/virtual,grype,GHSA-pr6f-5x2q-rwfp,Medium,/pnpm-lock.yaml,,svelte,4.2.20,5.55.7,npm,,Svelte SSR vulnerable to cross-site scripting via spread attributes,2.0
TanStack/virtual,grype,GHSA-pr7r-676h-xcf6,Medium,/pnpm-lock.yaml,,undici,7.16.0,7.28.0,npm,,undici vulnerable to cross-user information disclosure via shared cache whitespace bypass,2.0
TanStack/virtual,grype,GHSA-q2hr-2g5m-vwhr,Medium,/pnpm-lock.yaml,,brace-expansion,1.1.12,1.1.21,npm,,"brace-expansion: Quadratic-time expansion of the `{a},b}` rewrite causes CPU denial of service",2.0
TanStack/virtual,grype,GHSA-q2hr-2g5m-vwhr,Medium,/pnpm-lock.yaml,,brace-expansion,2.0.2,2.1.7,npm,,"brace-expansion: Quadratic-time expansion of the `{a},b}` rewrite causes CPU denial of service",2.0
TanStack/virtual,grype,GHSA-q2hr-2g5m-vwhr,Medium,/pnpm-lock.yaml,,brace-expansion,5.0.7,5.0.12,npm,,"brace-expansion: Quadratic-time expansion of the `{a},b}` rewrite causes CPU denial of service",2.0
TanStack/virtual,grype,GHSA-q3j6-qgpj-74h6,High,/pnpm-lock.yaml,,fast-uri,3.1.0,3.1.1,npm,,fast-uri vulnerable to path traversal via percent-encoded dot segments,3.0
TanStack/virtual,grype,GHSA-q8qp-cvcw-x6jj,High,/pnpm-lock.yaml,,axios,1.13.1,1.15.2,npm,,Axios has prototype pollution read-side gadgets in HTTP adapter that allow credential injection and request hijacking,3.0
TanStack/virtual,grype,GHSA-qhr7-859c-m2p7,High,/pnpm-lock.yaml,,brace-expansion,1.1.12,1.1.20,npm,,brace-expansion: DoS via uncontrolled recursion on nested brace groups causing stack exhaustion,3.0
TanStack/virtual,grype,GHSA-qhr7-859c-m2p7,High,/pnpm-lock.yaml,,brace-expansion,2.0.2,2.1.6,npm,,brace-expansion: DoS via uncontrolled recursion on nested brace groups causing stack exhaustion,3.0
TanStack/virtual,grype,GHSA-qhr7-859c-m2p7,High,/pnpm-lock.yaml,,brace-expansion,5.0.7,5.0.11,npm,,brace-expansion: DoS via uncontrolled recursion on nested brace groups causing stack exhaustion,3.0
TanStack/virtual,grype,GHSA-qj83-cq47-w5f8,Medium,/pnpm-lock.yaml,,axios,1.13.1,1.13.2,npm,,Axios HTTP/2 Session Cleanup State Corruption Vulnerability,2.0
TanStack/virtual,grype,GHSA-qw65-cvwx-89v3,High,/pnpm-lock.yaml,,fast-uri,3.1.0,3.1.7,npm,,fast-uri vulnerable to authority injection via an unvalidated port in serialize,3.0
TanStack/virtual,grype,GHSA-qx2v-qp2m-jg93,Medium,/pnpm-lock.yaml,,postcss,8.5.6,8.5.10,npm,,PostCSS has XSS via Unescaped </style> in its CSS Stringify Output,2.0
TanStack/virtual,grype,GHSA-qxc2-j82w-r537,High,/pnpm-lock.yaml,,@faker-js/faker,8.4.1,10.5.0,npm,,Faker: helpers.fake exploitable into arbritary code execution,3.0
TanStack/virtual,grype,GHSA-r28c-9q8g-f849,High,/pnpm-lock.yaml,,postcss,8.5.12,8.5.18,npm,,PostCSS: Path Traversal in Previous Source Map Auto-Loading (sourceMappingURL) leads to Arbitrary .map File Disclosure,3.0
TanStack/virtual,grype,GHSA-r28c-9q8g-f849,High,/pnpm-lock.yaml,,postcss,8.5.6,8.5.18,npm,,PostCSS: Path Traversal in Previous Source Map Auto-Loading (sourceMappingURL) leads to Arbitrary .map File Disclosure,3.0
TanStack/virtual,grype,GHSA-r292-9mhp-454m,High,/pnpm-lock.yaml,,tar,7.5.13,7.5.21,npm,,node-tar: Uncontrolled recursion in mapHas/filesFilter allows uncatchable stack-overflow DoS via crafted long-path tar with member selection,3.0
TanStack/virtual,grype,GHSA-r4q5-vmmm-2653,Medium,/pnpm-lock.yaml,,follow-redirects,1.15.11,1.16.0,npm,,follow-redirects leaks Custom Authentication Headers to Cross-Domain Redirect Targets,2.0
TanStack/virtual,grype,GHSA-r4xh-jqrq-34v2,Medium,/pnpm-lock.yaml,,smol-toml,1.4.2,1.9.0,npm,,smol-toml: Quadratic-time parse() from parseKey rescanning to end of document on each key line,2.0
TanStack/virtual,grype,GHSA-r53p-7pc4-xj5r,Low,/pnpm-lock.yaml,,undici,6.27.0,6.28.1,npm,,undici vulnerable to downstream response splitting via retry interceptor,1.0
TanStack/virtual,grype,GHSA-r53p-7pc4-xj5r,Low,/pnpm-lock.yaml,,undici,7.16.0,7.29.1,npm,,undici vulnerable to downstream response splitting via retry interceptor,1.0
TanStack/virtual,grype,GHSA-r5fr-rjxr-66jc,High,/pnpm-lock.yaml,,lodash,4.17.21,4.18.0,npm,,lodash vulnerable to Code Injection via `_.template` imports key names,3.0
TanStack/virtual,grype,GHSA-rcqx-6q8c-2c42,Medium,/pnpm-lock.yaml,,svelte,4.2.20,5.55.7,npm,,Svelte Vulnerable to XSS via DOM Clobbering of Internal Framework State,2.0
TanStack/virtual,grype,GHSA-rf6f-7fwh-wjgh,High,/pnpm-lock.yaml,,flatted,3.3.3,3.4.2,npm,,Prototype Pollution via parse() in NodeJS flatted,3.0
TanStack/virtual,grype,GHSA-rfgv-xxqx-mfg5,High,/pnpm-lock.yaml,,undici,6.27.0,6.28.1,npm,,undici vulnerable to Denial of Service via unrequested WebSocket subprotocol,3.0
TanStack/virtual,grype,GHSA-rfgv-xxqx-mfg5,High,/pnpm-lock.yaml,,undici,7.16.0,7.29.1,npm,,undici vulnerable to Denial of Service via unrequested WebSocket subprotocol,3.0
TanStack/virtual,grype,GHSA-rgw5-rvv9-x895,High,/pnpm-lock.yaml,,brace-expansion,1.1.12,1.1.18,npm,,"brace-expansion: DoS via unbounded intermediate arrays, bypassing the CVE-2026-14257 mitigation",3.0
TanStack/virtual,grype,GHSA-rgw5-rvv9-x895,High,/pnpm-lock.yaml,,brace-expansion,2.0.2,2.1.4,npm,,"brace-expansion: DoS via unbounded intermediate arrays, bypassing the CVE-2026-14257 mitigation",3.0
TanStack/virtual,grype,GHSA-rgw5-rvv9-x895,High,/pnpm-lock.yaml,,brace-expansion,5.0.7,5.0.9,npm,,"brace-expansion: DoS via unbounded intermediate arrays, bypassing the CVE-2026-14257 mitigation",3.0
TanStack/virtual,grype,GHSA-rj75-hqrm-r3gf,Medium,/pnpm-lock.yaml,,postcss-selector-parser,7.1.0,7.1.6,npm,,PostCSS: Quadratic complexity in flat selector parsing allows CPU exhaustion,2.0
TanStack/virtual,grype,GHSA-rpw4-54j3-4h4q,Medium,/pnpm-lock.yaml,,ip-address,10.2.0,10.5.1,npm,,"ip-address: Address6.isLinkLocal() recognizes fe80::/64 rather than fe80::/10, allowing SSRF and trust-boundary bypass to on-link hosts",2.0
TanStack/virtual,grype,GHSA-rx4f-c7p8-82vq,Medium,/pnpm-lock.yaml,,undici,7.16.0,7.29.1,npm,,undici vulnerable to Denial of Service via WebSocketStream unclean close,2.0
TanStack/virtual,grype,GHSA-v2hh-gcrm-f6hx,High,/pnpm-lock.yaml,,fast-uri,3.1.0,3.1.4,npm,,fast-uri vulnerable to host confusion via literal backslash authority delimiter,3.0
TanStack/virtual,grype,GHSA-v39h-62p7-jpjc,High,/pnpm-lock.yaml,,fast-uri,3.1.0,3.1.2,npm,,fast-uri vulnerable to host confusion via percent-encoded authority delimiters,3.0
TanStack/virtual,grype,GHSA-v3r7-h72x-cjcm,Medium,/pnpm-lock.yaml,,undici,6.27.0,6.28.0,npm,,undici vulnerable to cookie attribute injection via unsanitized domain and unparsed setCookie fields,2.0
TanStack/virtual,grype,GHSA-v3r7-h72x-cjcm,Medium,/pnpm-lock.yaml,,undici,7.16.0,7.29.0,npm,,undici vulnerable to cookie attribute injection via unsanitized domain and unparsed setCookie fields,2.0
TanStack/virtual,grype,GHSA-v3rj-xjv7-4jmq,Medium,/pnpm-lock.yaml,,smol-toml,1.4.2,1.6.1,npm,,smol-toml: Denial of Service via TOML documents containing thousands of consecutive commented lines,2.0
TanStack/virtual,grype,GHSA-v56q-mh7h-f735,High,/pnpm-lock.yaml,,immutable,5.1.4,5.1.8,npm,,Immutable.js `List` 32-bit trie overflow → unrecoverable DoS,3.0
TanStack/virtual,grype,GHSA-v6wh-96g9-6wx3,Medium,/pnpm-lock.yaml,,launch-editor,2.12.0,2.14.1,npm,,launch-editor: NTLMv2 hash disclosure via UNC path handling on Windows,2.0
TanStack/virtual,grype,GHSA-v6wh-96g9-6wx3,Medium,/pnpm-lock.yaml,,vite,6.4.2,6.4.3,npm,,launch-editor: NTLMv2 hash disclosure via UNC path handling on Windows,2.0
TanStack/virtual,grype,GHSA-v9p9-hfj2-hcw8,High,/pnpm-lock.yaml,,undici,7.16.0,7.24.0,npm,,Undici has Unhandled Exception in WebSocket Client Due to Invalid server_max_window_bits Validation,3.0
TanStack/virtual,grype,GHSA-vc2v-76pw-4v95,High,/pnpm-lock.yaml,,compression,1.8.1,1.8.2,npm,,compression vulnerable to Denial of Service via memory leak on premature response close,3.0
TanStack/virtual,grype,GHSA-vf2m-468p-8v99,Medium,/pnpm-lock.yaml,,axios,1.13.1,1.15.1,npm,,Axios: HTTP adapter streamed responses bypass maxContentLength,2.0
TanStack/virtual,grype,GHSA-vfj7-8cjw-p6xm,High,/pnpm-lock.yaml,,braces,3.0.3,,npm,,braces vulnerable to stack-exhaustion denial of service through deeply nested patterns,3.0
TanStack/virtual,grype,GHSA-vh66-26gq-q6x8,Medium,/pnpm-lock.yaml,,axios,1.13.1,1.20.0,npm,,Axios: Prototype pollution gadget in fetch adapter can alter outbound requests,2.0
TanStack/virtual,grype,GHSA-vmf3-w455-68vh,Medium,/pnpm-lock.yaml,,tar,7.5.13,7.5.16,npm,,"node-tar applies PAX size override to intermediary GNU long-name/long-link headers, causing tar parser interpretation differential (file smuggling)",2.0
TanStack/virtual,grype,GHSA-vp3h-ghgh-jr7g,High,/pnpm-lock.yaml,,nx,22.1.3,22.7.7,npm,,Nx: Zip-Slip in the self-hosted remote cache,3.0
TanStack/virtual,grype,GHSA-vrm6-8vpv-qv8q,High,/pnpm-lock.yaml,,undici,7.16.0,7.24.0,npm,,Undici has Unbounded Memory Consumption in WebSocket permessage-deflate Decompression,3.0
TanStack/virtual,grype,GHSA-vxpw-j846-p89q,High,/pnpm-lock.yaml,,undici,7.16.0,7.28.0,npm,,undici WebSocket client vulnerable to denial of service via fragment count bypass,3.0
TanStack/virtual,grype,GHSA-w2vw-w76x-qr89,High,/pnpm-lock.yaml,,nx,22.1.3,22.7.8,npm,,Nx: OS command injection via git revisions and remote refs,3.0
TanStack/virtual,grype,GHSA-w3vv-58gj-gw77,High,/pnpm-lock.yaml,,nx,22.1.3,22.7.9,npm,,Nx daemon and plugin worker sockets are accessible to other local users,3.0
TanStack/virtual,grype,GHSA-w5hq-g745-h8pq,Medium,/pnpm-lock.yaml,,uuid,8.3.2,11.1.1,npm,,uuid: Missing buffer bounds check in v3/v5/v6 when buf is provided,2.0
TanStack/virtual,grype,GHSA-w5vr-8v7q-w6rv,Medium,/pnpm-lock.yaml,,baseline-browser-mapping,2.10.18,2.11.0,npm,,baseline-browser-mapping process termination on invalid input causes denial of service,2.0
TanStack/virtual,grype,GHSA-w7jw-789q-3m8p,Critical,/pnpm-lock.yaml,,shell-quote,1.8.3,1.8.4,npm,,shell-quote quote() does not escape newlines in object .op values,4.0
TanStack/virtual,grype,GHSA-w8wr-v893-vjvp,Medium,/pnpm-lock.yaml,,tar,7.5.13,7.5.18,npm,,node-tar: Process crash via PAX numeric path type confusion,2.0
TanStack/virtual,grype,GHSA-w9j2-pvgh-6h63,Medium,/pnpm-lock.yaml,,axios,1.13.1,1.15.1,npm,,Axios: Authentication Bypass via Prototype Pollution Gadget in `validateStatus` Merge Strategy,2.0
TanStack/virtual,grype,GHSA-w9m9-85wc-3x92,Low,/pnpm-lock.yaml,,postcss-selector-parser,7.1.0,7.1.3,npm,,postcss-selector-parser allows denial of service through uncontrolled AST recursion,1.0
TanStack/virtual,grype,GHSA-wf6x-7x77-mvgw,High,/pnpm-lock.yaml,,immutable,5.1.4,5.1.5,npm,,Immutable is vulnerable to Prototype Pollution,3.0
TanStack/virtual,grype,GHSA-x5fp-wj9c-mxmx,Medium,/pnpm-lock.yaml,,qs,6.15.3,6.16.0,npm,,qs array-limit bypass via bracket-key comma parsing,2.0
TanStack/virtual,grype,GHSA-xhjh-pmcv-23jw,Low,/pnpm-lock.yaml,,axios,1.13.1,1.15.1,npm,,Axios: Null Byte Injection via Reverse-Encoding in AxiosURLSearchParams,1.0
TanStack/virtual,grype,GHSA-xv26-6w52-cph6,Critical,/pnpm-lock.yaml,,websocket-driver,0.7.4,0.7.5,npm,,websocket-driver: Message corruption via abuse of protocol length headers,4.0
TanStack/virtual,grype,GHSA-xvcm-6775-5m9r,High,/pnpm-lock.yaml,,immutable,5.1.4,5.1.8,npm,,Immutable: Hash-collision algorithmic complexity denial of service in Immutable.Map/Set,3.0
TanStack/virtual,grype,GHSA-xwg4-73v4-xw9w,High,/pnpm-lock.yaml,,nanoid,3.3.11,3.3.12,npm,,nanoid: Integer Overflow or Wraparound,3.0
TanStack/virtual,grype,GHSA-xx6v-rp6x-q39c,Medium,/pnpm-lock.yaml,,axios,1.13.1,1.15.1,npm,,Axios: XSRF Token Cross-Origin Leakage via Prototype Pollution Gadget in `withXSRFToken` Boolean Coercion,2.0
TanStack/virtual,grype,GHSA-xxjr-mmjv-4gpg,Medium,/pnpm-lock.yaml,,lodash,4.17.21,4.17.23,npm,,Lodash has Prototype Pollution Vulnerability in `_.unset` and `_.omit` functions,2.0
TanStack/workflow,grype,GHSA-22p9-wv53-3rq4,High,/pnpm-lock.yaml,,linkify-it,5.0.0,5.0.1,npm,,LinkifyIt#match scan loop has quadratic algorithmic complexity,3.0
TanStack/workflow,grype,GHSA-23c5-xmqv-rm74,High,/pnpm-lock.yaml,,minimatch,10.1.1,10.2.3,npm,,minimatch ReDoS: nested *() extglobs generate catastrophically backtracking regular expressions,3.0
TanStack/workflow,grype,GHSA-23c5-xmqv-rm74,High,/pnpm-lock.yaml,,minimatch,9.0.5,9.0.7,npm,,minimatch ReDoS: nested *() extglobs generate catastrophically backtracking regular expressions,3.0
TanStack/workflow,grype,GHSA-253c-mchw-3w2r,Medium,/pnpm-lock.yaml,,markdown-it,14.1.0,14.3.1,npm,,"markdown-it linkify: true has two quadratic paths, so a few hundred KB of markdown blocks the event loop for tens of seconds",2.0
TanStack/workflow,grype,GHSA-25h7-pfq9-p65f,High,/pnpm-lock.yaml,,flatted,3.3.3,3.4.0,npm,,flatted vulnerable to unbounded recursion DoS in parse() revive phase,3.0
TanStack/workflow,grype,GHSA-2883-xcg3-v3hh,High,/pnpm-lock.yaml,,js-yaml,3.14.2,3.15.2,npm,,js-yaml: maxTotalMergeKeys does not limit CPU use for empty merge sources,3.0
TanStack/workflow,grype,GHSA-2883-xcg3-v3hh,High,/pnpm-lock.yaml,,js-yaml,4.1.1,4.3.2,npm,,js-yaml: maxTotalMergeKeys does not limit CPU use for empty merge sources,3.0
TanStack/workflow,grype,GHSA-28wg-ghj8-5hjv,High,/pnpm-lock.yaml,,nanoid,3.3.11,3.3.16,npm,,nanoid: non-secure generators can loop indefinitely with negative size,3.0
TanStack/workflow,grype,GHSA-28wg-ghj8-5hjv,High,/pnpm-lock.yaml,,nanoid,5.1.9,5.1.16,npm,,nanoid: non-secure generators can loop indefinitely with negative size,3.0
TanStack/workflow,grype,GHSA-2gqq-gqf2-x968,Low,/pnpm-lock.yaml,,undici,7.18.2,7.29.1,npm,,undici vulnerable to response truncation via oversized chunked responses in the dump interceptor,1.0
TanStack/workflow,grype,GHSA-2gqq-gqf2-x968,Low,/pnpm-lock.yaml,,undici,7.24.8,7.29.1,npm,,undici vulnerable to response truncation via oversized chunked responses in the dump interceptor,1.0
TanStack/workflow,grype,GHSA-2jfj-6hjv-fm6j,Medium,/pnpm-lock.yaml,,undici,7.18.2,7.29.1,npm,,undici vulnerable to cross-user cookie disclosure via Set-Cookie caching in shared caches,2.0
TanStack/workflow,grype,GHSA-2jfj-6hjv-fm6j,Medium,/pnpm-lock.yaml,,undici,7.24.8,7.29.1,npm,,undici vulnerable to cross-user cookie disclosure via Set-Cookie caching in shared caches,2.0
TanStack/workflow,grype,GHSA-2mjp-6q6p-2qxm,Medium,/pnpm-lock.yaml,,undici,7.18.2,7.24.0,npm,,Undici has an HTTP Request/Response Smuggling issue,2.0
TanStack/workflow,grype,GHSA-2v37-7h3g-55p8,High,/pnpm-lock.yaml,,nanoid,3.3.11,3.3.18,npm,,nanoid: custom generators can loop indefinitely when size is zero,3.0
TanStack/workflow,grype,GHSA-33hq-fvwr-56pm,Low,/pnpm-lock.yaml,,devalue,5.6.2,5.6.3,npm,,devalue affected by CPU and memory amplification from sparse arrays,1.0
TanStack/workflow,grype,GHSA-35jp-ww65-95wh,High,/pnpm-lock.yaml,,axios,1.15.0,1.16.0,npm,,axios Vulnerable to Full Man-in-the-Middle via Prototype Pollution Gadget in `config.proxy`,3.0
TanStack/workflow,grype,GHSA-35p6-xmwp-9g52,Low,/pnpm-lock.yaml,,undici,7.18.2,7.28.0,npm,,undici vulnerable to HTTP response queue poisoning via keep-alive socket reuse,1.0
TanStack/workflow,grype,GHSA-35p6-xmwp-9g52,Low,/pnpm-lock.yaml,,undici,7.24.8,7.28.0,npm,,undici vulnerable to HTTP response queue poisoning via keep-alive socket reuse,1.0
TanStack/workflow,grype,GHSA-38c4-r59v-3vqw,Medium,/pnpm-lock.yaml,,markdown-it,14.1.0,14.1.1,npm,,markdown-it is has a Regular Expression Denial of Service (ReDoS),2.0
TanStack/workflow,grype,GHSA-3g43-6gmg-66jw,High,/pnpm-lock.yaml,,axios,1.15.0,1.15.2,npm,,axios Vulnerable to Credential Theft and Response Hijacking via Prototype Pollution Gadget in Config Merge,3.0
TanStack/workflow,grype,GHSA-3jxr-9vmj-r5cp,High,/pnpm-lock.yaml,,brace-expansion,2.0.2,2.1.2,npm,,brace-expansion: DoS via exponential-time expansion of consecutive non-expanding {} groups,3.0
TanStack/workflow,grype,GHSA-3jxr-9vmj-r5cp,High,/pnpm-lock.yaml,,brace-expansion,5.0.2,5.0.7,npm,,brace-expansion: DoS via exponential-time expansion of consecutive non-expanding {} groups,3.0
TanStack/workflow,grype,GHSA-3jxr-9vmj-r5cp,High,/pnpm-lock.yaml,,brace-expansion,5.0.5,5.0.7,npm,,brace-expansion: DoS via exponential-time expansion of consecutive non-expanding {} groups,3.0
TanStack/workflow,grype,GHSA-3ppc-4f35-3m26,High,/pnpm-lock.yaml,,minimatch,10.1.1,10.2.1,npm,,minimatch has a ReDoS via repeated wildcards with non-matching literal in pattern,3.0
TanStack/workflow,grype,GHSA-3ppc-4f35-3m26,High,/pnpm-lock.yaml,,minimatch,9.0.5,9.0.6,npm,,minimatch has a ReDoS via repeated wildcards with non-matching literal in pattern,3.0
TanStack/workflow,grype,GHSA-3pq3-5fj3-cg6v,High,/pnpm-lock.yaml,,axios,1.15.0,1.20.0,npm,,Axios: HTTP/2 adapter bypasses configured DNS lookup and proxy controls,3.0
TanStack/workflow,grype,GHSA-3v7f-55p6-f55p,Medium,/pnpm-lock.yaml,,picomatch,2.3.1,2.3.2,npm,,Picomatch: Method Injection in POSIX Character Classes causes incorrect Glob Matching,2.0
TanStack/workflow,grype,GHSA-3v7f-55p6-f55p,Medium,/pnpm-lock.yaml,,picomatch,4.0.3,4.0.4,npm,,Picomatch: Method Injection in POSIX Character Classes causes incorrect Glob Matching,2.0
TanStack/workflow,grype,GHSA-3w6x-2g7m-8v23,Medium,/pnpm-lock.yaml,,axios,1.15.0,1.15.2,npm,,Axios: Invisible JSON Response Tampering via Prototype Pollution Gadget in `parseReviver`,2.0
TanStack/workflow,grype,GHSA-3xpg-4rpp-hhhm,Medium,/pnpm-lock.yaml,,undici,7.18.2,7.29.1,npm,,undici vulnerable to Denial of Service via unbounded decompression of compressed responses,2.0
TanStack/workflow,grype,GHSA-3xpg-4rpp-hhhm,Medium,/pnpm-lock.yaml,,undici,7.24.8,7.29.1,npm,,undici vulnerable to Denial of Service via unbounded decompression of compressed responses,2.0
TanStack/workflow,grype,GHSA-42h9-826w-cgv3,Medium,/pnpm-lock.yaml,,axios,1.15.0,1.18.0,npm,,Axios: Excessive recursion in formDataToJSON can cause denial of service,2.0
TanStack/workflow,grype,GHSA-445q-vr5w-6q77,Medium,/pnpm-lock.yaml,,axios,1.15.0,1.15.1,npm,,Axios: CRLF Injection in multipart/form-data body via unsanitized blob.type in formDataToStream,2.0
TanStack/workflow,grype,GHSA-44g4-m2mj-wpvx,Medium,/pnpm-lock.yaml,,axios,1.15.0,1.20.0,npm,,"Axios: CIDR-form NO_PROXY entries are ignored, causing proxy exclusion bypass for internal IP ranges",2.0
TanStack/workflow,grype,GHSA-48c2-rrv3-qjmp,Medium,/pnpm-lock.yaml,,yaml,2.8.0,2.8.3,npm,,yaml is vulnerable to Stack Overflow via deeply nested YAML collections,2.0
TanStack/workflow,grype,GHSA-48c2-rrv3-qjmp,Medium,/pnpm-lock.yaml,,yaml,2.8.2,2.8.3,npm,,yaml is vulnerable to Stack Overflow via deeply nested YAML collections,2.0
TanStack/workflow,grype,GHSA-4992-7rv2-5pvq,Medium,/pnpm-lock.yaml,,undici,7.18.2,7.24.0,npm,,Undici has CRLF Injection in undici via `upgrade` option,2.0
TanStack/workflow,grype,GHSA-4cwx-7wf7-3272,High,/pnpm-lock.yaml,,undici,7.18.2,7.29.0,npm,,undici vulnerable to cross-user information disclosure and parse-time crash via degenerate private cache directives,3.0
TanStack/workflow,grype,GHSA-4cwx-7wf7-3272,High,/pnpm-lock.yaml,,undici,7.24.8,7.29.0,npm,,undici vulnerable to cross-user information disclosure and parse-time crash via degenerate private cache directives,3.0
TanStack/workflow,grype,GHSA-4hqw-qxg8-jxx2,Medium,/pnpm-lock.yaml,,axios,1.15.0,1.20.0,npm,,Axios: Fetch Adapter Header Injection via Inherited FormData getHeaders,2.0
TanStack/workflow,grype,GHSA-4q55-j62x-fr9h,Medium,/pnpm-lock.yaml,,devalue,5.6.2,5.9.3,npm,,devalue: Malformed null-prototype object keys bypass __proto__ rejection via property-key coercion,2.0
TanStack/workflow,grype,GHSA-52cp-r559-cp3m,High,/pnpm-lock.yaml,,js-yaml,3.14.2,3.15.0,npm,,js-yaml: YAML merge-key chains can force quadratic CPU consumption,3.0
TanStack/workflow,grype,GHSA-52cp-r559-cp3m,High,/pnpm-lock.yaml,,js-yaml,4.1.1,4.3.0,npm,,js-yaml: YAML merge-key chains can force quadratic CPU consumption,3.0
TanStack/workflow,grype,GHSA-542g-h47m-68v8,High,/pnpm-lock.yaml,,axios,1.15.0,1.20.0,npm,,Axios: Denial of Service via Unhandled 'error' Event in HTTP/2 ClientHttp2Session Initialization,3.0
TanStack/workflow,grype,GHSA-58qx-3vcg-4xpx,Medium,/pnpm-lock.yaml,,ws,8.19.0,8.20.1,npm,,ws: Uninitialized memory disclosure,2.0
TanStack/workflow,grype,GHSA-5c9x-8gcm-mpgx,Medium,/pnpm-lock.yaml,,axios,1.15.0,1.15.1,npm,,Axios' HTTP adapter-streamed uploads bypass maxBodyLength when maxRedirects: 0,2.0
TanStack/workflow,grype,GHSA-5p4m-2wfm-xmqj,High,/pnpm-lock.yaml,,js-yaml,3.14.2,3.15.1,npm,,JS-YAML: Quadratic CPU consumption in !!omap resolution (3.x and 4.x) — CVE-2026-59870 fix not backported,3.0
TanStack/workflow,grype,GHSA-5p4m-2wfm-xmqj,High,/pnpm-lock.yaml,,js-yaml,4.1.1,4.3.1,npm,,JS-YAML: Quadratic CPU consumption in !!omap resolution (3.x and 4.x) — CVE-2026-59870 fix not backported,3.0
TanStack/workflow,grype,GHSA-62hf-57xw-28j9,Medium,/pnpm-lock.yaml,,axios,1.15.0,1.15.1,npm,,Axios: unbounded recursion in toFormData causes DoS via deeply nested request data,2.0
TanStack/workflow,grype,GHSA-68fv-2mgg-jv7q,High,/pnpm-lock.yaml,,source-map-js,1.2.1,1.2.2,npm,,source-map-js allows event-loop denial of service through indexed source-map section offsets,3.0
TanStack/workflow,grype,GHSA-6chq-wfr3-2hj9,High,/pnpm-lock.yaml,,axios,1.15.0,1.15.1,npm,,Axios: Header Injection via Prototype Pollution,3.0
TanStack/workflow,grype,GHSA-6g55-p6wh-862q,High,/pnpm-lock.yaml,,postcss,8.5.10,8.5.12,npm,,PostCSS: Arbitrary file read and information disclosure via attacker-controlled sourceMappingURL in CSS comments,3.0
TanStack/workflow,grype,GHSA-6j4f-fj2g-mc7p,High,/pnpm-lock.yaml,,brace-expansion,2.0.2,2.1.5,npm,,brace-expansion: DoS via uncontrolled recursion in parseCommaParts causing stack exhaustion,3.0
TanStack/workflow,grype,GHSA-6j4f-fj2g-mc7p,High,/pnpm-lock.yaml,,brace-expansion,5.0.2,5.0.10,npm,,brace-expansion: DoS via uncontrolled recursion in parseCommaParts causing stack exhaustion,3.0
TanStack/workflow,grype,GHSA-6j4f-fj2g-mc7p,High,/pnpm-lock.yaml,,brace-expansion,5.0.5,5.0.10,npm,,brace-expansion: DoS via uncontrolled recursion in parseCommaParts causing stack exhaustion,3.0
TanStack/workflow,grype,GHSA-6v5v-wf23-fmfq,Medium,/pnpm-lock.yaml,,markdown-it,14.1.0,14.2.0,npm,,markdown-it: Quadratic complexity DoS in smartquotes rule via replaceAt string operations,2.0
TanStack/workflow,grype,GHSA-777c-7fjr-54vf,High,/pnpm-lock.yaml,,axios,1.15.0,1.16.0,npm,,Allocation of Resources Without Limits or Throttling in Axios,3.0
TanStack/workflow,grype,GHSA-7h2j-956f-4vf2,High,/pnpm-lock.yaml,,@isaacs/brace-expansion,5.0.0,5.0.1,npm,,@isaacs/brace-expansion has Uncontrolled Resource Consumption,3.0
TanStack/workflow,grype,GHSA-7q8q-rj6j-mhjq,Medium,/pnpm-lock.yaml,,axios,1.15.0,1.18.0,npm,,Axios: Nested axios option objects can consume polluted prototype values,2.0
TanStack/workflow,grype,GHSA-7r86-cg39-jmmj,High,/pnpm-lock.yaml,,minimatch,10.1.1,10.2.3,npm,,minimatch has ReDoS: matchOne() combinatorial backtracking via multiple non-adjacent GLOBSTAR segments,3.0
TanStack/workflow,grype,GHSA-7r86-cg39-jmmj,High,/pnpm-lock.yaml,,minimatch,9.0.5,9.0.7,npm,,minimatch has ReDoS: matchOne() combinatorial backtracking via multiple non-adjacent GLOBSTAR segments,3.0
TanStack/workflow,grype,GHSA-7w5x-hrqm-74c2,High,/pnpm-lock.yaml,,smol-toml,1.6.1,1.7.1,npm,,smol-toml: Denial of Service via malformed TOML documents,3.0
TanStack/workflow,grype,GHSA-82fw-gwwq-j7x9,Medium,/pnpm-lock.yaml,,@vitest/mocker,4.1.5,4.1.11,npm,,Vitest: Path Traversal / Arbitrary File Read via @vitest/mocker Redirect Mock,2.0
TanStack/workflow,grype,GHSA-82fw-gwwq-j7x9,Medium,/pnpm-lock.yaml,,vitest,4.1.5,4.1.11,npm,,Vitest: Path Traversal / Arbitrary File Read via @vitest/mocker Redirect Mock,2.0
TanStack/workflow,grype,GHSA-8436-99hf-9mmv,Low,/pnpm-lock.yaml,,undici,7.18.2,7.29.1,npm,,undici vulnerable to caching and replay of unsafe HTTP method responses,1.0
TanStack/workflow,grype,GHSA-8436-99hf-9mmv,Low,/pnpm-lock.yaml,,undici,7.24.8,7.29.1,npm,,undici vulnerable to caching and replay of unsafe HTTP method responses,1.0
TanStack/workflow,grype,GHSA-898c-q2cr-xwhg,Medium,/pnpm-lock.yaml,,axios,1.15.0,1.16.0,npm,,axios has DoS & Header Injection via Prototype Pollution Read-Side Gadgets in axios merge functions,2.0
TanStack/workflow,grype,GHSA-8qm3-746x-r74r,Low,/pnpm-lock.yaml,,devalue,5.6.2,5.6.3,npm,,devalue `uneval`ed code can create objects with polluted prototypes when `eval`ed,1.0
TanStack/workflow,grype,GHSA-8xcm-r25x-g524,Medium,/pnpm-lock.yaml,,undici,7.18.2,7.29.0,npm,,undici vulnerable to downstream response desynchronization via retry interceptor,2.0
TanStack/workflow,grype,GHSA-8xcm-r25x-g524,Medium,/pnpm-lock.yaml,,undici,7.24.8,7.29.0,npm,,undici vulnerable to downstream response desynchronization via retry interceptor,2.0
TanStack/workflow,grype,GHSA-96hv-2xvq-fx4p,High,/pnpm-lock.yaml,,ws,8.19.0,8.21.0,npm,,ws: Memory exhaustion DoS from tiny fragments and data chunks,3.0
TanStack/workflow,grype,GHSA-96hv-2xvq-fx4p,High,/pnpm-lock.yaml,,ws,8.20.1,8.21.0,npm,,ws: Memory exhaustion DoS from tiny fragments and data chunks,3.0
TanStack/workflow,grype,GHSA-9fr6-4gfg-395g,Medium,/pnpm-lock.yaml,,axios,1.15.0,1.20.0,npm,,Axios: Prototype-Pollution Gadget in the Default Instance Allows Inherited Object.prototype.method to Override HTTP Method,2.0
TanStack/workflow,grype,GHSA-9rgm-9g3h-6x36,Medium,/pnpm-lock.yaml,,devalue,5.6.2,5.9.2,npm,,Svelte devalue: DoS via malformed input,2.0
TanStack/workflow,grype,GHSA-c2c7-rcm5-vvqj,High,/pnpm-lock.yaml,,picomatch,2.3.1,2.3.2,npm,,Picomatch has a ReDoS vulnerability via extglob quantifiers,3.0
TanStack/workflow,grype,GHSA-c2c7-rcm5-vvqj,High,/pnpm-lock.yaml,,picomatch,4.0.3,4.0.4,npm,,Picomatch has a ReDoS vulnerability via extglob quantifiers,3.0
TanStack/workflow,grype,GHSA-cfw5-2vxh-hr84,Medium,/pnpm-lock.yaml,,devalue,5.6.2,5.6.4,npm,,devalue has prototype pollution in devalue.parse and devalue.unflatten,2.0
TanStack/workflow,grype,GHSA-crpf-4hrx-3jrp,Medium,/pnpm-lock.yaml,,svelte,5.46.4,5.51.5,npm,,Svelte SSR attribute spreading includes inherited properties from prototype chain,2.0
TanStack/workflow,grype,GHSA-f269-vfmq-vjvj,High,/pnpm-lock.yaml,,undici,7.18.2,7.24.0,npm,,Undici: Malicious WebSocket 64-bit length overflows parser and crashes the client,3.0
TanStack/workflow,grype,GHSA-f3cj-j4f6-wq85,Medium,/pnpm-lock.yaml,,svelte,5.46.4,5.55.7,npm,,Svelte: SSR XSS via Insecure Promise Serialization in hydratable,2.0
TanStack/workflow,grype,GHSA-f4gw-2p7v-4548,Medium,/pnpm-lock.yaml,,axios,1.15.0,1.18.0,npm,,Axios: NO_PROXY bypass for 0.0.0.0 local addresses in axios,2.0
TanStack/workflow,grype,GHSA-f7gr-6p89-r883,Medium,/pnpm-lock.yaml,,svelte,5.46.4,5.51.5,npm,,Svelte affected by cross-site scripting via spread attributes in Svelte SSR,2.0
TanStack/workflow,grype,GHSA-f886-m6hf-6m8v,Medium,/pnpm-lock.yaml,,brace-expansion,2.0.2,2.0.3,npm,,brace-expansion: Zero-step sequence causes process hang and memory exhaustion,2.0
TanStack/workflow,grype,GHSA-f886-m6hf-6m8v,Medium,/pnpm-lock.yaml,,brace-expansion,5.0.2,5.0.5,npm,,brace-expansion: Zero-step sequence causes process hang and memory exhaustion,2.0
TanStack/workflow,grype,GHSA-f88m-g3jw-g9cj,High,/pnpm-lock.yaml,,sharp,0.34.5,0.35.0,npm,,"sharp inherited vulnerabilities in libvips: CVE-2026-33327, CVE-2026-33328, CVE-2026-35590, CVE-2026-35591",3.0
TanStack/workflow,grype,GHSA-fx2h-pf6j-xcff,High,/pnpm-lock.yaml,,vite,8.0.10,8.0.16,npm,,vite: `server.fs.deny` bypass on Windows alternate paths,3.0
TanStack/workflow,grype,GHSA-fxqj-rqcc-2cmp,Medium,/pnpm-lock.yaml,,postcss,8.5.10,8.5.23,npm,,PostCSS: incomplete fix of GHSA-6g55-p6wh-862q — attacker-controlled sourceMappingURL reads arbitrary .map files when `from` is unset,2.0
TanStack/workflow,grype,GHSA-g2r8-wvmj-jf5w,Medium,/pnpm-lock.yaml,,nx,22.7.0,22.7.2,npm,,`nx graph` dev server permissive CORS policy,2.0
TanStack/workflow,grype,GHSA-g7r4-m6w7-qqqr,Low,/pnpm-lock.yaml,,esbuild,0.27.3,0.28.1,npm,,esbuild allows arbitrary file read when running the development server on Windows,1.0
TanStack/workflow,grype,GHSA-g7r4-m6w7-qqqr,Low,/pnpm-lock.yaml,,esbuild,0.28.0,0.28.1,npm,,esbuild allows arbitrary file read when running the development server on Windows,1.0
TanStack/workflow,grype,GHSA-g8m3-5g58-fq7m,Low,/pnpm-lock.yaml,,undici,7.18.2,7.28.0,npm,,undici vulnerable to Set-Cookie SameSite attribute downgrade via permissive substring matching,1.0
TanStack/workflow,grype,GHSA-g8m3-5g58-fq7m,Low,/pnpm-lock.yaml,,undici,7.24.8,7.28.0,npm,,undici vulnerable to Set-Cookie SameSite attribute downgrade via permissive substring matching,1.0
TanStack/workflow,grype,GHSA-h67p-54hq-rp68,Medium,/pnpm-lock.yaml,,js-yaml,3.14.2,3.15.0,npm,,JS-YAML: Quadratic-complexity DoS in merge key handling via repeated aliases,2.0
TanStack/workflow,grype,GHSA-h67p-54hq-rp68,Medium,/pnpm-lock.yaml,,js-yaml,4.1.1,4.2.0,npm,,JS-YAML: Quadratic-complexity DoS in merge key handling via repeated aliases,2.0
TanStack/workflow,grype,GHSA-h7h7-mm68-gmrc,Medium,/pnpm-lock.yaml,,svelte,5.46.4,5.51.5,npm,,Svelte affected by XSS in SSR `<option>` element,2.0
TanStack/workflow,grype,GHSA-hfxv-24rg-xrqf,High,/pnpm-lock.yaml,,axios,1.15.0,1.16.0,npm,,Axios: Regular Expression Denial of Service (ReDoS) via Cookie Name Injection,3.0
TanStack/workflow,grype,GHSA-hm92-r4w5-c3mj,High,/pnpm-lock.yaml,,undici,7.24.8,7.28.0,npm,,undici vulnerable to cross-origin request routing via SOCKS5 proxy pool reuse,3.0
TanStack/workflow,grype,GHSA-hmw2-7cc7-3qxx,High,/pnpm-lock.yaml,,form-data,4.0.5,4.0.6,npm,,form-data: CRLF injection in form-data via unescaped multipart field names and filenames,3.0
TanStack/workflow,grype,GHSA-hp3w-g68c-fv3c,Medium,/pnpm-lock.yaml,,sprintf-js,1.0.3,,npm,,sprintf-js vulnerable to denial of service through unbounded precision specifiers,2.0
TanStack/workflow,grype,GHSA-hrvq-x7jp-36xv,Medium,/pnpm-lock.yaml,,nx,22.7.0,22.7.10,npm,,Nx: Path traversal in nx migrate package-migrations extraction,2.0
TanStack/workflow,grype,GHSA-hx4r-w6wj-j8fg,Medium,/pnpm-lock.yaml,,devalue,5.6.2,5.9.3,npm,,devalue: Residual sparse-array CPU amplification in uneval,2.0
TanStack/workflow,grype,GHSA-j22f-vq7h-c4qm,High,/pnpm-lock.yaml,,devalue,5.6.2,5.9.3,npm,,devalue: `stringify`/`uneval` serialize shared memory,3.0
TanStack/workflow,grype,GHSA-j5f8-grm9-p9fc,High,/pnpm-lock.yaml,,axios,1.15.0,1.16.0,npm,,Axios: Proxy-Authorization header leaks to redirect target when proxy is re-evaluated to direct connection,3.0
TanStack/workflow,grype,GHSA-j8rh-479h-cp32,Medium,/pnpm-lock.yaml,,axios,1.15.0,1.20.0,npm,,Axios: Header Injection via Inherited headers After Minimal Interceptor,2.0
TanStack/workflow,grype,GHSA-jqh4-m9w3-8hp9,Medium,/pnpm-lock.yaml,,axios,1.15.0,1.18.0,npm,,Axios: Fetch adapter `ReadableStream` uploads bypass `maxBodyLength`,2.0
TanStack/workflow,grype,GHSA-jr45-8vmc-qm54,Medium,/pnpm-lock.yaml,,undici,7.18.2,7.29.0,npm,,undici vulnerable to cross-user information disclosure via whitespace around equals in Cache-Control directives,2.0
TanStack/workflow,grype,GHSA-jr45-8vmc-qm54,Medium,/pnpm-lock.yaml,,undici,7.24.8,7.29.0,npm,,undici vulnerable to cross-user information disclosure via whitespace around equals in Cache-Control directives,2.0
TanStack/workflow,grype,GHSA-jxxr-4gwj-5jf2,Medium,/pnpm-lock.yaml,,brace-expansion,5.0.2,5.0.6,npm,,brace-expansion: Large numeric range defeats documented `max` DoS protection,2.0
TanStack/workflow,grype,GHSA-jxxr-4gwj-5jf2,Medium,/pnpm-lock.yaml,,brace-expansion,5.0.5,5.0.6,npm,,brace-expansion: Large numeric range defeats documented `max` DoS protection,2.0
TanStack/workflow,grype,GHSA-m56q-vw4c-c2cp,Medium,/pnpm-lock.yaml,,svelte,5.46.4,5.51.5,npm,,Svelte SSR does not validate dynamic element tag names in `<svelte:element>`,2.0
TanStack/workflow,grype,GHSA-m7pr-hjqh-92cm,Medium,/pnpm-lock.yaml,,axios,1.15.0,1.15.1,npm,,Axios: no_proxy bypass via IP alias allows SSRF,2.0
TanStack/workflow,grype,GHSA-m8rv-5g2x-5cg5,Medium,/pnpm-lock.yaml,,undici,7.18.2,7.29.0,npm,,undici vulnerable to CRLF Injection via blob-like body 'type' property,2.0
TanStack/workflow,grype,GHSA-m8rv-5g2x-5cg5,Medium,/pnpm-lock.yaml,,undici,7.24.8,7.29.0,npm,,undici vulnerable to CRLF Injection via blob-like body 'type' property,2.0
TanStack/workflow,grype,GHSA-mcm9-63f2-9j32,High,/pnpm-lock.yaml,,devalue,5.6.2,5.9.3,npm,,devalue: Repeated primitive strings cause quadratic expansion in uneval,3.0
TanStack/workflow,grype,GHSA-mghh-pgcx-3jjj,High,/pnpm-lock.yaml,,axios,1.15.0,1.20.0,npm,,"Axios: ReDoS (O(N²)) in shouldBypassProxy host normalization, reachable via untrusted redirect Location",3.0
TanStack/workflow,grype,GHSA-mh99-v99m-4gvg,High,/pnpm-lock.yaml,,brace-expansion,2.0.2,2.1.3,npm,,brace-expansion: DoS via unbounded expansion length causing an out-of-memory process crash,3.0
TanStack/workflow,grype,GHSA-mh99-v99m-4gvg,High,/pnpm-lock.yaml,,brace-expansion,5.0.2,5.0.8,npm,,brace-expansion: DoS via unbounded expansion length causing an out-of-memory process crash,3.0
TanStack/workflow,grype,GHSA-mh99-v99m-4gvg,High,/pnpm-lock.yaml,,brace-expansion,5.0.5,5.0.8,npm,,brace-expansion: DoS via unbounded expansion length causing an out-of-memory process crash,3.0
TanStack/workflow,grype,GHSA-mmx7-hfxf-jppx,Medium,/pnpm-lock.yaml,,axios,1.15.0,1.18.0,npm,,Axios: Prototype pollution gadgets can alter axios request construction,2.0
TanStack/workflow,grype,GHSA-mwf2-3pr3-8698,Medium,/pnpm-lock.yaml,,axios,1.15.0,1.18.0,npm,,Axios: HTTP/2 streamed uploads bypass `maxBodyLength`,2.0
TanStack/workflow,grype,GHSA-mwv9-gp5h-frr4,Low,/pnpm-lock.yaml,,devalue,5.6.2,5.6.4,npm,,Sveltejs devalue's `devalue.parse` and `devalue.unflatten` emit objects with `__proto__` own properties,1.0
TanStack/workflow,grype,GHSA-p498-v437-472g,Medium,/pnpm-lock.yaml,,@humanfs/node,0.16.7,0.16.8,npm,,humanfs: Recursive copy follows symlinked files and copies data from outside the source tree,2.0
TanStack/workflow,grype,GHSA-p88m-4jfj-68fv,Medium,/pnpm-lock.yaml,,undici,7.18.2,7.28.0,npm,,undici vulnerable to HTTP header injection via Set-Cookie percent-decoding,2.0
TanStack/workflow,grype,GHSA-p88m-4jfj-68fv,Medium,/pnpm-lock.yaml,,undici,7.24.8,7.28.0,npm,,undici vulnerable to HTTP header injection via Set-Cookie percent-decoding,2.0
TanStack/workflow,grype,GHSA-p92q-9vqr-4j8v,High,/pnpm-lock.yaml,,axios,1.15.0,1.16.0,npm,,Axios: Proxy-Authorization Credential Leak to Origin Server Across HTTP-to-HTTPS Redirect in Axios Node.js HTTP Adapter,3.0
TanStack/workflow,grype,GHSA-pf86-5x62-jrwf,High,/pnpm-lock.yaml,,axios,1.15.0,1.15.1,npm,,"Axios: Prototype Pollution Gadgets - Response Tampering, Data Exfiltration, and Request Hijacking",3.0
TanStack/workflow,grype,GHSA-ph9p-34f9-6g65,High,/pnpm-lock.yaml,,tmp,0.2.4,0.2.6,npm,,tmp has Path Traversal via unsanitized prefix/postfix that enables directory escape,3.0
TanStack/workflow,grype,GHSA-phc3-fgpg-7m6h,Medium,/pnpm-lock.yaml,,undici,7.18.2,7.24.0,npm,,Undici has Unbounded Memory Consumption in its DeduplicationHandler via Response Buffering that leads to DoS,2.0
TanStack/workflow,grype,GHSA-phwv-c562-gvmh,Medium,/pnpm-lock.yaml,,svelte,5.46.4,5.53.5,npm,,Svelte vulnerable to XSS during SSR with contenteditable `bind:innerText` and `bind:textContent`,2.0
TanStack/workflow,grype,GHSA-pjwm-pj3p-43mv,High,/pnpm-lock.yaml,,axios,1.15.0,1.16.0,npm,,"axios's shouldBypassProxy does not recognize IPv4-mapped IPv6 addresses, allowing NO_PROXY bypass (incomplete fix for CVE-2025-62718)",3.0
TanStack/workflow,grype,GHSA-pmjh-fq2x-6v4x,Medium,/pnpm-lock.yaml,,undici,7.18.2,7.29.1,npm,,undici vulnerable to Denial of Service via orphaned RetryHandler response body,2.0
TanStack/workflow,grype,GHSA-pmjh-fq2x-6v4x,Medium,/pnpm-lock.yaml,,undici,7.24.8,7.29.1,npm,,undici vulnerable to Denial of Service via orphaned RetryHandler response body,2.0
TanStack/workflow,grype,GHSA-pmv8-rq9r-6j72,Medium,/pnpm-lock.yaml,,axios,1.15.0,1.18.0,npm,,Axios: Deep formToJSON Key Recursion Can Cause Denial of Service,2.0
TanStack/workflow,grype,GHSA-pmwg-cvhr-8vh7,High,/pnpm-lock.yaml,,axios,1.15.0,1.15.1,npm,,Axios: Incomplete Fix for CVE-2025-62718 — NO_PROXY Protection Bypassed via RFC 1122 Loopback Subnet (127.0.0.0/8) in Axios 1.15.0,3.0
TanStack/workflow,grype,GHSA-pr6f-5x2q-rwfp,Medium,/pnpm-lock.yaml,,svelte,5.46.4,5.55.7,npm,,Svelte SSR vulnerable to cross-site scripting via spread attributes,2.0
TanStack/workflow,grype,GHSA-pr7r-676h-xcf6,Medium,/pnpm-lock.yaml,,undici,7.18.2,7.28.0,npm,,undici vulnerable to cross-user information disclosure via shared cache whitespace bypass,2.0
TanStack/workflow,grype,GHSA-pr7r-676h-xcf6,Medium,/pnpm-lock.yaml,,undici,7.24.8,7.28.0,npm,,undici vulnerable to cross-user information disclosure via shared cache whitespace bypass,2.0
TanStack/workflow,grype,GHSA-q2hr-2g5m-vwhr,Medium,/pnpm-lock.yaml,,brace-expansion,2.0.2,2.1.7,npm,,"brace-expansion: Quadratic-time expansion of the `{a},b}` rewrite causes CPU denial of service",2.0
TanStack/workflow,grype,GHSA-q2hr-2g5m-vwhr,Medium,/pnpm-lock.yaml,,brace-expansion,5.0.2,5.0.12,npm,,"brace-expansion: Quadratic-time expansion of the `{a},b}` rewrite causes CPU denial of service",2.0
TanStack/workflow,grype,GHSA-q2hr-2g5m-vwhr,Medium,/pnpm-lock.yaml,,brace-expansion,5.0.5,5.0.12,npm,,"brace-expansion: Quadratic-time expansion of the `{a},b}` rewrite causes CPU denial of service",2.0
TanStack/workflow,grype,GHSA-q8qp-cvcw-x6jj,High,/pnpm-lock.yaml,,axios,1.15.0,1.15.2,npm,,Axios has prototype pollution read-side gadgets in HTTP adapter that allow credential injection and request hijacking,3.0
TanStack/workflow,grype,GHSA-qhr7-859c-m2p7,High,/pnpm-lock.yaml,,brace-expansion,2.0.2,2.1.6,npm,,brace-expansion: DoS via uncontrolled recursion on nested brace groups causing stack exhaustion,3.0
TanStack/workflow,grype,GHSA-qhr7-859c-m2p7,High,/pnpm-lock.yaml,,brace-expansion,5.0.2,5.0.11,npm,,brace-expansion: DoS via uncontrolled recursion on nested brace groups causing stack exhaustion,3.0
TanStack/workflow,grype,GHSA-qhr7-859c-m2p7,High,/pnpm-lock.yaml,,brace-expansion,5.0.5,5.0.11,npm,,brace-expansion: DoS via uncontrolled recursion on nested brace groups causing stack exhaustion,3.0
TanStack/workflow,grype,GHSA-qxc2-j82w-r537,High,/pnpm-lock.yaml,,@faker-js/faker,10.4.0,10.5.0,npm,,Faker: helpers.fake exploitable into arbritary code execution,3.0
TanStack/workflow,grype,GHSA-r28c-9q8g-f849,High,/pnpm-lock.yaml,,postcss,8.5.10,8.5.18,npm,,PostCSS: Path Traversal in Previous Source Map Auto-Loading (sourceMappingURL) leads to Arbitrary .map File Disclosure,3.0
TanStack/workflow,grype,GHSA-r4q5-vmmm-2653,Medium,/pnpm-lock.yaml,,follow-redirects,1.15.11,1.16.0,npm,,follow-redirects leaks Custom Authentication Headers to Cross-Domain Redirect Targets,2.0
TanStack/workflow,grype,GHSA-r4xh-jqrq-34v2,Medium,/pnpm-lock.yaml,,smol-toml,1.6.1,1.9.0,npm,,smol-toml: Quadratic-time parse() from parseKey rescanning to end of document on each key line,2.0
TanStack/workflow,grype,GHSA-r53p-7pc4-xj5r,Low,/pnpm-lock.yaml,,undici,7.18.2,7.29.1,npm,,undici vulnerable to downstream response splitting via retry interceptor,1.0
TanStack/workflow,grype,GHSA-r53p-7pc4-xj5r,Low,/pnpm-lock.yaml,,undici,7.24.8,7.29.1,npm,,undici vulnerable to downstream response splitting via retry interceptor,1.0
TanStack/workflow,grype,GHSA-rcqx-6q8c-2c42,Medium,/pnpm-lock.yaml,,svelte,5.46.4,5.55.7,npm,,Svelte Vulnerable to XSS via DOM Clobbering of Internal Framework State,2.0
TanStack/workflow,grype,GHSA-rf6f-7fwh-wjgh,High,/pnpm-lock.yaml,,flatted,3.3.3,3.4.2,npm,,Prototype Pollution via parse() in NodeJS flatted,3.0
TanStack/workflow,grype,GHSA-rfgv-xxqx-mfg5,High,/pnpm-lock.yaml,,undici,7.18.2,7.29.1,npm,,undici vulnerable to Denial of Service via unrequested WebSocket subprotocol,3.0
TanStack/workflow,grype,GHSA-rfgv-xxqx-mfg5,High,/pnpm-lock.yaml,,undici,7.24.8,7.29.1,npm,,undici vulnerable to Denial of Service via unrequested WebSocket subprotocol,3.0
TanStack/workflow,grype,GHSA-rgj7-g3m4-5g8c,High,/pnpm-lock.yaml,,sharp,0.34.5,0.35.4,npm,,sharp: Vulnerabilities in libheif: GHSA-g89c-p67h-r497 and GHSA-2jg2-4ch7-h545,3.0
TanStack/workflow,grype,GHSA-rgw5-rvv9-x895,High,/pnpm-lock.yaml,,brace-expansion,2.0.2,2.1.4,npm,,"brace-expansion: DoS via unbounded intermediate arrays, bypassing the CVE-2026-14257 mitigation",3.0
TanStack/workflow,grype,GHSA-rgw5-rvv9-x895,High,/pnpm-lock.yaml,,brace-expansion,5.0.2,5.0.9,npm,,"brace-expansion: DoS via unbounded intermediate arrays, bypassing the CVE-2026-14257 mitigation",3.0
TanStack/workflow,grype,GHSA-rgw5-rvv9-x895,High,/pnpm-lock.yaml,,brace-expansion,5.0.5,5.0.9,npm,,"brace-expansion: DoS via unbounded intermediate arrays, bypassing the CVE-2026-14257 mitigation",3.0
TanStack/workflow,grype,GHSA-rx4f-c7p8-82vq,Medium,/pnpm-lock.yaml,,undici,7.18.2,7.29.1,npm,,undici vulnerable to Denial of Service via WebSocketStream unclean close,2.0
TanStack/workflow,grype,GHSA-rx4f-c7p8-82vq,Medium,/pnpm-lock.yaml,,undici,7.24.8,7.29.1,npm,,undici vulnerable to Denial of Service via WebSocketStream unclean close,2.0
TanStack/workflow,grype,GHSA-v245-v573-v5vm,High,/pnpm-lock.yaml,,linkify-it,5.0.0,5.0.2,npm,,linkify-it: Quadratic-complexity DoS via the `mailto:` validator scan-loop on attacker text,3.0
TanStack/workflow,grype,GHSA-v3r7-h72x-cjcm,Medium,/pnpm-lock.yaml,,undici,7.18.2,7.29.0,npm,,undici vulnerable to cookie attribute injection via unsanitized domain and unparsed setCookie fields,2.0
TanStack/workflow,grype,GHSA-v3r7-h72x-cjcm,Medium,/pnpm-lock.yaml,,undici,7.24.8,7.29.0,npm,,undici vulnerable to cookie attribute injection via unsanitized domain and unparsed setCookie fields,2.0
TanStack/workflow,grype,GHSA-v6wh-96g9-6wx3,Medium,/pnpm-lock.yaml,,vite,8.0.10,8.0.16,npm,,launch-editor: NTLMv2 hash disclosure via UNC path handling on Windows,2.0
TanStack/workflow,grype,GHSA-v9p9-hfj2-hcw8,High,/pnpm-lock.yaml,,undici,7.18.2,7.24.0,npm,,Undici has Unhandled Exception in WebSocket Client Due to Invalid server_max_window_bits Validation,3.0
TanStack/workflow,grype,GHSA-vf2m-468p-8v99,Medium,/pnpm-lock.yaml,,axios,1.15.0,1.15.1,npm,,Axios: HTTP adapter streamed responses bypass maxContentLength,2.0
TanStack/workflow,grype,GHSA-vfj7-8cjw-p6xm,High,/pnpm-lock.yaml,,braces,3.0.3,,npm,,braces vulnerable to stack-exhaustion denial of service through deeply nested patterns,3.0
TanStack/workflow,grype,GHSA-vh66-26gq-q6x8,Medium,/pnpm-lock.yaml,,axios,1.15.0,1.20.0,npm,,Axios: Prototype pollution gadget in fetch adapter can alter outbound requests,2.0
TanStack/workflow,grype,GHSA-vmh5-mc38-953g,High,/pnpm-lock.yaml,,undici,7.24.8,7.28.0,npm,,undici vulnerable to TLS certificate validation bypass via dropped requestTls in SOCKS5 ProxyAgent,3.0
TanStack/workflow,grype,GHSA-vp3h-ghgh-jr7g,High,/pnpm-lock.yaml,,nx,22.7.0,22.7.7,npm,,Nx: Zip-Slip in the self-hosted remote cache,3.0
TanStack/workflow,grype,GHSA-vrm6-8vpv-qv8q,High,/pnpm-lock.yaml,,undici,7.18.2,7.24.0,npm,,Undici has Unbounded Memory Consumption in WebSocket permessage-deflate Decompression,3.0
TanStack/workflow,grype,GHSA-vxpw-j846-p89q,High,/pnpm-lock.yaml,,undici,7.18.2,7.28.0,npm,,undici WebSocket client vulnerable to denial of service via fragment count bypass,3.0
TanStack/workflow,grype,GHSA-vxpw-j846-p89q,High,/pnpm-lock.yaml,,undici,7.24.8,7.28.0,npm,,undici WebSocket client vulnerable to denial of service via fragment count bypass,3.0
TanStack/workflow,grype,GHSA-w293-vg96-wgc3,High,/pnpm-lock.yaml,,undici,7.24.8,7.29.1,npm,,undici vulnerable to TLS certificate validation bypass via dropped connect options in BalancedPool,3.0
TanStack/workflow,grype,GHSA-w2vw-w76x-qr89,High,/pnpm-lock.yaml,,nx,22.7.0,22.7.8,npm,,Nx: OS command injection via git revisions and remote refs,3.0
TanStack/workflow,grype,GHSA-w3vv-58gj-gw77,High,/pnpm-lock.yaml,,nx,22.7.0,22.7.9,npm,,Nx daemon and plugin worker sockets are accessible to other local users,3.0
TanStack/workflow,grype,GHSA-w9j2-pvgh-6h63,Medium,/pnpm-lock.yaml,,axios,1.15.0,1.15.1,npm,,Axios: Authentication Bypass via Prototype Pollution Gadget in `validateStatus` Merge Strategy,2.0
TanStack/workflow,grype,GHSA-wf3x-273g-mvxv,Low,/pnpm-lock.yaml,,devalue,5.6.2,5.9.3,npm,,devalue: Sparse arrays emitted by uneval cause eager allocation when evaluated,1.0
TanStack/workflow,grype,GHSA-wq5f-xc86-pv6w,High,/pnpm-lock.yaml,,sharp,0.34.5,0.35.5,npm,,sharp : Vulnerability in librsvg dependency CVE-2026-96889,3.0
TanStack/workflow,grype,GHSA-xhjh-pmcv-23jw,Low,/pnpm-lock.yaml,,axios,1.15.0,1.15.1,npm,,Axios: Null Byte Injection via Reverse-Encoding in AxiosURLSearchParams,1.0
TanStack/workflow,grype,GHSA-xwg4-73v4-xw9w,High,/pnpm-lock.yaml,,nanoid,3.3.11,3.3.12,npm,,nanoid: Integer Overflow or Wraparound,3.0
TanStack/workflow,grype,GHSA-xwg4-73v4-xw9w,High,/pnpm-lock.yaml,,nanoid,5.1.9,5.1.11,npm,,nanoid: Integer Overflow or Wraparound,3.0
TanStack/workflow,grype,GHSA-xx6v-rp6x-q39c,Medium,/pnpm-lock.yaml,,axios,1.15.0,1.15.1,npm,,Axios: XSRF Token Cross-Origin Leakage via Prototype Pollution Gadget in `withXSRFToken` Boolean Coercion,2.0
