name,repositories,distinct_versions,occurrences,repository_percentage
picomatch,28,8,75,93.33
postcss,28,23,57,93.33
argparse,28,2,47,93.33
magic-string,28,13,47,93.33
@jridgewell/sourcemap-codec,28,6,39,93.33
semver,27,14,98,90.0
typescript,27,14,73,90.0
debug,27,6,61,90.0
@types/node,27,34,60,90.0
escape-string-regexp,27,4,59,90.0
find-up,27,7,57,90.0
p-limit,27,7,56,90.0
locate-path,27,5,55,90.0
p-locate,27,5,55,90.0
which,27,8,51,90.0
estree-walker,27,2,44,90.0
ms,27,3,44,90.0
@types/estree,27,5,40,90.0
es-module-lexer,27,9,39,90.0
path-exists,27,4,39,90.0
path-key,27,3,39,90.0
isexe,27,4,38,90.0
nanoid,27,14,37,90.0
fsevents,27,2,36,90.0
cross-spawn,27,4,29,90.0
source-map-js,27,3,29,90.0
shebang-command,27,2,28,90.0
shebang-regex,27,2,28,90.0
graceful-fs,27,3,27,90.0
picocolors,27,2,27,90.0
@esbuild/android-arm,26,23,69,86.67
@esbuild/linux-loong64,26,23,69,86.67
esbuild,26,23,69,86.67
@esbuild/android-arm64,26,22,67,86.67
@esbuild/android-x64,26,22,67,86.67
@esbuild/darwin-arm64,26,22,67,86.67
@esbuild/darwin-x64,26,22,67,86.67
@esbuild/freebsd-arm64,26,22,67,86.67
@esbuild/freebsd-x64,26,22,67,86.67
@esbuild/linux-arm,26,22,67,86.67
@esbuild/linux-arm64,26,22,67,86.67
@esbuild/linux-ia32,26,22,67,86.67
@esbuild/linux-mips64el,26,22,67,86.67
@esbuild/linux-ppc64,26,22,67,86.67
@esbuild/linux-riscv64,26,22,67,86.67
@esbuild/linux-s390x,26,22,67,86.67
@esbuild/linux-x64,26,22,67,86.67
@esbuild/netbsd-x64,26,22,67,86.67
@esbuild/openbsd-x64,26,22,67,86.67
@esbuild/sunos-x64,26,22,67,86.67
@esbuild/win32-arm64,26,22,67,86.67
@esbuild/win32-ia32,26,22,67,86.67
@esbuild/win32-x64,26,22,67,86.67
iconv-lite,26,6,59,86.67
prettier,26,14,54,86.67
ansi-regex,26,8,50,86.67
strip-ansi,26,8,50,86.67
ignore,26,7,49,86.67
vite,26,26,48,86.67
signal-exit,26,3,46,86.67
package-manager-detector,26,6,42,86.67
color-convert,26,3,40,86.67
color-name,26,3,40,86.67
undici-types,26,15,40,86.67
acorn,26,11,39,86.67
tinyexec,26,9,39,86.67
std-env,26,6,36,86.67
tslib,26,6,33,86.67
@vitest/mocker,26,14,29,86.67
@vitest/spy,26,14,29,86.67
expect-type,26,4,29,86.67
vitest,26,14,29,86.67
chai,26,5,28,86.67
strip-bom,26,3,27,86.67
tinybench,26,2,27,86.67
safer-buffer,26,1,26,86.67
why-is-node-running,26,2,26,86.67
entities,25,12,79,83.33
ansi-styles,25,6,71,83.33
supports-color,25,6,64,83.33
@esbuild/aix-ppc64,25,19,62,83.33
@esbuild/openbsd-arm64,25,17,59,83.33
@esbuild/netbsd-arm64,25,16,58,83.33
js-yaml,25,12,51,83.33
emoji-regex,25,6,50,83.33
readable-stream,25,6,47,83.33
yaml,25,11,47,83.33
@babel/runtime,25,22,46,83.33
parse5,25,6,46,83.33
@babel/helper-validator-identifier,25,10,42,83.33
glob-parent,25,2,42,83.33
tinyglobby,25,5,42,83.33
yargs-parser,25,4,42,83.33
mime-types,25,4,41,83.33
mime-db,25,3,40,83.33
string_decoder,25,3,40,83.33
@jridgewell/trace-mapping,25,7,38,83.33
safe-buffer,25,2,37,83.33
has-flag,25,2,36,83.33
buffer,25,4,34,83.33
jsonc-parser,25,3,31,83.33
sprintf-js,25,3,28,83.33
fdir,25,3,27,83.33
y18n,25,3,27,83.33
function-bind,25,2,26,83.33
@jridgewell/resolve-uri,25,2,25,83.33
base64-js,25,2,25,83.33
escalade,25,2,25,83.33
get-intrinsic,25,2,25,83.33
has-symbols,25,2,25,83.33
ieee754,25,2,25,83.33
is-extglob,25,1,25,83.33
is-glob,25,1,25,83.33
util-deprecate,25,1,25,83.33
lru-cache,24,16,73,80.0
@napi-rs/wasm-runtime,24,14,66,80.0
@emnapi/runtime,24,13,64,80.0
@emnapi/core,24,13,62,80.0
wrap-ansi,24,6,61,80.0
@emnapi/wasi-threads,24,8,58,80.0
dotenv,24,11,58,80.0
string-width,24,6,58,80.0
chalk,24,8,57,80.0
@esbuild/openharmony-arm64,24,11,52,80.0
@tybys/wasm-util,24,5,50,80.0
@babel/parser,24,18,48,80.0
open,24,8,47,80.0
@babel/types,24,15,46,80.0
whatwg-url,24,7,46,80.0
webidl-conversions,24,6,45,80.0
is-wsl,24,4,43,80.0
tr46,24,5,43,80.0
cliui,24,4,41,80.0
yargs,24,7,41,80.0
@changesets/types,24,3,40,80.0
is-fullwidth-code-point,24,4,38,80.0
convert-source-map,24,2,37,80.0
@jridgewell/gen-mapping,24,6,36,80.0
is-docker,24,3,36,80.0
react,24,15,34,80.0
npm-run-path,24,5,33,80.0
react-dom,24,14,33,80.0
scheduler,24,8,32,80.0
hasown,24,3,29,80.0
csstype,24,6,28,80.0
form-data,24,5,28,80.0
es-object-atoms,24,2,27,80.0
inherits,24,2,27,80.0
@types/chai,24,3,26,80.0
json5,24,2,26,80.0
@changesets/apply-release-plan,24,6,24,80.0
@changesets/assemble-release-plan,24,4,24,80.0
@changesets/changelog-git,24,2,24,80.0
@changesets/cli,24,7,24,80.0
@changesets/config,24,6,24,80.0
@changesets/errors,24,2,24,80.0
@changesets/get-dependents-graph,24,3,24,80.0
@changesets/git,24,2,24,80.0
@changesets/parse,24,4,24,80.0
@changesets/pre,24,2,24,80.0
@changesets/read,24,4,24,80.0
@changesets/should-skip-package,24,2,24,80.0
@changesets/write,24,2,24,80.0
@manypkg/find-root,24,2,24,80.0
@manypkg/get-packages,24,2,24,80.0
@types/deep-eql,24,1,24,80.0
assertion-error,24,1,24,80.0
asynckit,24,1,24,80.0
call-bind-apply-helpers,24,1,24,80.0
combined-stream,24,1,24,80.0
delayed-stream,24,1,24,80.0
dunder-proto,24,1,24,80.0
es-define-property,24,1,24,80.0
es-errors,24,1,24,80.0
esprima,24,1,24,80.0
get-caller-file,24,1,24,80.0
get-proto,24,1,24,80.0
gopd,24,1,24,80.0
has-tostringtag,24,1,24,80.0
human-id,24,5,24,80.0
math-intrinsics,24,1,24,80.0
mri,24,1,24,80.0
require-directory,24,1,24,80.0
siginfo,24,1,24,80.0
stackback,24,1,24,80.0
minimatch,23,15,98,76.67
brace-expansion,23,18,69,76.67
ajv,23,9,63,76.67
fs-extra,23,9,59,76.67
zod,23,17,59,76.67
@rolldown/pluginutils,23,15,50,76.67
balanced-match,23,3,49,76.67
@babel/generator,23,16,47,76.67
onetime,23,5,44,76.67
json-schema-traverse,23,2,41,76.67
get-tsconfig,23,10,40,76.67
whatwg-mimetype,23,3,39,76.67
is-unicode-supported,23,3,38,76.67
@babel/helper-string-parser,23,10,37,76.67
js-tokens,23,3,37,76.67
mimic-fn,23,4,36,76.67
quansync,23,4,35,76.67
@types/react,23,18,34,76.67
universalify,23,3,34,76.67
jsonfile,23,4,33,76.67
yocto-queue,23,3,31,76.67
tar-stream,23,5,30,76.67
obug,23,5,29,76.67
pathe,23,2,28,76.67
punycode,23,4,28,76.67
dotenv-expand,23,4,26,76.67
fastq,23,6,25,76.67
jsesc,23,3,25,76.67
micromatch,23,4,25,76.67
@nodelib/fs.stat,23,3,24,76.67
fast-glob,23,4,24,76.67
merge2,23,2,24,76.67
p-try,23,2,24,76.67
reusify,23,2,24,76.67
@nodelib/fs.scandir,23,2,23,76.67
@nodelib/fs.walk,23,2,23,76.67
bl,23,3,23,76.67
end-of-stream,23,2,23,76.67
es-set-tostringtag,23,1,23,76.67
fast-deep-equal,23,1,23,76.67
minimist,23,1,23,76.67
once,23,1,23,76.67
resolve-pkg-maps,23,1,23,76.67
run-parallel,23,2,23,76.67
wrappy,23,1,23,76.67
@oxc-project/types,22,24,62,73.33
globals,22,15,61,73.33
yallist,22,4,47,73.33
@babel/code-frame,22,10,43,73.33
@rolldown/binding-android-arm64,22,19,43,73.33
@rolldown/binding-darwin-arm64,22,19,43,73.33
@rolldown/binding-darwin-x64,22,19,43,73.33
@rolldown/binding-freebsd-x64,22,19,43,73.33
@rolldown/binding-linux-arm-gnueabihf,22,19,43,73.33
@rolldown/binding-linux-arm64-gnu,22,19,43,73.33
@rolldown/binding-linux-arm64-musl,22,19,43,73.33
@rolldown/binding-linux-x64-gnu,22,19,43,73.33
@rolldown/binding-linux-x64-musl,22,19,43,73.33
@rolldown/binding-openharmony-arm64,22,19,43,73.33
@rolldown/binding-win32-arm64-msvc,22,19,43,73.33
@rolldown/binding-win32-x64-msvc,22,19,43,73.33
rolldown,22,19,43,73.33
ora,22,8,39,73.33
cli-cursor,22,4,37,73.33
lightningcss,22,8,37,73.33
lightningcss-darwin-arm64,22,8,37,73.33
lightningcss-darwin-x64,22,8,37,73.33
lightningcss-freebsd-x64,22,8,37,73.33
lightningcss-linux-arm-gnueabihf,22,8,37,73.33
lightningcss-linux-arm64-gnu,22,8,37,73.33
lightningcss-linux-arm64-musl,22,8,37,73.33
lightningcss-linux-x64-gnu,22,8,37,73.33
lightningcss-linux-x64-musl,22,8,37,73.33
lightningcss-win32-arm64-msvc,22,8,37,73.33
lightningcss-win32-x64-msvc,22,8,37,73.33
log-symbols,22,5,37,73.33
restore-cursor,22,4,37,73.33
cli-spinners,22,4,34,73.33
jiti,22,5,34,73.33
rollup,22,19,33,73.33
enhanced-resolve,22,17,32,73.33
is-interactive,22,2,32,73.33
lightningcss-android-arm64,22,4,32,73.33
lines-and-columns,22,3,32,73.33
detect-libc,22,5,31,73.33
figures,22,3,28,73.33
tapable,22,7,28,73.33
@types/react-dom,22,9,27,73.33
define-lazy-prop,22,2,27,73.33
clone,22,2,26,73.33
pify,22,3,26,73.33
@standard-schema/spec,22,3,25,73.33
tmp,22,6,25,73.33
@vitest/expect,22,11,24,73.33
@vitest/pretty-format,22,11,24,73.33
@vitest/runner,22,11,24,73.33
@vitest/snapshot,22,11,24,73.33
@vitest/utils,22,11,24,73.33
proxy-from-env,22,2,24,73.33
tinyrainbow,22,6,24,73.33
braces,22,3,23,73.33
fill-range,22,3,23,73.33
follow-redirects,22,5,23,73.33
is-number,22,2,23,73.33
keyv,22,3,23,73.33
to-regex-range,22,2,23,73.33
@changesets/get-github-info,22,3,22,73.33
dataloader,22,2,22,73.33
defaults,22,1,22,73.33
fs-constants,22,1,22,73.33
queue-microtask,22,1,22,73.33
wcwidth,22,1,22,73.33
@babel/helper-module-imports,21,7,49,70.0
source-map,21,6,49,70.0
eslint-scope,21,7,43,70.0
undici,21,23,43,70.0
@babel/traverse,21,13,38,70.0
resolve-from,21,3,36,70.0
@babel/template,21,8,35,70.0
css-select,21,7,35,70.0
css-what,21,7,34,70.0
@rollup/rollup-darwin-arm64,21,19,33,70.0
@rollup/rollup-darwin-x64,21,18,32,70.0
@rollup/rollup-linux-arm64-gnu,21,18,32,70.0
@rollup/rollup-linux-arm64-musl,21,18,32,70.0
@rollup/rollup-linux-x64-gnu,21,18,32,70.0
@rollup/rollup-linux-x64-musl,21,18,32,70.0
@rollup/rollup-win32-arm64-msvc,21,18,32,70.0
@rollup/rollup-win32-x64-msvc,21,18,32,70.0
@rollup/rollup-android-arm-eabi,21,17,31,70.0
@rollup/rollup-android-arm64,21,17,31,70.0
@rollup/rollup-freebsd-arm64,21,17,31,70.0
@rollup/rollup-freebsd-x64,21,17,31,70.0
@rollup/rollup-linux-arm-gnueabihf,21,17,31,70.0
@rollup/rollup-linux-arm-musleabihf,21,17,31,70.0
@rollup/rollup-linux-riscv64-gnu,21,17,31,70.0
@rollup/rollup-linux-s390x-gnu,21,17,31,70.0
@rollup/rollup-win32-ia32-msvc,21,17,31,70.0
@rollup/rollup-linux-riscv64-musl,21,16,30,70.0
node-fetch,21,6,29,70.0
domutils,21,6,28,70.0
domhandler,21,5,27,70.0
estraverse,21,2,27,70.0
smol-toml,21,7,27,70.0
@types/unist,21,4,26,70.0
dom-serializer,21,4,26,70.0
@vitejs/plugin-react,21,12,25,70.0
domelementtype,21,4,25,70.0
boolbase,21,2,24,70.0
nth-check,21,3,24,70.0
cac,21,2,23,70.0
@types/json-schema,21,3,22,70.0
axios,21,9,22,70.0
@yarnpkg/lockfile,21,1,21,70.0
acorn-jsx,21,2,21,70.0
ansi-colors,21,2,21,70.0
chardet,21,3,21,70.0
clsx,21,2,21,70.0
esrecurse,21,2,21,70.0
fast-json-stable-stringify,21,1,21,70.0
imurmurhash,21,1,21,70.0
is-windows,21,1,21,70.0
resolve.exports,21,1,21,70.0
sade,21,1,21,70.0
tree-kill,21,1,21,70.0
uri-js,21,2,21,70.0
whatwg-encoding,21,1,21,70.0
eslint-visitor-keys,20,6,61,66.67
ws,20,15,45,66.67
@babel/core,20,12,43,66.67
espree,20,5,39,66.67
@babel/compat-data,20,10,38,66.67
@babel/helpers,20,10,37,66.67
@babel/helper-compilation-targets,20,8,36,66.67
@rolldown/binding-linux-ppc64-gnu,20,15,35,66.67
@rolldown/binding-linux-s390x-gnu,20,15,35,66.67
path-to-regexp,20,10,35,66.67
@babel/helper-module-transforms,20,9,34,66.67
@babel/helper-validator-option,20,6,34,66.67
strip-json-comments,20,5,33,66.67
browserslist,20,12,31,66.67
caniuse-lite,20,21,31,66.67
electron-to-chromium,20,22,30,66.67
node-releases,20,12,28,66.67
@eslint-community/eslint-utils,20,6,26,66.67
@humanwhocodes/retry,20,3,26,66.67
marked,20,13,26,66.67
update-browserslist-db,20,6,26,66.67
path-type,20,4,25,66.67
lodash,20,3,24,66.67
@eslint-community/regexpp,20,2,23,66.67
@eslint/config-array,20,6,22,66.67
@eslint/core,20,6,22,66.67
@eslint/plugin-kit,20,8,22,66.67
eslint,20,15,22,66.67
esquery,20,2,22,66.67
@eslint/config-helpers,20,8,21,66.67
@eslint/object-schema,20,3,21,66.67
@humanfs/node,20,3,21,66.67
@inquirer/external-editor,20,3,21,66.67
@types/hast,20,4,21,66.67
tsconfig-paths,20,2,21,66.67
@humanfs/core,20,2,20,66.67
@humanwhocodes/module-importer,20,1,20,66.67
@nx/nx-darwin-arm64,20,11,20,66.67
@nx/nx-darwin-x64,20,11,20,66.67
@nx/nx-freebsd-x64,20,11,20,66.67
@nx/nx-linux-arm-gnueabihf,20,11,20,66.67
@nx/nx-linux-arm64-gnu,20,11,20,66.67
@nx/nx-linux-arm64-musl,20,11,20,66.67
@nx/nx-linux-x64-gnu,20,11,20,66.67
@nx/nx-linux-x64-musl,20,11,20,66.67
@nx/nx-win32-arm64-msvc,20,11,20,66.67
@nx/nx-win32-x64-msvc,20,11,20,66.67
@zkochan/js-yaml,20,1,20,66.67
deep-is,20,1,20,66.67
esutils,20,1,20,66.67
fast-levenshtein,20,1,20,66.67
file-entry-cache,20,2,20,66.67
flat,20,1,20,66.67
flat-cache,20,2,20,66.67
flatted,20,3,20,66.67
gensync,20,1,20,66.67
globrex,20,1,20,66.67
json-stable-stringify-without-jsonify,20,1,20,66.67
levn,20,1,20,66.67
natural-compare,20,1,20,66.67
nx,20,11,20,66.67
optionator,20,1,20,66.67
prelude-ls,20,1,20,66.67
require-from-string,20,1,20,66.67
type-check,20,1,20,66.67
word-wrap,20,1,20,66.67
aria-query,19,4,48,63.33
react-is,19,7,41,63.33
@typescript-eslint/types,19,24,39,63.33
@typescript-eslint/typescript-estree,19,22,36,63.33
@typescript-eslint/visitor-keys,19,22,36,63.33
@typescript-eslint/scope-manager,19,21,35,63.33
cookie,19,8,35,63.33
statuses,19,3,35,63.33
resolve,19,8,34,63.33
@typescript-eslint/utils,19,21,33,63.33
agent-base,19,4,32,63.33
https-proxy-agent,19,3,30,63.33
@rolldown/binding-wasm32-wasi,19,16,29,63.33
@eslint/js,19,11,28,63.33
@typescript-eslint/parser,19,19,28,63.33
p-map,19,5,28,63.33
@rollup/rollup-linux-ppc64-gnu,19,14,27,63.33
pretty-format,19,6,27,63.33
tough-cookie,19,7,27,63.33
@typescript-eslint/type-utils,19,19,26,63.33
htmlparser2,19,7,26,63.33
@typescript-eslint/eslint-plugin,19,19,24,63.33
slash,19,3,24,63.33
ts-api-utils,19,4,24,63.33
is-reference,19,2,23,63.33
shell-quote,19,7,23,63.33
@jest/diff-sequences,19,3,20,63.33
is-core-module,19,4,20,63.33
@jridgewell/remapping,19,1,19,63.33
@publint/pack,19,5,19,63.33
better-path-resolve,19,1,19,63.33
is-subdir,19,1,19,63.33
path-parse,19,1,19,63.33
publint,19,9,19,63.33
supports-preserve-symlinks-flag,19,1,19,63.33
type-fest,18,12,37,60.0
@typescript-eslint/project-service,18,19,33,60.0
@typescript-eslint/tsconfig-utils,18,19,33,60.0
http-errors,18,6,33,60.0
send,18,6,31,60.0
fresh,18,2,28,60.0
encodeurl,18,2,27,60.0
ajv-formats,18,2,25,60.0
depd,18,2,25,60.0
globby,18,8,25,60.0
tldts,18,12,25,60.0
tldts-core,18,12,25,60.0
@babel/helper-annotate-as-pure,18,6,24,60.0
@rollup/rollup-linux-loong64-gnu,18,12,24,60.0
@rollup/rollup-openharmony-arm64,18,12,24,60.0
@rollup/rollup-win32-x64-gnu,18,12,24,60.0
on-finished,18,2,24,60.0
solid-js,18,10,23,60.0
range-parser,18,3,21,60.0
setprototypeof,18,3,21,60.0
vitefu,18,6,21,60.0
vue-eslint-parser,18,4,21,60.0
parse5-htmlparser2-tree-adapter,18,2,20,60.0
typescript-eslint,18,17,20,60.0
use-sync-external-store,18,4,20,60.0
@stylistic/eslint-plugin,18,6,19,60.0
cheerio,18,3,19,60.0
eslint-plugin-n,18,4,19,60.0
@sveltejs/acorn-typescript,18,7,18,60.0
@unrs/resolver-binding-darwin-arm64,18,3,18,60.0
@unrs/resolver-binding-darwin-x64,18,3,18,60.0
@unrs/resolver-binding-freebsd-x64,18,3,18,60.0
@unrs/resolver-binding-linux-arm-gnueabihf,18,3,18,60.0
@unrs/resolver-binding-linux-arm-musleabihf,18,3,18,60.0
@unrs/resolver-binding-linux-arm64-gnu,18,3,18,60.0
@unrs/resolver-binding-linux-arm64-musl,18,3,18,60.0
@unrs/resolver-binding-linux-ppc64-gnu,18,3,18,60.0
@unrs/resolver-binding-linux-riscv64-gnu,18,3,18,60.0
@unrs/resolver-binding-linux-riscv64-musl,18,3,18,60.0
@unrs/resolver-binding-linux-s390x-gnu,18,3,18,60.0
@unrs/resolver-binding-linux-x64-gnu,18,3,18,60.0
@unrs/resolver-binding-linux-x64-musl,18,3,18,60.0
@unrs/resolver-binding-wasm32-wasi,18,3,18,60.0
@unrs/resolver-binding-win32-arm64-msvc,18,3,18,60.0
@unrs/resolver-binding-win32-ia32-msvc,18,3,18,60.0
@unrs/resolver-binding-win32-x64-msvc,18,3,18,60.0
buffer-from,18,2,18,60.0
cheerio-select,18,1,18,60.0
comment-parser,18,7,18,60.0
concat-map,18,1,18,60.0
dequal,18,1,18,60.0
ee-first,18,1,18,60.0
encoding-sniffer,18,2,18,60.0
escape-html,18,1,18,60.0
eslint-compat-utils,18,1,18,60.0
eslint-plugin-es-x,18,1,18,60.0
eslint-plugin-import-x,18,4,18,60.0
etag,18,1,18,60.0
napi-postinstall,18,4,18,60.0
parse5-parser-stream,18,1,18,60.0
sherif,18,5,18,60.0
sherif-darwin-arm64,18,5,18,60.0
sherif-darwin-x64,18,5,18,60.0
sherif-linux-arm64,18,5,18,60.0
sherif-linux-x64,18,5,18,60.0
sherif-windows-arm64,18,5,18,60.0
sherif-windows-x64,18,5,18,60.0
toidentifier,18,2,18,60.0
ts-declaration-location,18,1,18,60.0
unrs-resolver,18,3,18,60.0
commander,17,12,71,56.67
negotiator,17,5,44,56.67
chokidar,17,6,40,56.67
readdirp,17,7,39,56.67
accepts,17,3,30,56.67
finalhandler,17,5,30,56.67
seroval-plugins,17,9,30,56.67
serve-static,17,5,30,56.67
seroval,17,8,29,56.67
@babel/helper-globals,17,4,28,56.67
@babel/helper-plugin-utils,17,7,28,56.67
enquirer,17,2,28,56.67
body-parser,17,8,26,56.67
media-typer,17,3,26,56.67
raw-body,17,5,26,56.67
type-is,17,3,26,56.67
@asamuzakjp/css-color,17,11,25,56.67
jsdom,17,9,25,56.67
@vue/shared,17,15,24,56.67
data-urls,17,4,24,56.67
html-encoding-sniffer,17,3,24,56.67
is-plain-obj,17,4,24,56.67
@csstools/color-helpers,17,6,23,56.67
@csstools/css-color-parser,17,11,23,56.67
@vue/compiler-core,17,14,23,56.67
@vue/compiler-dom,17,14,23,56.67
content-type,17,4,23,56.67
qs,17,10,23,56.67
@csstools/css-calc,17,8,22,56.67
@csstools/css-parser-algorithms,17,4,22,56.67
@csstools/css-tokenizer,17,5,22,56.67
@shikijs/engine-oniguruma,17,6,21,56.67
@shikijs/types,17,6,21,56.67
ansis,17,5,21,56.67
hookable,17,4,21,56.67
@oxc-resolver/binding-android-arm-eabi,17,7,20,56.67
@oxc-resolver/binding-android-arm64,17,7,20,56.67
@oxc-resolver/binding-darwin-arm64,17,7,20,56.67
@oxc-resolver/binding-darwin-x64,17,7,20,56.67
@oxc-resolver/binding-freebsd-x64,17,7,20,56.67
@oxc-resolver/binding-linux-arm-gnueabihf,17,7,20,56.67
@oxc-resolver/binding-linux-arm-musleabihf,17,7,20,56.67
@oxc-resolver/binding-linux-arm64-gnu,17,7,20,56.67
@oxc-resolver/binding-linux-arm64-musl,17,7,20,56.67
@oxc-resolver/binding-linux-ppc64-gnu,17,7,20,56.67
@oxc-resolver/binding-linux-riscv64-gnu,17,7,20,56.67
@oxc-resolver/binding-linux-riscv64-musl,17,7,20,56.67
@oxc-resolver/binding-linux-s390x-gnu,17,7,20,56.67
@oxc-resolver/binding-linux-x64-gnu,17,7,20,56.67
@oxc-resolver/binding-linux-x64-musl,17,7,20,56.67
@oxc-resolver/binding-wasm32-wasi,17,7,20,56.67
@oxc-resolver/binding-win32-arm64-msvc,17,7,20,56.67
@oxc-resolver/binding-win32-x64-msvc,17,7,20,56.67
defu,17,2,20,56.67
oxc-resolver,17,7,20,56.67
@tanstack/eslint-config,17,5,19,56.67
decimal.js,17,2,19,56.67
vscode-uri,17,5,19,56.67
w3c-xmlserializer,17,2,19,56.67
xml-name-validator,17,2,19,56.67
array-union,17,2,18,56.67
bytes,17,3,18,56.67
dir-glob,17,2,18,56.67
esrap,17,12,18,56.67
mdurl,17,3,18,56.67
path-browserify,17,2,18,56.67
zimmerframe,17,3,18,56.67
@shikijs/vscode-textmate,17,1,17,56.67
@unrs/resolver-binding-android-arm-eabi,17,2,17,56.67
@unrs/resolver-binding-android-arm64,17,2,17,56.67
destroy,17,2,17,56.67
ejs,17,2,17,56.67
eslint-import-context,17,1,17,56.67
html-link-extractor,17,1,17,56.67
is-potential-custom-element-name,17,1,17,56.67
knip,17,14,17,56.67
linkify-it,17,4,17,56.67
markdown-link-extractor,17,3,17,56.67
object-inspect,17,3,17,56.67
outdent,17,2,17,56.67
parseurl,17,1,17,56.67
saxes,17,1,17,56.67
sherif-linux-arm64-musl,17,4,17,56.67
sherif-linux-x64-musl,17,4,17,56.67
sisteransi,17,1,17,56.67
source-map-support,17,2,17,56.67
stable-hash-x,17,1,17,56.67
symbol-tree,17,1,17,56.67
term-size,17,2,17,56.67
uc.micro,17,2,17,56.67
unpipe,17,1,17,56.67
vary,17,1,17,56.67
xmlchars,17,1,17,56.67
mime,16,7,31,53.33
isarray,16,3,29,53.33
dom-accessibility-api,16,2,27,53.33
is-stream,16,5,27,53.33
terser,16,15,26,53.33
@rollup/pluginutils,16,5,25,53.33
content-disposition,16,6,25,53.33
express,16,6,25,53.33
cookie-signature,16,3,24,53.33
get-stream,16,8,24,53.33
merge-descriptors,16,3,24,53.33
ipaddr.js,16,4,23,53.33
mkdirp,16,6,23,53.33
@rollup/rollup-linux-loong64-musl,16,11,22,53.33
@rollup/rollup-linux-ppc64-musl,16,11,22,53.33
@rollup/rollup-openbsd-x64,16,11,22,53.33
css-tree,16,7,22,53.33
mdn-data,16,7,22,53.33
@oxc-resolver/binding-openharmony-arm64,16,6,19,53.33
@shikijs/langs,16,6,19,53.33
@shikijs/themes,16,6,19,53.33
import-fresh,16,5,19,53.33
svelte,16,12,19,53.33
@babel/plugin-syntax-jsx,16,6,18,53.33
callsites,16,2,18,53.33
launch-editor,16,4,18,53.33
side-channel-list,16,2,18,53.33
call-bound,16,2,17,53.33
devalue,16,8,17,53.33
fast-uri,16,6,17,53.33
html-entities,16,3,17,53.33
is-promise,16,3,17,53.33
proxy-addr,16,3,17,53.33
side-channel,16,2,17,53.33
@changesets/get-release-plan,16,4,16,53.33
@changesets/get-version-range-type,16,1,16,53.33
@changesets/logger,16,1,16,53.33
axobject-query,16,1,16,53.33
compare-versions,16,1,16,53.33
detect-indent,16,1,16,53.33
empathic,16,3,16,53.33
extendable-error,16,1,16,53.33
fd-package-json,16,1,16,53.33
formatly,16,3,16,53.33
forwarded,16,2,16,53.33
jju,16,1,16,53.33
json-buffer,16,2,16,53.33
locate-character,16,1,16,53.33
lodash.startcase,16,1,16,53.33
markdown-it,16,5,16,53.33
p-filter,16,1,16,53.33
parent-module,16,1,16,53.33
punycode.js,16,1,16,53.33
read-yaml-file,16,1,16,53.33
side-channel-map,16,1,16,53.33
side-channel-weakmap,16,1,16,53.33
spawndamnit,16,1,16,53.33
walk-up-path,16,1,16,53.33
minipass,15,6,28,50.0
@babel/helper-create-class-features-plugin,15,7,23,50.0
@babel/helper-member-expression-to-functions,15,5,23,50.0
@babel/helper-replace-supers,15,5,23,50.0
baseline-browser-mapping,15,13,21,50.0
is-what,15,3,21,50.0
@babel/helper-optimise-call-expression,15,4,20,50.0
@babel/helper-skip-transparent-expression-wrappers,15,4,20,50.0
@volar/language-core,15,7,20,50.0
@volar/source-map,15,7,20,50.0
@volar/typescript,15,7,20,50.0
execa,15,8,18,50.0
validate-npm-package-name,15,5,18,50.0
@jridgewell/source-map,15,4,17,50.0
@types/babel__traverse,15,4,17,50.0
compression,15,5,17,50.0
@types/babel__generator,15,3,16,50.0
babel-plugin-jsx-dom-expressions,15,6,16,50.0
babel-preset-solid,15,6,16,50.0
core-util-is,15,2,16,50.0
human-signals,15,5,16,50.0
merge-anything,15,3,16,50.0
on-headers,15,2,16,50.0
strip-final-newline,15,3,16,50.0
@ampproject/remapping,15,2,15,50.0
@gerrit0/mini-shiki,15,4,15,50.0
@types/babel__core,15,2,15,50.0
@types/babel__template,15,2,15,50.0
bidi-js,15,2,15,50.0
compressible,15,1,15,50.0
esm-env,15,1,15,50.0
he,15,1,15,50.0
http-proxy-agent,15,1,15,50.0
kolorist,15,1,15,50.0
lunr,15,1,15,50.0
object-assign,15,1,15,50.0
premove,15,1,15,50.0
typedoc,15,3,15,50.0
typedoc-plugin-frontmatter,15,3,15,50.0
typedoc-plugin-markdown,15,3,15,50.0
glob,14,7,36,46.67
@testing-library/dom,14,5,26,46.67
path-scurry,14,4,25,46.67
@oxc-parser/binding-darwin-arm64,14,10,22,46.67
@oxc-parser/binding-darwin-x64,14,10,22,46.67
@oxc-parser/binding-linux-arm64-gnu,14,10,22,46.67
@oxc-parser/binding-linux-arm64-musl,14,10,22,46.67
@oxc-parser/binding-linux-x64-gnu,14,10,22,46.67
@oxc-parser/binding-linux-x64-musl,14,10,22,46.67
@oxc-parser/binding-win32-arm64-msvc,14,10,22,46.67
@oxc-parser/binding-win32-x64-msvc,14,10,22,46.67
oxc-parser,14,10,22,46.67
@vue/compiler-sfc,14,13,21,46.67
hosted-git-info,14,8,21,46.67
vue,14,13,21,46.67
ufo,14,5,20,46.67
@vue/compiler-ssr,14,12,19,46.67
@vue/language-core,14,7,18,46.67
@vue/reactivity,14,12,18,46.67
lilconfig,14,2,18,46.67
@vue/runtime-core,14,11,17,46.67
@vue/runtime-dom,14,11,17,46.67
@vue/server-renderer,14,11,17,46.67
@asamuzakjp/dom-selector,14,9,16,46.67
indent-string,14,3,16,46.67
sax,14,6,16,46.67
solid-refresh,14,2,16,46.67
vite-plugin-solid,14,6,16,46.67
events,14,3,15,46.67
@changesets/changelog-github,14,2,14,46.67
@csstools/css-syntax-patches-for-csstree,14,11,14,46.67
@quansync/fs,14,1,14,46.67
@types/aria-query,14,1,14,46.67
css.escape,14,1,14,46.67
dts-resolver,14,2,14,46.67
import-without-cache,14,6,14,46.67
lodash.merge,14,1,14,46.67
lz-string,14,1,14,46.67
merge-stream,14,1,14,46.67
muggle-string,14,1,14,46.67
redent,14,2,14,46.67
rolldown-plugin-dts,14,7,14,46.67
router,14,1,14,46.67
strip-indent,14,2,14,46.67
tsdown,14,8,14,46.67
unconfig-core,14,2,14,46.67
utils-merge,14,1,14,46.67
hermes-estree,13,8,24,43.33
hermes-parser,13,8,24,43.33
@tanstack/store,13,8,23,43.33
uuid,13,7,22,43.33
@oxc-parser/binding-android-arm-eabi,13,9,21,43.33
@oxc-parser/binding-android-arm64,13,9,21,43.33
@oxc-parser/binding-freebsd-x64,13,9,21,43.33
@oxc-parser/binding-linux-arm-gnueabihf,13,9,21,43.33
@oxc-parser/binding-linux-arm-musleabihf,13,9,21,43.33
@oxc-parser/binding-linux-ppc64-gnu,13,9,21,43.33
@oxc-parser/binding-linux-riscv64-gnu,13,9,21,43.33
@oxc-parser/binding-linux-riscv64-musl,13,9,21,43.33
@oxc-parser/binding-linux-s390x-gnu,13,9,21,43.33
@oxc-parser/binding-openharmony-arm64,13,9,21,43.33
@oxc-parser/binding-win32-ia32-msvc,13,9,21,43.33
ini,13,5,21,43.33
nopt,13,5,21,43.33
@tanstack/react-store,13,6,20,43.33
abbrev,13,6,20,43.33
eventemitter3,13,4,20,43.33
kleur,13,2,19,43.33
@clack/core,13,4,18,43.33
@clack/prompts,13,4,18,43.33
react-refresh,13,6,18,43.33
cssstyle,13,7,17,43.33
is-arrayish,13,3,17,43.33
preact,13,11,17,43.33
regenerator-runtime,13,7,17,43.33
serialize-javascript,13,7,17,43.33
@tanstack/query-core,13,14,16,43.33
eslint-plugin-react-hooks,13,4,16,43.33
get-east-asian-width,13,5,15,43.33
mrmime,13,3,15,43.33
@tanstack/typedoc-config,13,5,14,43.33
@types/ws,13,3,14,43.33
cors,13,2,14,43.33
deepmerge,13,2,14,43.33
rxjs,13,3,14,43.33
@adobe/css-tools,13,4,13,43.33
@exodus/bytes,13,5,13,43.33
@testing-library/jest-dom,13,3,13,43.33
@types/esrecurse,13,1,13,43.33
@types/estree-jsx,13,1,13,43.33
@types/trusted-types,13,1,13,43.33
async,13,3,13,43.33
is-inside-container,13,1,13,43.33
is-regex,13,2,13,43.33
min-indent,13,1,13,43.33
process-nextick-args,13,1,13,43.33
confbox,12,4,24,40.0
node-addon-api,12,2,22,40.0
pkg-types,12,5,22,40.0
proc-log,12,5,22,40.0
sass,12,9,20,40.0
ci-info,12,5,19,40.0
default-browser,12,3,19,40.0
@babel/plugin-transform-modules-commonjs,12,4,18,40.0
@inquirer/confirm,12,7,18,40.0
@noble/hashes,12,6,18,40.0
ansi-escapes,12,5,18,40.0
default-browser-id,12,2,18,40.0
env-paths,12,3,18,40.0
fast-wrap-ansi,12,2,18,40.0
watchpack,12,8,18,40.0
kind-of,12,4,17,40.0
parse-json,12,5,16,40.0
run-applescript,12,2,16,40.0
@inquirer/core,12,6,15,40.0
goober,12,3,15,40.0
jest-worker,12,4,15,40.0
mlly,12,3,15,40.0
normalize-path,12,2,15,40.0
@inquirer/figures,12,5,14,40.0
@inquirer/type,12,5,14,40.0
@parcel/watcher,12,3,14,40.0
@parcel/watcher-android-arm64,12,3,14,40.0
@parcel/watcher-darwin-arm64,12,3,14,40.0
@parcel/watcher-darwin-x64,12,3,14,40.0
@parcel/watcher-freebsd-x64,12,3,14,40.0
@parcel/watcher-linux-arm-glibc,12,3,14,40.0
@parcel/watcher-linux-arm-musl,12,3,14,40.0
@parcel/watcher-linux-arm64-glibc,12,3,14,40.0
@parcel/watcher-linux-arm64-musl,12,3,14,40.0
@parcel/watcher-linux-x64-glibc,12,3,14,40.0
@parcel/watcher-linux-x64-musl,12,3,14,40.0
@parcel/watcher-win32-arm64,12,3,14,40.0
@parcel/watcher-win32-x64,12,3,14,40.0
@testing-library/react,12,4,14,40.0
mute-stream,12,2,14,40.0
@sinclair/typebox,12,7,13,40.0
html-escaper,12,2,13,40.0
immutable,12,5,13,40.0
neo-async,12,2,13,40.0
@asamuzakjp/nwsapi,12,1,12,40.0
@babel/helper-split-export-declaration,12,2,12,40.0
@babel/plugin-transform-react-jsx,12,4,12,40.0
@babel/plugin-transform-react-jsx-development,12,4,12,40.0
@oxc-resolver/binding-win32-ia32-msvc,12,5,12,40.0
@sveltejs/vite-plugin-svelte,12,7,12,40.0
@vitejs/plugin-vue,12,7,12,40.0
anymatch,12,1,12,40.0
bundle-name,12,1,12,40.0
cli-width,12,1,12,40.0
colorette,12,3,12,40.0
define-properties,12,2,12,40.0
eastasianwidth,12,1,12,40.0
eslint-plugin-unused-imports,12,3,12,40.0
extend,12,1,12,40.0
fast-string-truncated-width,12,1,12,40.0
fast-string-width,12,1,12,40.0
for-each,12,2,12,40.0
has-property-descriptors,12,2,12,40.0
is-callable,12,2,12,40.0
object-keys,12,1,12,40.0
package-json-from-dist,12,1,12,40.0
playwright-core,12,9,12,40.0
reflect-metadata,12,1,12,40.0
safe-regex-test,12,1,12,40.0
scule,12,1,12,40.0
unbash,12,6,12,40.0
cookie-es,11,5,22,36.67
make-dir,11,4,21,36.67
slice-ansi,11,7,20,36.67
unplugin,11,7,20,36.67
@angular/compiler,11,15,17,36.67
@angular/core,11,15,17,36.67
diff,11,6,17,36.67
json-parse-even-better-errors,11,4,17,36.67
retry,11,2,17,36.67
chownr,11,3,16,36.67
local-pkg,11,4,16,36.67
exsolve,11,3,15,36.67
npm-package-arg,11,5,15,36.67
postcss-selector-parser,11,9,15,36.67
@babel/plugin-transform-class-properties,11,4,14,36.67
@oxc-parser/binding-wasm32-wasi,11,7,14,36.67
copy-anything,11,5,14,36.67
@eslint/eslintrc,11,6,13,36.67
@solid-primitives/utils,11,4,13,36.67
postcss-value-parser,11,4,13,36.67
@angular/common,11,10,12,36.67
@angular/platform-browser,11,10,12,36.67
@babel/plugin-transform-react-jsx-self,11,5,12,36.67
@babel/plugin-transform-react-jsx-source,11,4,12,36.67
@inquirer/ansi,11,3,12,36.67
@jest/schemas,11,3,12,36.67
@tanstack/react-query,11,11,12,36.67
cssesc,11,2,12,36.67
hono,11,9,12,36.67
msgpackr,11,7,12,36.67
piscina,11,5,12,36.67
webpack-virtual-modules,11,2,12,36.67
@angular/compiler-cli,11,9,11,36.67
@eslint-react/ast,11,8,11,36.67
@eslint-react/core,11,8,11,36.67
@eslint-react/eslint-plugin,11,8,11,36.67
@eslint-react/shared,11,8,11,36.67
@eslint-react/var,11,8,11,36.67
@isaacs/cliui,11,1,11,36.67
@msgpackr-extract/msgpackr-extract-darwin-arm64,11,2,11,36.67
@msgpackr-extract/msgpackr-extract-darwin-x64,11,2,11,36.67
@msgpackr-extract/msgpackr-extract-linux-arm,11,2,11,36.67
@msgpackr-extract/msgpackr-extract-linux-arm64,11,2,11,36.67
@msgpackr-extract/msgpackr-extract-linux-x64,11,2,11,36.67
@msgpackr-extract/msgpackr-extract-win32-x64,11,2,11,36.67
@napi-rs/nice,11,1,11,36.67
@napi-rs/nice-android-arm-eabi,11,1,11,36.67
@napi-rs/nice-android-arm64,11,1,11,36.67
@napi-rs/nice-darwin-arm64,11,1,11,36.67
@napi-rs/nice-darwin-x64,11,1,11,36.67
@napi-rs/nice-freebsd-x64,11,1,11,36.67
@napi-rs/nice-linux-arm-gnueabihf,11,1,11,36.67
@napi-rs/nice-linux-arm64-gnu,11,1,11,36.67
@napi-rs/nice-linux-arm64-musl,11,1,11,36.67
@napi-rs/nice-linux-ppc64-gnu,11,1,11,36.67
@napi-rs/nice-linux-riscv64-gnu,11,1,11,36.67
@napi-rs/nice-linux-s390x-gnu,11,1,11,36.67
@napi-rs/nice-linux-x64-gnu,11,1,11,36.67
@napi-rs/nice-linux-x64-musl,11,1,11,36.67
@napi-rs/nice-openharmony-arm64,11,1,11,36.67
@napi-rs/nice-win32-arm64-msvc,11,1,11,36.67
@napi-rs/nice-win32-ia32-msvc,11,1,11,36.67
@napi-rs/nice-win32-x64-msvc,11,1,11,36.67
@sveltejs/package,11,4,11,36.67
ajv-draft-04,11,1,11,36.67
available-typed-arrays,11,1,11,36.67
call-bind,11,2,11,36.67
dedent-js,11,1,11,36.67
define-data-property,11,1,11,36.67
environment,11,1,11,36.67
error-ex,11,2,11,36.67
eslint-plugin-react-dom,11,8,11,36.67
eslint-plugin-react-naming-convention,11,8,11,36.67
eslint-plugin-react-web-api,11,8,11,36.67
eslint-plugin-react-x,11,8,11,36.67
foreground-child,11,1,11,36.67
import-lazy,11,2,11,36.67
import-meta-resolve,11,2,11,36.67
is-arguments,11,2,11,36.67
is-date-object,11,2,11,36.67
is-symbol,11,2,11,36.67
istanbul-lib-coverage,11,1,11,36.67
jackspeak,11,2,11,36.67
lodash.debounce,11,1,11,36.67
loose-envify,11,1,11,36.67
mimic-function,11,1,11,36.67
msgpackr-extract,11,2,11,36.67
node-gyp-build-optional-packages,11,1,11,36.67
object.assign,11,1,11,36.67
playwright,11,8,11,36.67
possible-typed-array-names,11,1,11,36.67
prettier-plugin-svelte,11,4,11,36.67
set-function-length,11,1,11,36.67
stdin-discarder,11,3,11,36.67
string-ts,11,2,11,36.67
svelte2tsx,11,6,11,36.67
ts-pattern,11,3,11,36.67
which-typed-array,11,3,11,36.67
h3,10,9,22,33.33
rimraf,10,7,22,33.33
babel-plugin-polyfill-corejs3,10,3,19,33.33
camelcase,10,5,17,33.33
schema-utils,10,8,16,33.33
zod-validation-error,10,3,16,33.33
jose,10,6,15,33.33
tar,10,7,15,33.33
@babel/plugin-syntax-typescript,10,3,14,33.33
@babel/plugin-transform-typescript,10,6,14,33.33
@tanstack/devtools-event-client,10,6,14,33.33
ajv-keywords,10,4,14,33.33
cosmiconfig,10,6,14,33.33
is-plain-object,10,2,14,33.33
minizlib,10,4,14,33.33
unicorn-magic,10,3,14,33.33
@babel/plugin-transform-async-generator-functions,10,4,13,33.33
@babel/plugin-transform-async-to-generator,10,4,13,33.33
@babel/plugin-transform-nullish-coalescing-operator,10,4,13,33.33
@babel/plugin-transform-optional-chaining,10,4,13,33.33
@babel/plugin-transform-private-methods,10,4,13,33.33
@babel/plugin-transform-runtime,10,4,13,33.33
dot-prop,10,4,13,33.33
image-size,10,3,13,33.33
isbot,10,10,13,33.33
istanbul-lib-instrument,10,2,13,33.33
magicast,10,5,13,33.33
unist-util-is,10,5,13,33.33
@babel/helper-create-regexp-features-plugin,10,4,12,33.33
@babel/helper-define-polyfill-provider,10,4,12,33.33
@babel/helper-remap-async-to-generator,10,3,12,33.33
@babel/helper-wrap-function,10,4,12,33.33
@babel/plugin-transform-block-scoping,10,4,12,33.33
@babel/plugin-transform-class-static-block,10,4,12,33.33
@babel/plugin-transform-classes,10,4,12,33.33
@babel/plugin-transform-destructuring,10,3,12,33.33
@babel/plugin-transform-export-namespace-from,10,3,12,33.33
@babel/plugin-transform-for-of,10,3,12,33.33
@babel/plugin-transform-logical-assignment-operators,10,4,12,33.33
@babel/plugin-transform-named-capturing-groups-regex,10,4,12,33.33
@babel/plugin-transform-object-rest-spread,10,4,12,33.33
@babel/plugin-transform-optional-catch-binding,10,4,12,33.33
@babel/plugin-transform-parameters,10,3,12,33.33
@babel/plugin-transform-private-property-in-object,10,4,12,33.33
@babel/plugin-transform-regenerator,10,5,12,33.33
@babel/plugin-transform-unicode-regex,10,3,12,33.33
@solid-primitives/event-listener,10,4,12,33.33
@solid-primitives/rootless,10,4,12,33.33
babel-dead-code-elimination,10,2,12,33.33
data-uri-to-buffer,10,4,12,33.33
isobject,10,2,12,33.33
listr2,10,5,12,33.33
p-retry,10,4,12,33.33
property-information,10,5,12,33.33
stack-trace,10,3,12,33.33
style-to-object,10,6,12,33.33
tsx,10,6,12,33.33
unist-util-visit,10,4,12,33.33
unist-util-visit-parents,10,4,12,33.33
@angular-devkit/architect,10,8,11,33.33
@angular-devkit/core,10,8,11,33.33
@angular/build,10,8,11,33.33
@babel/plugin-syntax-decorators,10,4,11,33.33
@hono/node-server,10,6,11,33.33
@sindresorhus/merge-streams,10,2,11,33.33
@solid-primitives/resize-observer,10,3,11,33.33
@solid-primitives/static-store,10,3,11,33.33
@types/qs,10,4,11,33.33
array-flatten,10,2,11,33.33
beasties,10,4,11,33.33
binary-extensions,10,3,11,33.33
dayjs,10,5,11,33.33
inline-style-parser,10,3,11,33.33
is-binary-path,10,2,11,33.33
log-update,10,3,11,33.33
mdast-util-to-hast,10,4,11,33.33
vite-tsconfig-paths,10,2,11,33.33
@babel/plugin-proposal-decorators,10,3,10,33.33
@faker-js/faker,10,6,10,33.33
@isaacs/fs-minipass,10,1,10,33.33
@istanbuljs/schema,10,2,10,33.33
@lmdb/lmdb-darwin-arm64,10,3,10,33.33
@lmdb/lmdb-darwin-x64,10,3,10,33.33
@lmdb/lmdb-linux-arm,10,3,10,33.33
@lmdb/lmdb-linux-arm64,10,3,10,33.33
@lmdb/lmdb-linux-x64,10,3,10,33.33
@lmdb/lmdb-win32-arm64,10,3,10,33.33
@lmdb/lmdb-win32-x64,10,3,10,33.33
@microsoft/api-extractor,10,1,10,33.33
@microsoft/api-extractor-model,10,1,10,33.33
@microsoft/tsdoc,10,1,10,33.33
@microsoft/tsdoc-config,10,1,10,33.33
@pkgjs/parseargs,10,1,10,33.33
@rushstack/node-core-library,10,1,10,33.33
@rushstack/rig-package,10,1,10,33.33
@rushstack/terminal,10,1,10,33.33
@rushstack/ts-command-line,10,1,10,33.33
@types/argparse,10,1,10,33.33
@types/connect,10,1,10,33.33
@types/mdast,10,4,10,33.33
@ungap/structured-clone,10,5,10,33.33
@vitejs/plugin-basic-ssl,10,3,10,33.33
@vue/compiler-vue2,10,1,10,33.33
array-buffer-byte-length,10,1,10,33.33
babel-plugin-polyfill-corejs2,10,3,10,33.33
babel-plugin-polyfill-regenerator,10,3,10,33.33
ccount,10,2,10,33.33
character-entities-html4,10,2,10,33.33
character-entities-legacy,10,2,10,33.33
cli-truncate,10,3,10,33.33
comma-separated-tokens,10,2,10,33.33
core-js-compat,10,4,10,33.33
de-indent,10,1,10,33.33
deep-equal,10,3,10,33.33
errno,10,2,10,33.33
eventsource,10,2,10,33.33
express-rate-limit,10,6,10,33.33
functions-have-names,10,1,10,33.33
has-bigints,10,1,10,33.33
hast-util-whitespace,10,3,10,33.33
http-cache-semantics,10,2,10,33.33
internal-slot,10,1,10,33.33
is-array-buffer,10,1,10,33.33
is-bigint,10,1,10,33.33
is-boolean-object,10,1,10,33.33
is-map,10,1,10,33.33
is-number-object,10,1,10,33.33
is-set,10,1,10,33.33
is-shared-array-buffer,10,1,10,33.33
is-string,10,1,10,33.33
is-weakmap,10,1,10,33.33
is-weakset,10,1,10,33.33
lmdb,10,3,10,33.33
methods,10,1,10,33.33
object-is,10,2,10,33.33
ordered-binary,10,2,10,33.33
parse5-html-rewriting-stream,10,2,10,33.33
parse5-sax-parser,10,1,10,33.33
postcss-media-query-parser,10,1,10,33.33
prr,10,1,10,33.33
regenerate,10,1,10,33.33
regenerate-unicode-properties,10,2,10,33.33
regexp.prototype.flags,10,1,10,33.33
regexpu-core,10,2,10,33.33
regjsgen,10,1,10,33.33
regjsparser,10,4,10,33.33
set-function-name,10,1,10,33.33
space-separated-tokens,10,2,10,33.33
stop-iteration-iterator,10,1,10,33.33
string-argv,10,1,10,33.33
stringify-entities,10,3,10,33.33
svelte-check,10,7,10,33.33
trim-lines,10,2,10,33.33
tsconfck,10,3,10,33.33
unicode-canonical-property-names-ecmascript,10,1,10,33.33
unicode-match-property-ecmascript,10,1,10,33.33
unicode-match-property-value-ecmascript,10,1,10,33.33
unicode-property-aliases-ecmascript,10,1,10,33.33
unist-util-position,10,3,10,33.33
unist-util-stringify-position,10,3,10,33.33
vfile,10,3,10,33.33
vfile-message,10,3,10,33.33
vite-plugin-dts,10,2,10,33.33
vite-plugin-externalize-deps,10,2,10,33.33
weak-lru-cache,10,1,10,33.33
which-boxed-primitive,10,1,10,33.33
which-collection,10,1,10,33.33
yoctocolors,10,3,10,33.33
zwitch,10,2,10,33.33
@tanstack/devtools-ui,9,8,18,30.0
srvx,9,8,17,30.0
tailwindcss,9,11,17,30.0
@types/send,9,4,16,30.0
@jsonjoy.com/base64,9,2,15,30.0
@jsonjoy.com/json-pack,9,4,15,30.0
@jsonjoy.com/util,9,3,15,30.0
@rolldown/binding-android-arm-eabi,9,5,15,30.0
rrweb-cssom,9,2,15,30.0
wsl-utils,9,3,15,30.0
@sindresorhus/is,9,6,14,30.0
@types/express,9,4,14,30.0
@types/express-serve-static-core,9,9,14,30.0
@img/sharp-darwin-arm64,9,3,13,30.0
@img/sharp-darwin-x64,9,3,13,30.0
@img/sharp-libvips-darwin-arm64,9,3,13,30.0
@img/sharp-libvips-darwin-x64,9,3,13,30.0
@img/sharp-libvips-linux-arm,9,3,13,30.0
@img/sharp-libvips-linux-arm64,9,3,13,30.0
@img/sharp-libvips-linux-ppc64,9,3,13,30.0
@img/sharp-libvips-linux-riscv64,9,3,13,30.0
@img/sharp-libvips-linux-s390x,9,3,13,30.0
@img/sharp-libvips-linux-x64,9,3,13,30.0
@img/sharp-libvips-linuxmusl-arm64,9,3,13,30.0
@img/sharp-libvips-linuxmusl-x64,9,3,13,30.0
@img/sharp-linux-arm,9,3,13,30.0
@img/sharp-linux-arm64,9,3,13,30.0
@img/sharp-linux-ppc64,9,3,13,30.0
@img/sharp-linux-riscv64,9,3,13,30.0
@img/sharp-linux-s390x,9,3,13,30.0
@img/sharp-linux-x64,9,3,13,30.0
@img/sharp-linuxmusl-arm64,9,3,13,30.0
@img/sharp-linuxmusl-x64,9,3,13,30.0
@img/sharp-wasm32,9,3,13,30.0
@img/sharp-win32-arm64,9,3,13,30.0
@img/sharp-win32-ia32,9,3,13,30.0
@img/sharp-win32-x64,9,3,13,30.0
@tanstack/devtools-event-bus,9,6,13,30.0
@types/serve-static,9,3,13,30.0
pkg-dir,9,4,13,30.0
sharp,9,3,13,30.0
webpack,9,10,13,30.0
@swc/helpers,9,5,12,30.0
@tailwindcss/oxide-wasm32-wasi,9,8,12,30.0
@tanstack/devtools,9,10,12,30.0
@tanstack/react-router,9,5,12,30.0
@tanstack/router-core,9,5,12,30.0
@tanstack/router-utils,9,6,12,30.0
@xmldom/xmldom,9,6,12,30.0
rou3,9,3,12,30.0
spdx-expression-parse,9,3,12,30.0
vscode-languageserver-types,9,4,12,30.0
webpack-sources,9,6,12,30.0
@babel/plugin-transform-arrow-functions,9,3,11,30.0
@babel/plugin-transform-computed-properties,9,4,11,30.0
@babel/plugin-transform-function-name,9,3,11,30.0
@babel/plugin-transform-literals,9,3,11,30.0
@babel/plugin-transform-numeric-separator,9,4,11,30.0
@babel/plugin-transform-shorthand-properties,9,3,11,30.0
@babel/plugin-transform-spread,9,5,11,30.0
@babel/plugin-transform-sticky-regex,9,3,11,30.0
@solid-primitives/keyboard,9,3,11,30.0
@tanstack/devtools-client,9,5,11,30.0
@tanstack/history,9,4,11,30.0
@webassemblyjs/ast,9,3,11,30.0
@webassemblyjs/floating-point-hex-parser,9,3,11,30.0
@webassemblyjs/helper-api-error,9,3,11,30.0
@webassemblyjs/helper-buffer,9,3,11,30.0
@webassemblyjs/helper-wasm-bytecode,9,3,11,30.0
@webassemblyjs/helper-wasm-section,9,3,11,30.0
@webassemblyjs/ieee754,9,3,11,30.0
@webassemblyjs/leb128,9,3,11,30.0
@webassemblyjs/utf8,9,3,11,30.0
@webassemblyjs/wasm-edit,9,3,11,30.0
@webassemblyjs/wasm-gen,9,3,11,30.0
@webassemblyjs/wasm-opt,9,3,11,30.0
@webassemblyjs/wasm-parser,9,3,11,30.0
@webassemblyjs/wast-printer,9,3,11,30.0
postcss-load-config,9,4,11,30.0
spdx-license-ids,9,4,11,30.0
@oozcitak/dom,9,2,10,30.0
@oozcitak/infra,9,2,10,30.0
@oozcitak/url,9,2,10,30.0
@oozcitak/util,9,2,10,30.0
@types/body-parser,9,2,10,30.0
@types/http-errors,9,2,10,30.0
babel-plugin-react-compiler,9,2,10,30.0
clone-deep,9,2,10,30.0
eventsource-parser,9,5,10,30.0
glob-to-regexp,9,2,10,30.0
memfs,9,8,10,30.0
postcss-safe-parser,9,4,10,30.0
shallow-clone,9,2,10,30.0
web-streams-polyfill,9,3,10,30.0
xmlbuilder2,9,2,10,30.0
zod-to-json-schema,9,3,10,30.0
@angular-devkit/schematics,9,6,9,30.0
@angular/cli,9,6,9,30.0
@angular/forms,9,7,9,30.0
@angular/router,9,7,9,30.0
@babel/plugin-syntax-import-attributes,9,3,9,30.0
@img/colour,9,1,9,30.0
@inquirer/checkbox,9,3,9,30.0
@inquirer/editor,9,3,9,30.0
@inquirer/expand,9,3,9,30.0
@inquirer/input,9,3,9,30.0
@inquirer/number,9,3,9,30.0
@inquirer/password,9,3,9,30.0
@inquirer/prompts,9,3,9,30.0
@inquirer/rawlist,9,3,9,30.0
@inquirer/search,9,3,9,30.0
@inquirer/select,9,3,9,30.0
@listr2/prompt-adapter-inquirer,9,3,9,30.0
@lit-labs/ssr-dom-shim,9,3,9,30.0
@lit/reactive-element,9,2,9,30.0
@modelcontextprotocol/sdk,9,4,9,30.0
@playwright/test,9,7,9,30.0
@schematics/angular,9,6,9,30.0
@size-limit/file,9,4,9,30.0
@size-limit/preset-small-lib,9,4,9,30.0
@solidjs/testing-library,9,1,9,30.0
@tanstack/react-devtools,9,7,9,30.0
@types/ms,9,2,9,30.0
@types/range-parser,9,1,9,30.0
@xtuc/ieee754,9,1,9,30.0
@xtuc/long,9,1,9,30.0
abort-controller,9,1,9,30.0
alien-signals,9,2,9,30.0
bail,9,2,9,30.0
chrome-trace-event,9,2,9,30.0
detect-node,9,2,9,30.0
event-target-shim,9,1,9,30.0
exponential-backoff,9,1,9,30.0
fetchdts,9,1,9,30.0
html-void-elements,9,3,9,30.0
http-proxy,9,2,9,30.0
hyperdyperid,9,1,9,30.0
istanbul-lib-report,9,1,9,30.0
istanbul-reports,9,1,9,30.0
json-schema-typed,9,1,9,30.0
jsonparse,9,1,9,30.0
lit,9,3,9,30.0
lit-element,9,2,9,30.0
lit-html,9,3,9,30.0
meow,9,3,9,30.0
micromark-util-character,9,3,9,30.0
micromark-util-encode,9,3,9,30.0
micromark-util-sanitize-uri,9,3,9,30.0
micromark-util-symbol,9,3,9,30.0
micromark-util-types,9,3,9,30.0
minimalistic-assert,9,1,9,30.0
nanospinner,9,1,9,30.0
nwsapi,9,5,9,30.0
pkce-challenge,9,1,9,30.0
requires-port,9,1,9,30.0
rfdc,9,1,9,30.0
size-limit,9,4,9,30.0
spdx-exceptions,9,2,9,30.0
thingies,9,4,9,30.0
tree-dump,9,2,9,30.0
trough,9,3,9,30.0
unified,9,3,9,30.0
unrun,9,6,9,30.0
vscode-languageserver-textdocument,9,3,9,30.0
vue-demi,9,1,9,30.0
http-proxy-middleware,8,6,13,26.67
httpxy,8,5,13,26.67
@tailwindcss/node,8,9,12,26.67
@tailwindcss/oxide,8,9,12,26.67
@tailwindcss/oxide-android-arm64,8,9,12,26.67
@tailwindcss/oxide-darwin-arm64,8,9,12,26.67
@tailwindcss/oxide-darwin-x64,8,9,12,26.67
@tailwindcss/oxide-freebsd-x64,8,9,12,26.67
@tailwindcss/oxide-linux-arm-gnueabihf,8,9,12,26.67
@tailwindcss/oxide-linux-arm64-gnu,8,9,12,26.67
@tailwindcss/oxide-linux-arm64-musl,8,9,12,26.67
@tailwindcss/oxide-linux-x64-gnu,8,9,12,26.67
@tailwindcss/oxide-linux-x64-musl,8,9,12,26.67
@tailwindcss/oxide-win32-arm64-msvc,8,9,12,26.67
@tailwindcss/oxide-win32-x64-msvc,8,9,12,26.67
less,8,8,12,26.67
@babel/preset-env,8,7,11,26.67
@babel/preset-typescript,8,3,11,26.67
@tailwindcss/vite,8,8,11,26.67
@tanstack/router-generator,8,5,11,26.67
@tanstack/router-plugin,8,5,11,26.67
needle,8,3,11,26.67
node-forge,8,4,11,26.67
pump,8,4,11,26.67
tailwind-merge,8,5,11,26.67
vscode-jsonrpc,8,4,11,26.67
vscode-languageserver-protocol,8,4,11,26.67
webpack-dev-middleware,8,5,11,26.67
@babel/plugin-bugfix-firefox-class-in-computed-class-key,8,3,10,26.67
@babel/plugin-bugfix-safari-class-field-initializer-scope,8,3,10,26.67
@babel/plugin-bugfix-safari-id-destructuring-collision-in-function-expression,8,3,10,26.67
@babel/plugin-bugfix-v8-spread-parameters-in-optional-chaining,8,3,10,26.67
@babel/plugin-bugfix-v8-static-class-fields-redefine-readonly,8,4,10,26.67
@babel/plugin-transform-block-scoped-functions,8,3,10,26.67
@babel/plugin-transform-dotall-regex,8,4,10,26.67
@babel/plugin-transform-duplicate-keys,8,3,10,26.67
@babel/plugin-transform-duplicate-named-capturing-groups-regex,8,4,10,26.67
@babel/plugin-transform-dynamic-import,8,3,10,26.67
@babel/plugin-transform-explicit-resource-management,8,3,10,26.67
@babel/plugin-transform-exponentiation-operator,8,4,10,26.67
@babel/plugin-transform-json-strings,8,4,10,26.67
@babel/plugin-transform-member-expression-literals,8,3,10,26.67
@babel/plugin-transform-modules-amd,8,3,10,26.67
@babel/plugin-transform-modules-systemjs,8,5,10,26.67
@babel/plugin-transform-modules-umd,8,3,10,26.67
@babel/plugin-transform-new-target,8,3,10,26.67
@babel/plugin-transform-object-super,8,3,10,26.67
@babel/plugin-transform-property-literals,8,3,10,26.67
@babel/plugin-transform-regexp-modifiers,8,4,10,26.67
@babel/plugin-transform-reserved-words,8,3,10,26.67
@babel/plugin-transform-template-literals,8,3,10,26.67
@babel/plugin-transform-typeof-symbol,8,3,10,26.67
@babel/plugin-transform-unicode-escapes,8,3,10,26.67
@babel/plugin-transform-unicode-property-regex,8,4,10,26.67
@babel/plugin-transform-unicode-sets-regex,8,4,10,26.67
@babel/preset-modules,8,2,10,26.67
@tanstack/react-start,8,4,10,26.67
@tanstack/react-start-client,8,4,10,26.67
@tanstack/react-start-server,8,4,10,26.67
@tanstack/start-client-core,8,4,10,26.67
@tanstack/start-plugin-core,8,4,10,26.67
@tanstack/start-server-core,8,4,10,26.67
@tanstack/start-storage-context,8,4,10,26.67
autoprefixer,8,7,10,26.67
ip-address,8,5,10,26.67
known-css-properties,8,2,10,26.67
powershell-utils,8,2,10,26.67
@algolia/client-common,8,5,9,26.67
@algolia/client-search,8,5,9,26.67
@algolia/requester-browser-xhr,8,5,9,26.67
@algolia/requester-node-http,8,5,9,26.67
@floating-ui/core,8,3,9,26.67
@floating-ui/dom,8,3,9,26.67
@floating-ui/utils,8,3,9,26.67
@tanstack/react-start-rsc,8,3,9,26.67
@tanstack/virtual-file-routes,8,3,9,26.67
@tanstack/vite-config,8,5,9,26.67
@tsrx/core,8,6,9,26.67
@types/prop-types,8,5,9,26.67
@types/retry,8,2,9,26.67
algoliasearch,8,5,9,26.67
babel-loader,8,5,9,26.67
cjs-module-lexer,8,3,9,26.67
vue-tsc,8,5,9,26.67
webpack-dev-server,8,7,9,26.67
@algolia/client-analytics,8,4,8,26.67
@angular/platform-browser-dynamic,8,7,8,26.67
@babel/plugin-proposal-private-methods,8,1,8,26.67
@babel/plugin-proposal-private-property-in-object,8,1,8,26.67
@babel/plugin-syntax-import-assertions,8,3,8,26.67
@babel/plugin-syntax-unicode-sets-regex,8,1,8,26.67
@changesets/format,8,1,8,26.67
@discoveryjs/json-ext,8,3,8,26.67
@eslint-react/jsx,8,6,8,26.67
@humanfs/types,8,1,8,26.67
@manypkg/tools,8,1,8,26.67
@peculiar/asn1-schema,8,5,8,26.67
@pnpm/deps.graph-sequencer,8,1,8,26.67
@rollup/plugin-json,8,1,8,26.67
@svitejs/changesets-changelog-github-compact,8,1,8,26.67
@tanstack/start-fn-stubs,8,2,8,26.67
@types/debug,8,3,8,26.67
@types/jsesc,8,1,8,26.67
@types/mime,8,1,8,26.67
@webassemblyjs/helper-numbers,8,1,8,26.67
asn1js,8,3,8,26.67
batch,8,1,8,26.67
birpc,8,3,8,26.67
common-path-prefix,8,1,8,26.67
computeds,8,1,8,26.67
config-chain,8,2,8,26.67
connect-history-api-fallback,8,2,8,26.67
dns-packet,8,2,8,26.67
es-get-iterator,8,1,8,26.67
eslint-plugin-react-compiler,8,2,8,26.67
fetch-blob,8,1,8,26.67
formdata-polyfill,8,1,8,26.67
hast-util-to-html,8,3,8,26.67
is-generator-function,8,2,8,26.67
is-in-ssh,8,1,8,26.67
multicast-dns,8,2,8,26.67
node-domexception,8,1,8,26.67
obuf,8,1,8,26.67
octane,8,5,8,26.67
pako,8,2,8,26.67
parse-node-version,8,1,8,26.67
process,8,1,8,26.67
prop-types,8,1,8,26.67
proto-list,8,1,8,26.67
pvtsutils,8,1,8,26.67
pvutils,8,3,8,26.67
randombytes,8,1,8,26.67
remove-accents,8,1,8,26.67
selfsigned,8,3,8,26.67
serve-index,8,2,8,26.67
stylis,8,3,8,26.67
tagged-tag,8,1,8,26.67
thunky,8,1,8,26.67
tiny-invariant,8,3,8,26.67
vscode-languageserver,8,2,8,26.67
xtend,8,1,8,26.67
yoctocolors-cjs,8,2,8,26.67
loader-utils,7,6,15,23.33
d3-array,7,5,14,23.33
@jsonjoy.com/buffers,7,2,13,23.33
@jsonjoy.com/codegen,7,2,13,23.33
@jsonjoy.com/json-pointer,7,2,13,23.33
unenv,7,3,12,23.33
youch,7,4,12,23.33
@cloudflare/kv-asset-handler,7,3,11,23.33
@poppinss/dumper,7,3,11,23.33
cacache,7,6,11,23.33
@poppinss/colors,7,2,10,23.33
@radix-ui/react-slot,7,4,10,23.33
@speed-highlight/core,7,6,10,23.33
p-timeout,7,6,10,23.33
pretty-bytes,7,4,10,23.33
ssri,7,5,10,23.33
verkit,7,3,10,23.33
@poppinss/exception,7,2,9,23.33
@tanstack/devtools-utils,7,3,9,23.33
@tanstack/router-devtools-core,7,7,9,23.33
css-loader,7,6,9,23.33
d3-color,7,3,9,23.33
d3-format,7,5,9,23.33
d3-time,7,4,9,23.33
d3-time-format,7,4,9,23.33
fflate,7,3,9,23.33
gzip-size,7,4,9,23.33
ohash,7,3,9,23.33
set-cookie-parser,7,4,9,23.33
strip-literal,7,3,9,23.33
@algolia/requester-fetch,7,4,8,23.33
@one-ini/wasm,7,2,8,23.33
@parcel/watcher-win32-ia32,7,2,8,23.33
@tanstack/react-router-devtools,7,6,8,23.33
ast-types,7,3,8,23.33
b4a,7,4,8,23.33
bare-events,7,5,8,23.33
d3-interpolate,7,3,8,23.33
d3-scale,7,4,8,23.33
editorconfig,7,3,8,23.33
emojis-list,7,2,8,23.33
faye-websocket,7,3,8,23.33
fs-minipass,7,2,8,23.33
glob-to-regex.js,7,2,8,23.33
minipass-collect,7,2,8,23.33
minipass-pipeline,7,2,8,23.33
postcss-modules-local-by-default,7,3,8,23.33
sirv,7,2,8,23.33
streamx,7,5,8,23.33
text-decoder,7,2,8,23.33
websocket-driver,7,4,8,23.33
whatwg-fetch,7,3,8,23.33
@acemir/cssom,7,3,7,23.33
@algolia/abtesting,7,3,7,23.33
@algolia/client-abtesting,7,3,7,23.33
@algolia/client-insights,7,3,7,23.33
@algolia/client-personalization,7,3,7,23.33
@algolia/client-query-suggestions,7,3,7,23.33
@algolia/ingestion,7,3,7,23.33
@algolia/monitoring,7,3,7,23.33
@algolia/recommend,7,3,7,23.33
@bramus/specificity,7,1,7,23.33
@harperfast/extended-iterable,7,1,7,23.33
@jridgewell/set-array,7,2,7,23.33
@keyv/serialize,7,1,7,23.33
@leichtgewicht/ip-codec,7,1,7,23.33
@peculiar/asn1-ecc,7,4,7,23.33
@peculiar/asn1-rsa,7,4,7,23.33
@peculiar/asn1-x509,7,4,7,23.33
@pnpm/exe.android-arm64,7,5,7,23.33
@pnpm/exe.android-x64,7,5,7,23.33
@pnpm/exe.darwin-arm64,7,5,7,23.33
@pnpm/exe.darwin-x64,7,5,7,23.33
@pnpm/exe.freebsd-x64,7,5,7,23.33
@pnpm/exe.linux-arm64,7,5,7,23.33
@pnpm/exe.linux-arm64-musl,7,5,7,23.33
@pnpm/exe.linux-ppc64,7,5,7,23.33
@pnpm/exe.linux-riscv64,7,5,7,23.33
@pnpm/exe.linux-s390x,7,5,7,23.33
@pnpm/exe.linux-x64,7,5,7,23.33
@pnpm/exe.linux-x64-musl,7,5,7,23.33
@pnpm/exe.win32-arm64,7,5,7,23.33
@pnpm/exe.win32-x64,7,5,7,23.33
@polka/url,7,2,7,23.33
@preact/preset-vite,7,2,7,23.33
@prefresh/babel-plugin,7,1,7,23.33
@prefresh/core,7,2,7,23.33
@prefresh/utils,7,1,7,23.33
@prefresh/vite,7,1,7,23.33
@radix-ui/react-compose-refs,7,2,7,23.33
@solid-primitives/refs,7,4,7,23.33
@tanstack/solid-devtools,7,5,7,23.33
@testing-library/preact,7,1,7,23.33
@types/bonjour,7,1,7,23.33
@types/connect-history-api-fallback,7,1,7,23.33
@types/serve-index,7,1,7,23.33
@types/whatwg-mimetype,7,1,7,23.33
@types/yargs-parser,7,2,7,23.33
@vue/devtools-api,7,1,7,23.33
@vue/test-utils,7,4,7,23.33
@yuku-codegen/binding-darwin-arm64,7,4,7,23.33
@yuku-codegen/binding-darwin-x64,7,4,7,23.33
@yuku-codegen/binding-freebsd-x64,7,4,7,23.33
@yuku-codegen/binding-linux-arm-gnu,7,4,7,23.33
@yuku-codegen/binding-linux-arm-musl,7,4,7,23.33
@yuku-codegen/binding-linux-arm64-gnu,7,4,7,23.33
@yuku-codegen/binding-linux-arm64-musl,7,4,7,23.33
@yuku-codegen/binding-linux-x64-gnu,7,4,7,23.33
@yuku-codegen/binding-linux-x64-musl,7,4,7,23.33
@yuku-codegen/binding-win32-arm64,7,4,7,23.33
@yuku-codegen/binding-win32-x64,7,4,7,23.33
@yuku-parser/binding-darwin-arm64,7,4,7,23.33
@yuku-parser/binding-darwin-x64,7,4,7,23.33
@yuku-parser/binding-freebsd-x64,7,4,7,23.33
@yuku-parser/binding-linux-arm-gnu,7,4,7,23.33
@yuku-parser/binding-linux-arm-musl,7,4,7,23.33
@yuku-parser/binding-linux-arm64-gnu,7,4,7,23.33
@yuku-parser/binding-linux-arm64-musl,7,4,7,23.33
@yuku-parser/binding-linux-x64-gnu,7,4,7,23.33
@yuku-parser/binding-linux-x64-musl,7,4,7,23.33
@yuku-parser/binding-win32-arm64,7,4,7,23.33
@yuku-parser/binding-win32-x64,7,4,7,23.33
@yuku-toolchain/types,7,4,7,23.33
ansi-html-community,7,1,7,23.33
arg,7,2,7,23.33
ast-kit,7,2,7,23.33
babel-plugin-transform-hook-names,7,1,7,23.33
big.js,7,1,7,23.33
birecord,7,1,7,23.33
bonjour-service,7,3,7,23.33
bytestreamjs,7,1,7,23.33
character-entities,7,2,7,23.33
client-only,7,1,7,23.33
devlop,7,1,7,23.33
duplexer,7,2,7,23.33
error-stack-parser,7,1,7,23.33
error-stack-parser-es,7,1,7,23.33
es-abstract,7,4,7,23.33
es-to-primitive,7,3,7,23.33
esbuild-wasm,7,4,7,23.33
eslint-plugin-react-jsx,7,5,7,23.33
eslint-plugin-react-rsc,7,5,7,23.33
fast-fifo,7,1,7,23.33
find-up-simple,7,1,7,23.33
fraction.js,7,2,7,23.33
generator-function,7,1,7,23.33
globalthis,7,2,7,23.33
handle-thing,7,2,7,23.33
happy-dom,7,4,7,23.33
hoist-non-react-statics,7,1,7,23.33
hpack.js,7,1,7,23.33
http-deceiver,7,1,7,23.33
http-parser-js,7,3,7,23.33
icss-utils,7,2,7,23.33
is-network-error,7,4,7,23.33
is-typed-array,7,1,7,23.33
jest-diff,7,4,7,23.33
js-beautify,7,2,7,23.33
js-cookie,7,3,7,23.33
longest-streak,7,2,7,23.33
mdast-util-to-string,7,4,7,23.33
minipass-flush,7,2,7,23.33
node-gyp,7,3,7,23.33
node-html-parser,7,1,7,23.33
parse-ms,7,2,7,23.33
path-is-absolute,7,1,7,23.33
pkijs,7,3,7,23.33
pnpm,7,5,7,23.33
postcss-loader,7,4,7,23.33
postcss-modules-extract-imports,7,2,7,23.33
postcss-modules-scope,7,2,7,23.33
postcss-modules-values,7,2,7,23.33
pretty-ms,7,4,7,23.33
progress,7,1,7,23.33
recast,7,2,7,23.33
remark-parse,7,4,7,23.33
rollup-plugin-preserve-directives,7,1,7,23.33
select-hose,7,1,7,23.33
serialize-error,7,2,7,23.33
simple-code-frame,7,1,7,23.33
smart-buffer,7,1,7,23.33
sockjs,7,2,7,23.33
socks,7,3,7,23.33
socks-proxy-agent,7,1,7,23.33
spdy,7,1,7,23.33
spdy-transport,7,1,7,23.33
stackframe,7,1,7,23.33
string.prototype.trimend,7,3,7,23.33
string.prototype.trimstart,7,2,7,23.33
tinypool,7,3,7,23.33
totalist,7,1,7,23.33
typed-array-buffer,7,1,7,23.33
vite-prerender-plugin,7,2,7,23.33
vue-component-type-helpers,7,5,7,23.33
wbuf,7,1,7,23.33
webpack-merge,7,2,7,23.33
websocket-extensions,7,1,7,23.33
wildcard,7,1,7,23.33
youch-core,7,1,7,23.33
yuku-ast,7,4,7,23.33
yuku-codegen,7,4,7,23.33
yuku-parser,7,4,7,23.33
zone.js,7,4,7,23.33
crossws,6,6,13,20.0
hookified,6,2,12,20.0
d3-path,6,3,11,20.0
d3-shape,6,3,11,20.0
internmap,6,2,11,20.0
unstorage,6,6,11,20.0
xmlbuilder,6,2,11,20.0
@types/d3-shape,6,5,10,20.0
ofetch,6,3,10,20.0
buffer-crc32,6,2,9,20.0
color,6,5,9,20.0
promise,6,3,9,20.0
terser-webpack-plugin,6,7,9,20.0
@cloudflare/workerd-darwin-64,6,7,8,20.0
@cloudflare/workerd-darwin-arm64,6,7,8,20.0
@cloudflare/workerd-linux-64,6,7,8,20.0
@cloudflare/workerd-linux-arm64,6,7,8,20.0
@cloudflare/workerd-windows-64,6,7,8,20.0
@tanstack/query-devtools,6,7,8,20.0
@types/d3-path,6,3,8,20.0
@types/d3-time,6,3,8,20.0
memoize-one,6,2,8,20.0
miniflare,6,8,8,20.0
next,6,7,8,20.0
npm-normalize-package-bin,6,3,8,20.0
shiki,6,6,8,20.0
web-vitals,6,5,8,20.0
workerd,6,7,8,20.0
write-file-atomic,6,3,8,20.0
@babel/plugin-syntax-flow,6,4,7,20.0
@colors/colors,6,2,7,20.0
@floating-ui/react-dom,6,3,7,20.0
@jsonjoy.com/fs-core,6,6,7,20.0
@jsonjoy.com/fs-fsa,6,6,7,20.0
@jsonjoy.com/fs-node,6,6,7,20.0
@jsonjoy.com/fs-node-builtins,6,6,7,20.0
@jsonjoy.com/fs-node-to-fsa,6,6,7,20.0
@jsonjoy.com/fs-node-utils,6,6,7,20.0
@jsonjoy.com/fs-print,6,6,7,20.0
@jsonjoy.com/fs-snapshot,6,6,7,20.0
@npmcli/fs,6,2,7,20.0
@npmcli/git,6,3,7,20.0
@npmcli/package-json,6,3,7,20.0
@npmcli/promise-spawn,6,2,7,20.0
@radix-ui/react-primitive,6,5,7,20.0
@rollup/plugin-replace,6,2,7,20.0
@types/d3-array,6,3,7,20.0
@types/d3-scale,6,3,7,20.0
color-string,6,4,7,20.0
err-code,6,2,7,20.0
graphql,6,3,7,20.0
iron-webcrypto,6,2,7,20.0
is-obj,6,2,7,20.0
loader-runner,6,4,7,20.0
mini-css-extract-plugin,6,5,7,20.0
node-gyp-build,6,2,7,20.0
node-mock-http,6,4,7,20.0
normalize-package-data,6,4,7,20.0
npm-install-checks,6,2,7,20.0
npm-pick-manifest,6,2,7,20.0
reselect,6,4,7,20.0
sass-loader,6,5,7,20.0
styled-jsx,6,3,7,20.0
supports-hyperlinks,6,3,7,20.0
@babel/plugin-transform-flow-strip-types,6,3,6,20.0
@cacheable/memory,6,1,6,20.0
@cacheable/utils,6,1,6,20.0
@cloudflare/unenv-preset,6,4,6,20.0
@cspotcode/source-map-support,6,1,6,20.0
@emotion/is-prop-valid,6,4,6,20.0
@emotion/memoize,6,3,6,20.0
@emotion/unitless,6,2,6,20.0
@gar/promise-retry,6,1,6,20.0
@jest/get-type,6,1,6,20.0
@keyv/bigmap,6,1,6,20.0
@npmcli/agent,6,2,6,20.0
@npmcli/installed-package-contents,6,1,6,20.0
@npmcli/node-gyp,6,1,6,20.0
@npmcli/redact,6,1,6,20.0
@npmcli/run-script,6,2,6,20.0
@peculiar/asn1-cms,6,3,6,20.0
@peculiar/asn1-csr,6,3,6,20.0
@peculiar/asn1-pfx,6,3,6,20.0
@peculiar/asn1-pkcs8,6,3,6,20.0
@peculiar/asn1-pkcs9,6,3,6,20.0
@peculiar/asn1-x509-attr,6,3,6,20.0
@peculiar/x509,6,1,6,20.0
@radix-ui/primitive,6,3,6,20.0
@radix-ui/react-context,6,2,6,20.0
@radix-ui/react-dismissable-layer,6,4,6,20.0
@radix-ui/react-portal,6,4,6,20.0
@radix-ui/react-presence,6,3,6,20.0
@radix-ui/react-use-callback-ref,6,2,6,20.0
@radix-ui/react-use-controllable-state,6,3,6,20.0
@radix-ui/react-use-escape-keydown,6,2,6,20.0
@radix-ui/react-use-layout-effect,6,2,6,20.0
@rollup/wasm-node,6,6,6,20.0
@sec-ant/readable-stream,6,1,6,20.0
@sigstore/bundle,6,1,6,20.0
@sigstore/core,6,3,6,20.0
@sigstore/protobuf-specs,6,2,6,20.0
@sigstore/sign,6,2,6,20.0
@sigstore/tuf,6,2,6,20.0
@sigstore/verify,6,2,6,20.0
@solidjs/meta,6,1,6,20.0
@sveltejs/load-config,6,2,6,20.0
@tanstack/intent,6,4,6,20.0
@tanstack/pacer-lite,6,3,6,20.0
@tanstack/solid-store,6,4,6,20.0
@tufjs/canonical-json,6,1,6,20.0
@tufjs/models,6,1,6,20.0
@types/eslint,6,1,6,20.0
@types/geojson,6,1,6,20.0
@types/http-proxy,6,2,6,20.0
@types/istanbul-lib-coverage,6,1,6,20.0
@types/istanbul-lib-report,6,1,6,20.0
@types/istanbul-reports,6,1,6,20.0
@types/resolve,6,1,6,20.0
@types/sockjs,6,1,6,20.0
@types/yargs,6,2,6,20.0
@yarnpkg/parsers,6,1,6,20.0
@yuku-codegen/binding-android-arm64,6,3,6,20.0
@yuku-parser/binding-android-arm64,6,3,6,20.0
acorn-import-attributes,6,1,6,20.0
adjust-sourcemap-loader,6,2,6,20.0
anser,6,2,6,20.0
any-promise,6,1,6,20.0
aria-hidden,6,2,6,20.0
arraybuffer.prototype.slice,6,1,6,20.0
asap,6,1,6,20.0
async-function,6,1,6,20.0
async-sema,6,2,6,20.0
bare-fs,6,4,6,20.0
bare-path,6,3,6,20.0
bare-stream,6,4,6,20.0
bare-url,6,4,6,20.0
bindings,6,1,6,20.0
blake3-wasm,6,1,6,20.0
cacheable,6,1,6,20.0
character-reference-invalid,6,2,6,20.0
common-ancestor-path,6,2,6,20.0
commondir,6,1,6,20.0
connect,6,1,6,20.0
d3-delaunay,6,3,6,20.0
d3-ease,6,2,6,20.0
d3-geo,6,3,6,20.0
d3-selection,6,2,6,20.0
d3-timer,6,2,6,20.0
data-view-buffer,6,1,6,20.0
data-view-byte-length,6,1,6,20.0
data-view-byte-offset,6,1,6,20.0
date-fns,6,5,6,20.0
decode-named-character-reference,6,3,6,20.0
delaunator,6,3,6,20.0
dependency-graph,6,2,6,20.0
destr,6,1,6,20.0
events-universal,6,1,6,20.0
file-uri-to-path,6,1,6,20.0
front-matter,6,1,6,20.0
fs.realpath,6,1,6,20.0
function.prototype.name,6,2,6,20.0
get-symbol-description,6,1,6,20.0
has-proto,6,1,6,20.0
hashery,6,1,6,20.0
hast-util-from-parse5,6,3,6,20.0
hast-util-parse-selector,6,3,6,20.0
hast-util-raw,6,3,6,20.0
hast-util-to-parse5,6,4,6,20.0
hastscript,6,3,6,20.0
ignore-walk,6,1,6,20.0
inflight,6,1,6,20.0
is-alphabetical,6,2,6,20.0
is-alphanumerical,6,2,6,20.0
is-async-function,6,1,6,20.0
is-data-view,6,1,6,20.0
is-decimal,6,2,6,20.0
is-finalizationregistry,6,1,6,20.0
is-hexadecimal,6,2,6,20.0
is-negative-zero,6,1,6,20.0
is-path-inside,6,2,6,20.0
is-weakref,6,1,6,20.0
jest-get-type,6,1,6,20.0
leven,6,1,6,20.0
make-fetch-happen,6,2,6,20.0
markdown-table,6,3,6,20.0
mdast-util-from-markdown,6,4,6,20.0
mdast-util-phrasing,6,2,6,20.0
mdast-util-to-markdown,6,2,6,20.0
micromark,6,3,6,20.0
micromark-core-commonmark,6,3,6,20.0
micromark-factory-destination,6,3,6,20.0
micromark-factory-label,6,3,6,20.0
micromark-factory-space,6,3,6,20.0
micromark-factory-title,6,3,6,20.0
micromark-factory-whitespace,6,3,6,20.0
micromark-util-chunked,6,3,6,20.0
micromark-util-classify-character,6,3,6,20.0
micromark-util-combine-extensions,6,3,6,20.0
micromark-util-decode-numeric-character-reference,6,3,6,20.0
micromark-util-decode-string,6,3,6,20.0
micromark-util-html-tag-name,6,3,6,20.0
micromark-util-normalize-identifier,6,3,6,20.0
micromark-util-resolve-all,6,3,6,20.0
micromark-util-subtokenize,6,3,6,20.0
minipass-fetch,6,1,6,20.0
minipass-sized,6,1,6,20.0
mz,6,1,6,20.0
node-fetch-native,6,2,6,20.0
node-int64,6,1,6,20.0
node-machine-id,6,1,6,20.0
npm-bundled,6,1,6,20.0
npm-packlist,6,2,6,20.0
npm-registry-fetch,6,1,6,20.0
own-keys,6,1,6,20.0
pacote,6,3,6,20.0
parse-entities,6,2,6,20.0
parse-gitignore,6,1,6,20.0
pirates,6,1,6,20.0
plist,6,2,6,20.0
preact-render-to-string,6,5,6,20.0
promise-retry,6,1,6,20.0
prompts,6,1,6,20.0
qified,6,1,6,20.0
radix3,6,1,6,20.0
reflect.getprototypeof,6,1,6,20.0
regex-parser,6,2,6,20.0
remark-rehype,6,2,6,20.0
resolve-url-loader,6,2,6,20.0
safe-array-concat,6,2,6,20.0
safe-push-apply,6,1,6,20.0
set-proto,6,1,6,20.0
sigstore,6,2,6,20.0
spdx-correct,6,2,6,20.0
split2,6,1,6,20.0
stacktrace-parser,6,2,6,20.0
string.prototype.trim,6,2,6,20.0
teex,6,1,6,20.0
thenify,6,1,6,20.0
thenify-all,6,1,6,20.0
tsyringe,6,1,6,20.0
tuf-js,6,1,6,20.0
typed-array-byte-length,6,1,6,20.0
typed-array-byte-offset,6,1,6,20.0
typed-array-length,6,2,6,20.0
ultrahtml,6,2,6,20.0
unbox-primitive,6,1,6,20.0
uncrypto,6,1,6,20.0
uqr,6,2,6,20.0
validate-npm-package-license,6,1,6,20.0
vfile-location,6,3,6,20.0
vlq,6,1,6,20.0
web-namespaces,6,2,6,20.0
which-builtin-type,6,1,6,20.0
wrangler,6,6,6,20.0
bplist-parser,5,2,10,16.67
source-map-url,5,3,9,16.67
@parcel/watcher-wasm,5,4,8,16.67
@react-native/normalize-colors,5,7,8,16.67
babel-plugin-syntax-hermes-parser,5,7,8,16.67
c12,5,4,8,16.67
citty,5,3,8,16.67
perfect-debounce,5,3,8,16.67
@expo/json-file,5,5,7,16.67
@next/env,5,6,7,16.67
@next/swc-darwin-arm64,5,6,7,16.67
@next/swc-darwin-x64,5,6,7,16.67
@next/swc-linux-arm64-gnu,5,6,7,16.67
@next/swc-linux-arm64-musl,5,6,7,16.67
@next/swc-linux-x64-gnu,5,6,7,16.67
@next/swc-linux-x64-musl,5,6,7,16.67
@next/swc-win32-arm64-msvc,5,6,7,16.67
@next/swc-win32-x64-msvc,5,6,7,16.67
@react-native/babel-plugin-codegen,5,7,7,16.67
@react-native/codegen,5,7,7,16.67
@react-native/js-polyfills,5,7,7,16.67
@rollup/rollup-linux-loongarch64-gnu,5,5,7,16.67
@shikijs/core,5,5,7,16.67
@shikijs/engine-javascript,5,5,7,16.67
@vercel/nft,5,5,7,16.67
drizzle-orm,5,4,7,16.67
extend-shallow,5,2,7,16.67
giget,5,2,7,16.67
is-extendable,5,2,7,16.67
lucide-react,5,5,7,16.67
metro,5,6,7,16.67
metro-babel-transformer,5,6,7,16.67
metro-cache,5,6,7,16.67
metro-cache-key,5,6,7,16.67
metro-config,5,6,7,16.67
metro-core,5,6,7,16.67
metro-file-map,5,6,7,16.67
metro-minify-terser,5,6,7,16.67
metro-resolver,5,6,7,16.67
metro-runtime,5,6,7,16.67
metro-source-map,5,6,7,16.67
metro-symbolicate,5,6,7,16.67
metro-transform-plugins,5,6,7,16.67
metro-transform-worker,5,6,7,16.67
ob1,5,6,7,16.67
oniguruma-to-es,5,4,7,16.67
rc9,5,2,7,16.67
regex,5,2,7,16.67
regex-recursion,5,2,7,16.67
unplugin-utils,5,4,7,16.67
util,5,4,7,16.67
@angular-devkit/build-angular,5,5,6,16.67
@angular-devkit/build-webpack,5,5,6,16.67
@expo/cli,5,6,6,16.67
@expo/config,5,6,6,16.67
@expo/config-plugins,5,6,6,16.67
@expo/config-types,5,5,6,16.67
@expo/env,5,6,6,16.67
@expo/fingerprint,5,6,6,16.67
@expo/image-utils,5,6,6,16.67
@expo/metro-config,5,6,6,16.67
@expo/plist,5,5,6,16.67
@expo/prebuild-config,5,6,6,16.67
@expo/schema-utils,5,4,6,16.67
@ioredis/commands,5,4,6,16.67
@jest/types,5,2,6,16.67
@mapbox/node-pre-gyp,5,2,6,16.67
@ngtools/webpack,5,5,6,16.67
@react-native/assets-registry,5,6,6,16.67
@react-native/community-cli-plugin,5,6,6,16.67
@react-native/debugger-frontend,5,6,6,16.67
@react-native/dev-middleware,5,6,6,16.67
@react-native/gradle-plugin,5,6,6,16.67
@react-native/virtualized-lists,5,6,6,16.67
@rollup/plugin-alias,5,2,6,16.67
@rollup/plugin-commonjs,5,4,6,16.67
@rollup/plugin-node-resolve,5,2,6,16.67
@rollup/plugin-terser,5,2,6,16.67
@tanstack/react-query-devtools,5,5,6,16.67
@types/d3-color,5,2,6,16.67
@types/d3-geo,5,2,6,16.67
@types/d3-interpolate,5,2,6,16.67
archiver,5,2,6,16.67
babel-plugin-react-native-web,5,2,6,16.67
babel-preset-expo,5,6,6,16.67
compress-commons,5,2,6,16.67
consola,5,2,6,16.67
crc32-stream,5,2,6,16.67
croner,5,2,6,16.67
db0,5,2,6,16.67
estree-util-is-identifier-name,5,3,6,16.67
expo,5,6,6,16.67
expo-asset,5,6,6,16.67
expo-constants,5,6,6,16.67
expo-file-system,5,6,6,16.67
expo-font,5,6,6,16.67
expo-keep-awake,5,6,6,16.67
expo-modules-autolinking,5,6,6,16.67
expo-modules-core,5,6,6,16.67
filter-obj,5,2,6,16.67
get-port-please,5,2,6,16.67
html-tags,5,2,6,16.67
ioredis,5,5,6,16.67
jest-util,5,2,6,16.67
knitwork,5,2,6,16.67
lan-network,5,3,6,16.67
loupe,5,3,6,16.67
mimic-response,5,3,6,16.67
ng-packagr,5,5,6,16.67
nitropack,5,4,6,16.67
nypm,5,4,6,16.67
p-event,5,4,6,16.67
pngjs,5,2,6,16.67
react-native,5,6,6,16.67
read-pkg,5,4,6,16.67
readdir-glob,5,2,6,16.67
rollup-plugin-visualizer,5,4,6,16.67
simple-swizzle,5,2,6,16.67
smob,5,2,6,16.67
unctx,5,2,6,16.67
unimport,5,4,6,16.67
unwasm,5,2,6,16.67
vite-node,5,4,6,16.67
xml2js,5,2,6,16.67
zip-stream,5,2,6,16.67
@analogjs/vite-plugin-angular,5,5,5,16.67
@angular/animations,5,5,5,16.67
@babel/highlight,5,2,5,16.67
@babel/plugin-proposal-export-default-from,5,2,5,16.67
@babel/plugin-syntax-dynamic-import,5,1,5,16.67
@babel/plugin-syntax-export-default-from,5,2,5,16.67
@babel/plugin-syntax-nullish-coalescing-operator,5,1,5,16.67
@babel/plugin-syntax-optional-chaining,5,1,5,16.67
@babel/plugin-transform-react-display-name,5,2,5,16.67
@babel/plugin-transform-react-pure-annotations,5,2,5,16.67
@commitlint/parse,5,4,5,16.67
@commitlint/types,5,4,5,16.67
@eslint-react/eslint,5,4,5,16.67
@expo/code-signing-certificates,5,1,5,16.67
@expo/devcert,5,1,5,16.67
@expo/devtools,5,4,5,16.67
@expo/metro,5,3,5,16.67
@expo/osascript,5,3,5,16.67
@expo/package-manager,5,3,5,16.67
@expo/require-utils,5,5,5,16.67
@expo/sdk-runtime-versions,5,1,5,16.67
@expo/spawn-async,5,2,5,16.67
@expo/sudo-prompt,5,1,5,16.67
@expo/ws-tunnel,5,2,5,16.67
@expo/xcpretty,5,3,5,16.67
@img/sharp-freebsd-wasm32,5,2,5,16.67
@img/sharp-webcontainers-wasm32,5,2,5,16.67
@isaacs/ttlcache,5,1,5,16.67
@kwsites/file-exists,5,1,5,16.67
@kwsites/promise-deferred,5,1,5,16.67
@package-json/types,5,1,5,16.67
@peculiar/utils,5,1,5,16.67
@radix-ui/react-arrow,5,4,5,16.67
@radix-ui/react-collection,5,3,5,16.67
@radix-ui/react-dialog,5,3,5,16.67
@radix-ui/react-direction,5,2,5,16.67
@radix-ui/react-focus-guards,5,3,5,16.67
@radix-ui/react-focus-scope,5,3,5,16.67
@radix-ui/react-id,5,2,5,16.67
@radix-ui/react-popper,5,4,5,16.67
@radix-ui/react-roving-focus,5,3,5,16.67
@radix-ui/react-use-effect-event,5,2,5,16.67
@radix-ui/react-use-rect,5,2,5,16.67
@radix-ui/react-use-size,5,2,5,16.67
@radix-ui/rect,5,2,5,16.67
@rollup/plugin-inject,5,1,5,16.67
@size-limit/rolldown,5,2,5,16.67
@tanstack/match-sorter-utils,5,2,5,16.67
@tanstack/vue-query,5,4,5,16.67
@tanstack/vue-store,5,2,5,16.67
@tsconfig/svelte,5,2,5,16.67
@types/cookie,5,1,5,16.67
@types/d3-delaunay,5,2,5,16.67
@types/d3-ease,5,1,5,16.67
@types/d3-format,5,2,5,16.67
@types/d3-timer,5,1,5,16.67
@types/eslint-scope,5,1,5,16.67
@typescript/typescript-aix-ppc64,5,1,5,16.67
@typescript/typescript-darwin-arm64,5,1,5,16.67
@typescript/typescript-darwin-x64,5,1,5,16.67
@typescript/typescript-freebsd-arm64,5,1,5,16.67
@typescript/typescript-freebsd-x64,5,1,5,16.67
@typescript/typescript-linux-arm,5,1,5,16.67
@typescript/typescript-linux-arm64,5,1,5,16.67
@typescript/typescript-linux-loong64,5,1,5,16.67
@typescript/typescript-linux-mips64el,5,1,5,16.67
@typescript/typescript-linux-ppc64,5,1,5,16.67
@typescript/typescript-linux-riscv64,5,1,5,16.67
@typescript/typescript-linux-s390x,5,1,5,16.67
@typescript/typescript-linux-x64,5,1,5,16.67
@typescript/typescript-netbsd-arm64,5,1,5,16.67
@typescript/typescript-netbsd-x64,5,1,5,16.67
@typescript/typescript-openbsd-arm64,5,1,5,16.67
@typescript/typescript-openbsd-x64,5,1,5,16.67
@typescript/typescript-sunos-x64,5,1,5,16.67
@typescript/typescript-win32-arm64,5,1,5,16.67
@typescript/typescript-win32-x64,5,1,5,16.67
@vscode/l10n,5,2,5,16.67
archiver-utils,5,1,5,16.67
array-ify,5,1,5,16.67
array.prototype.flatmap,5,1,5,16.67
at-least-node,5,1,5,16.67
babel-plugin-transform-flow-enums,5,1,5,16.67
bare-os,5,3,5,16.67
big-integer,5,1,5,16.67
bplist-creator,5,1,5,16.67
browserify-zlib,5,2,5,16.67
bser,5,1,5,16.67
buffer-equal-constant-time,5,1,5,16.67
check-error,5,2,5,16.67
chrome-launcher,5,1,5,16.67
chromium-edge-launcher,5,2,5,16.67
clipboardy,5,2,5,16.67
cluster-key-slot,5,2,5,16.67
compare-func,5,1,5,16.67
compatx,5,1,5,16.67
conventional-changelog-angular,5,2,5,16.67
conventional-commits-parser,5,2,5,16.67
copy-webpack-plugin,5,1,5,16.67
crc-32,5,1,5,16.67
d3,5,2,5,16.67
d3-axis,5,2,5,16.67
d3-brush,5,2,5,16.67
d3-chord,5,2,5,16.67
d3-contour,5,2,5,16.67
d3-dispatch,5,2,5,16.67
d3-drag,5,2,5,16.67
d3-dsv,5,2,5,16.67
d3-fetch,5,2,5,16.67
d3-force,5,2,5,16.67
d3-hierarchy,5,2,5,16.67
d3-polygon,5,2,5,16.67
d3-quadtree,5,2,5,16.67
d3-random,5,2,5,16.67
d3-scale-chromatic,5,2,5,16.67
d3-transition,5,2,5,16.67
d3-zoom,5,2,5,16.67
decompress-response,5,3,5,16.67
deep-eql,5,1,5,16.67
denque,5,1,5,16.67
detect-node-es,5,1,5,16.67
dom-helpers,5,1,5,16.67
ecdsa-sig-formatter,5,1,5,16.67
es-shim-unscopables,5,1,5,16.67
eslint-import-resolver-node,5,2,5,16.67
eslint-plugin-solid,5,3,5,16.67
eslint-plugin-svelte,5,2,5,16.67
expo-server,5,5,5,16.67
fast-check,5,1,5,16.67
fb-watchman,5,1,5,16.67
find-cache-directory,5,1,5,16.67
flow-enums-runtime,5,1,5,16.67
fontfaceobserver,5,1,5,16.67
get-nonce,5,1,5,16.67
getenv,5,1,5,16.67
highlight.js,5,2,5,16.67
http-shutdown,5,1,5,16.67
injection-js,5,1,5,16.67
invariant,5,1,5,16.67
is-html,5,1,5,16.67
is-module,5,1,5,16.67
jest-validate,5,1,5,16.67
jimp-compact,5,1,5,16.67
jsc-safe-url,5,1,5,16.67
jwa,5,1,5,16.67
jws,5,1,5,16.67
karma-source-map-support,5,1,5,16.67
kebab-case,5,1,5,16.67
klona,5,1,5,16.67
lazystream,5,1,5,16.67
less-loader,5,3,5,16.67
license-webpack-plugin,5,1,5,16.67
lighthouse-logger,5,1,5,16.67
listhen,5,2,5,16.67
lodash.throttle,5,1,5,16.67
lower-case,5,2,5,16.67
makeerror,5,1,5,16.67
marky,5,1,5,16.67
mdast-util-find-and-replace,5,2,5,16.67
mdast-util-gfm,5,2,5,16.67
mdast-util-gfm-autolink-literal,5,2,5,16.67
mdast-util-gfm-footnote,5,2,5,16.67
mdast-util-gfm-strikethrough,5,2,5,16.67
mdast-util-gfm-table,5,2,5,16.67
mdast-util-gfm-task-list-item,5,2,5,16.67
mdast-util-mdx-expression,5,2,5,16.67
mdast-util-mdx-jsx,5,2,5,16.67
mdast-util-mdxjs-esm,5,2,5,16.67
micromark-extension-gfm,5,2,5,16.67
micromark-extension-gfm-autolink-literal,5,2,5,16.67
micromark-extension-gfm-footnote,5,2,5,16.67
micromark-extension-gfm-strikethrough,5,2,5,16.67
micromark-extension-gfm-table,5,3,5,16.67
micromark-extension-gfm-tagfilter,5,2,5,16.67
micromark-extension-gfm-task-list-item,5,2,5,16.67
no-case,5,2,5,16.67
nullthrows,5,1,5,16.67
object-hash,5,3,5,16.67
object.entries,5,1,5,16.67
object.values,5,2,5,16.67
oniguruma-parser,5,2,5,16.67
parse-png,5,1,5,16.67
pathval,5,2,5,16.67
pend,5,1,5,16.67
postcss-scss,5,1,5,16.67
pure-rand,5,1,5,16.67
react-devtools-core,5,1,5,16.67
react-remove-scroll,5,2,5,16.67
react-remove-scroll-bar,5,1,5,16.67
react-style-singleton,5,1,5,16.67
react-transition-group,5,2,5,16.67
redis-errors,5,1,5,16.67
redis-parser,5,1,5,16.67
regex-utilities,5,1,5,16.67
rehype-raw,5,2,5,16.67
remark-gfm,5,2,5,16.67
remark-stringify,5,2,5,16.67
resolve-workspace-root,5,1,5,16.67
ret,5,2,5,16.67
robust-predicates,5,2,5,16.67
rollup-plugin-dts,5,1,5,16.67
rw,5,1,5,16.67
serve-placeholder,5,1,5,16.67
setimmediate,5,1,5,16.67
simple-git,5,3,5,16.67
simple-plist,5,1,5,16.67
slugify,5,3,5,16.67
source-map-loader,5,1,5,16.67
standard-as-callback,5,1,5,16.67
stream-buffers,5,1,5,16.67
structured-headers,5,1,5,16.67
sucrase,5,2,5,16.67
svelte-eslint-parser,5,3,5,16.67
terminal-link,5,1,5,16.67
throat,5,1,5,16.67
through,5,1,5,16.67
through2,5,2,5,16.67
tinyspy,5,3,5,16.67
tmpl,5,1,5,16.67
toml,5,2,5,16.67
ts-interface-checker,5,1,5,16.67
typed-assert,5,1,5,16.67
untun,5,2,5,16.67
untyped,5,1,5,16.67
use-callback-ref,5,1,5,16.67
use-sidecar,5,1,5,16.67
vscode-html-languageservice,5,2,5,16.67
walker,5,1,5,16.67
webpack-subresource-integrity,5,1,5,16.67
xcode,5,1,5,16.67
xxhash-wasm,5,1,5,16.67
yauzl,5,2,5,16.67
concurrently,4,5,7,13.33
@babel/plugin-bugfix-safari-rest-destructuring-rhs-array,4,2,6,13.33
protobufjs,4,6,6,13.33
@anthropic-ai/sdk,4,3,5,13.33
@bufbuild/protobuf,4,3,5,13.33
@internationalized/number,4,3,5,13.33
@opentelemetry/api,4,2,5,13.33
@react-native/babel-preset,4,5,5,13.33
@tanstack/angular-store,4,2,5,13.33
@tanstack/router-ssr-query-core,4,5,5,13.33
@tanstack/vue-query-devtools,4,4,5,13.33
@tsrx/runtime,4,3,5,13.33
@types/cors,4,2,5,13.33
@types/scheduler,4,2,5,13.33
csso,4,3,5,13.33
github-slugger,4,3,5,13.33
interpret,4,3,5,13.33
is-buffer,4,3,5,13.33
jwt-decode,4,2,5,13.33
lodash-es,4,2,5,13.33
pkg-up,4,2,5,13.33
query-string,4,3,5,13.33
rechoir,4,3,5,13.33
request-light,4,2,5,13.33
synckit,4,4,5,13.33
valibot,4,5,5,13.33
@ag-ui/core,4,3,4,13.33
@andrewbranch/untar.js,4,1,4,13.33
@arethetypeswrong/core,4,3,4,13.33
@ark/schema,4,2,4,13.33
@ark/util,4,2,4,13.33
@asamuzakjp/generational-cache,4,1,4,13.33
@babel/plugin-syntax-bigint,4,1,4,13.33
@babel/plugin-syntax-class-properties,4,1,4,13.33
@braidai/lang,4,1,4,13.33
@chevrotain/cst-dts-gen,4,3,4,13.33
@chevrotain/gast,4,3,4,13.33
@chevrotain/types,4,3,4,13.33
@chevrotain/utils,4,3,4,13.33
@cloudflare/vite-plugin,4,4,4,13.33
@emotion/hash,4,2,4,13.33
@eslint-react/eff,4,3,4,13.33
@expo/dom-webview,4,3,4,13.33
@expo/local-build-cache-provider,4,4,4,13.33
@expo/log-box,4,4,4,13.33
@expo/router-server,4,4,4,13.33
@loaderkit/resolve,4,2,4,13.33
@modelcontextprotocol/core,4,2,4,13.33
@modelcontextprotocol/server,4,2,4,13.33
@napi-rs/lzma-linux-x64-gnu,4,1,4,13.33
@neodrag/core,4,1,4,13.33
@neodrag/solid,4,1,4,13.33
@opentelemetry/semantic-conventions,4,3,4,13.33
@pnpm/exe,4,3,4,13.33
@protobufjs/aspromise,4,1,4,13.33
@protobufjs/base64,4,1,4,13.33
@protobufjs/codegen,4,2,4,13.33
@protobufjs/eventemitter,4,2,4,13.33
@protobufjs/fetch,4,2,4,13.33
@protobufjs/float,4,1,4,13.33
@protobufjs/path,4,1,4,13.33
@protobufjs/pool,4,1,4,13.33
@protobufjs/utf8,4,3,4,13.33
@radix-ui/react-checkbox,4,4,4,13.33
@radix-ui/react-dropdown-menu,4,3,4,13.33
@radix-ui/react-hover-card,4,4,4,13.33
@radix-ui/react-menu,4,3,4,13.33
@radix-ui/react-separator,4,4,4,13.33
@radix-ui/react-tabs,4,3,4,13.33
@radix-ui/react-tooltip,4,3,4,13.33
@radix-ui/react-use-previous,4,2,4,13.33
@radix-ui/react-visually-hidden,4,3,4,13.33
@react-native/debugger-shell,4,4,4,13.33
@size-limit/esbuild,4,2,4,13.33
@solid-primitives/map,4,2,4,13.33
@solid-primitives/media,4,2,4,13.33
@solid-primitives/props,4,3,4,13.33
@solid-primitives/transition-group,4,1,4,13.33
@solid-primitives/trigger,4,3,4,13.33
@stablelib/base64,4,1,4,13.33
@sveltejs/vite-plugin-svelte-inspector,4,4,4,13.33
@tanstack/config,4,3,4,13.33
@tanstack/pacer,4,4,4,13.33
@tanstack/preact-store,4,2,4,13.33
@tanstack/react-router-ssr-query,4,4,4,13.33
@tanstack/solid-query,4,4,4,13.33
@tanstack/solid-router,4,2,4,13.33
@testing-library/svelte,4,2,4,13.33
@testing-library/svelte-core,4,2,4,13.33
@testing-library/vue,4,1,4,13.33
@tsrx/typescript-plugin,4,4,4,13.33
@types/d3-brush,4,1,4,13.33
@types/d3-contour,4,1,4,13.33
@types/d3-force,4,1,4,13.33
@types/d3-hierarchy,4,1,4,13.33
@types/d3-polygon,4,1,4,13.33
@types/d3-quadtree,4,1,4,13.33
@types/d3-selection,4,1,4,13.33
@types/d3-time-format,4,2,4,13.33
@types/d3-zoom,4,1,4,13.33
@types/gensync,4,1,4,13.33
@types/minimatch,4,2,4,13.33
@types/parse-json,4,2,4,13.33
@types/react-transition-group,4,2,4,13.33
@unrs/resolver-binding-linux-loong64-gnu,4,1,4,13.33
@unrs/resolver-binding-linux-loong64-musl,4,1,4,13.33
@unrs/resolver-binding-openharmony-arm64,4,1,4,13.33
@vitest/coverage-istanbul,4,3,4,13.33
@volar/kit,4,1,4,13.33
@volar/language-server,4,1,4,13.33
@volar/language-service,4,1,4,13.33
JSONStream,4,1,4,13.33
acorn-import-phases,4,1,4,13.33
alpinejs,4,2,4,13.33
ansi-align,4,2,4,13.33
arktype,4,3,4,13.33
array-includes,4,1,4,13.33
array.prototype.findlast,4,1,4,13.33
array.prototype.flat,4,1,4,13.33
array.prototype.tosorted,4,1,4,13.33
ast-v8-to-istanbul,4,4,4,13.33
babel-plugin-macros,4,2,4,13.33
boxen,4,3,4,13.33
buffer-image-size,4,1,4,13.33
bytes-iec,4,1,4,13.33
camelcase-css,4,1,4,13.33
chevrotain,4,3,4,13.33
class-variance-authority,4,1,4,13.33
cli-boxes,4,2,4,13.33
d3-sankey,4,1,4,13.33
decode-uri-component,4,2,4,13.33
deep-extend,4,1,4,13.33
dnssd-advertise,4,3,4,13.33
doctrine,4,1,4,13.33
dot-case,4,2,4,13.33
duplexify,4,1,4,13.33
effect,4,4,4,13.33
envinfo,4,2,4,13.33
es-iterator-helpers,4,3,4,13.33
escodegen,4,1,4,13.33
eslint-plugin-react,4,1,4,13.33
eslint-plugin-react-debug,4,3,4,13.33
eslint-plugin-react-hooks-extra,4,3,4,13.33
eslint-plugin-vue,4,3,4,13.33
fast-sha256,4,1,4,13.33
fb-dotslash,4,1,4,13.33
fd-slicer,4,1,4,13.33
fetch-nodeshim,4,2,4,13.33
framer-motion,4,3,4,13.33
globalyzer,4,1,4,13.33
graphemer,4,1,4,13.33
gray-matter,4,2,4,13.33
handlebars,4,1,4,13.33
hast-util-is-element,4,2,4,13.33
hast-util-sanitize,4,1,4,13.33
hast-util-to-jsx-runtime,4,1,4,13.33
hermes-compiler,4,4,4,13.33
html-url-attributes,4,1,4,13.33
immediate,4,2,4,13.33
immer,4,4,4,13.33
is-immutable-type,4,2,4,13.33
is-url,4,1,4,13.33
is64bit,4,1,4,13.33
iterator.prototype,4,1,4,13.33
json-parse-better-errors,4,1,4,13.33
json-schema-to-ts,4,1,4,13.33
json-stable-stringify,4,2,4,13.33
json-stringify-safe,4,1,4,13.33
jsonify,4,2,4,13.33
jsx-ast-utils,4,1,4,13.33
junk,4,2,4,13.33
lodash.camelcase,4,1,4,13.33
lodash.defaults,4,1,4,13.33
lodash.isarguments,4,1,4,13.33
long,4,2,4,13.33
minimizer-webpack-plugin,4,4,4,13.33
multitars,4,3,4,13.33
node-exports-info,4,2,4,13.33
object.fromentries,4,1,4,13.33
p-defer,4,2,4,13.33
p-finally,4,1,4,13.33
partial-json,4,1,4,13.33
pascal-case,4,2,4,13.33
path-root,4,1,4,13.33
path-root-regex,4,1,4,13.33
pidtree,4,3,4,13.33
postcss-js,4,2,4,13.33
postcss-nested,4,3,4,13.33
postcss-values-parser,4,2,4,13.33
postgres,4,2,4,13.33
prismjs,4,3,4,13.33
pumpify,4,1,4,13.33
queue,4,1,4,13.33
rc,4,1,4,13.33
react-router,4,3,4,13.33
react-router-dom,4,3,4,13.33
rehype-sanitize,4,1,4,13.33
remove-trailing-separator,4,1,4,13.33
safe-stable-stringify,4,1,4,13.33
section-matter,4,1,4,13.33
shallowequal,4,1,4,13.33
stack-utils,4,2,4,13.33
standardwebhooks,4,2,4,13.33
stream-browserify,4,2,4,13.33
stream-shift,4,2,4,13.33
strict-uri-encode,4,2,4,13.33
string.prototype.matchall,4,1,4,13.33
string.prototype.repeat,4,1,4,13.33
strip-bom-string,4,1,4,13.33
style-to-js,4,2,4,13.33
superjson,4,1,4,13.33
svgo,4,3,4,13.33
system-architecture,4,1,4,13.33
tiny-glob,4,1,4,13.33
tmp-promise,4,1,4,13.33
toqr,4,1,4,13.33
ts-algebra,4,1,4,13.33
tunnel-agent,4,1,4,13.33
typesafe-path,4,1,4,13.33
typescript-auto-import-cache,4,1,4,13.33
ua-parser-js,4,3,4,13.33
uglify-js,4,1,4,13.33
unique-filename,4,3,4,13.33
unique-slug,4,3,4,13.33
unist-util-remove-position,4,3,4,13.33
validate-html-nesting,4,3,4,13.33
volar-service-html,4,1,4,13.33
volar-service-typescript,4,1,4,13.33
vscode-nls,4,1,4,13.33
warn-once,4,1,4,13.33
whatwg-url-minimum,4,2,4,13.33
widest-line,4,3,4,13.33
wordwrap,4,1,4,13.33
zustand,4,3,4,13.33
resolve-package-path,3,3,9,10.0
rsvp,3,3,9,10.0
walk-sync,3,3,9,10.0
bn.js,3,7,7,10.0
find-cache-dir,3,5,7,10.0
@netlify/serverless-functions-api,3,4,6,10.0
@open-draft/deferred-promise,3,2,6,10.0
babel-plugin-ember-template-compilation,3,2,6,10.0
broccoli-plugin,3,2,6,10.0
cose-base,3,2,6,10.0
fs-tree-diff,3,2,6,10.0
hash-base,3,4,6,10.0
layout-base,3,2,6,10.0
matcher-collection,3,2,6,10.0
promise-map-series,3,2,6,10.0
urlpattern-polyfill,3,2,6,10.0
workerpool,3,2,6,10.0
@netlify/blobs,3,4,5,10.0
@netlify/dev-utils,3,4,5,10.0
@netlify/runtime-utils,3,4,5,10.0
@opentelemetry/api-logs,3,5,5,10.0
@opentelemetry/instrumentation,3,5,5,10.0
@tanstack/virtual-core,3,5,5,10.0
@whatwg-node/server,3,4,5,10.0
async-disk-cache,3,2,5,10.0
broccoli-persistent-filter,3,2,5,10.0
drizzle-kit,3,4,5,10.0
editions,3,2,5,10.0
headers-polyfill,3,2,5,10.0
istextorbinary,3,2,5,10.0
lowercase-keys,3,5,5,10.0
msw,3,4,5,10.0
nitro,3,4,5,10.0
normalize-url,3,5,5,10.0
pg-protocol,3,3,5,10.0
tar-fs,3,3,5,10.0
test-exclude,3,3,5,10.0
@cloudflare/workers-types,3,4,4,10.0
@electric-sql/pglite,3,3,4,10.0
@mswjs/interceptors,3,3,4,10.0
@opentelemetry/core,3,4,4,10.0
@opentelemetry/resources,3,4,4,10.0
@opentelemetry/sdk-trace-base,3,4,4,10.0
@rollup/rollup-linux-powerpc64le-gnu,3,3,4,10.0
@tanstack/ai,3,4,4,10.0
@tanstack/ai-client,3,4,4,10.0
@tanstack/ai-event-client,3,4,4,10.0
@tanstack/ai-utils,3,3,4,10.0
@tanstack/markdown,3,2,4,10.0
@types/statuses,3,2,4,10.0
@types/use-sync-external-store,3,2,4,10.0
assert,3,4,4,10.0
browserify-sign,3,4,4,10.0
clean-css,3,3,4,10.0
elliptic,3,3,4,10.0
ember-estree,3,3,4,10.0
env-runner,3,3,4,10.0
got,3,4,4,10.0
html-minifier-terser,3,2,4,10.0
html-webpack-plugin,3,4,4,10.0
import-in-the-middle,3,4,4,10.0
isbinaryfile,3,3,4,10.0
lie,3,2,4,10.0
nf3,3,3,4,10.0
node-abi,3,4,4,10.0
ocache,3,3,4,10.0
p-queue,3,2,4,10.0
pbkdf2,3,4,4,10.0
pg-types,3,2,4,10.0
postgres-array,3,2,4,10.0
postgres-bytea,3,3,4,10.0
postgres-date,3,2,4,10.0
postgres-interval,3,2,4,10.0
pretty-error,3,3,4,10.0
read-package-up,3,2,4,10.0
renderkid,3,3,4,10.0
rettime,3,3,4,10.0
sass-embedded,3,2,4,10.0
sass-embedded-all-unknown,3,2,4,10.0
sass-embedded-android-arm,3,2,4,10.0
sass-embedded-android-arm64,3,2,4,10.0
sass-embedded-android-riscv64,3,2,4,10.0
sass-embedded-android-x64,3,2,4,10.0
sass-embedded-darwin-arm64,3,2,4,10.0
sass-embedded-darwin-x64,3,2,4,10.0
sass-embedded-linux-arm,3,2,4,10.0
sass-embedded-linux-arm64,3,2,4,10.0
sass-embedded-linux-musl-arm,3,2,4,10.0
sass-embedded-linux-musl-arm64,3,2,4,10.0
sass-embedded-linux-musl-riscv64,3,2,4,10.0
sass-embedded-linux-musl-x64,3,2,4,10.0
sass-embedded-linux-riscv64,3,2,4,10.0
sass-embedded-linux-x64,3,2,4,10.0
sass-embedded-unknown-all,3,2,4,10.0
sass-embedded-win32-arm64,3,2,4,10.0
sass-embedded-win32-x64,3,2,4,10.0
use-latest-callback,3,2,4,10.0
@alloc/quick-lru,3,1,3,10.0
@antfu/install-pkg,3,1,3,10.0
@astrojs/prism,3,2,3,10.0
@astrojs/telemetry,3,2,3,10.0
@babel/helper-environment-visitor,3,2,3,10.0
@babel/helper-function-name,3,3,3,10.0
@babel/helper-hoist-variables,3,1,3,10.0
@babel/plugin-syntax-async-generators,3,1,3,10.0
@babel/plugin-syntax-class-static-block,3,1,3,10.0
@babel/plugin-syntax-import-meta,3,1,3,10.0
@babel/plugin-syntax-json-strings,3,1,3,10.0
@babel/plugin-syntax-logical-assignment-operators,3,1,3,10.0
@babel/plugin-syntax-numeric-separator,3,1,3,10.0
@babel/plugin-syntax-object-rest-spread,3,1,3,10.0
@babel/plugin-syntax-optional-catch-binding,3,1,3,10.0
@babel/plugin-syntax-private-property-in-object,3,1,3,10.0
@babel/plugin-syntax-top-level-await,3,1,3,10.0
@babel/preset-react,3,2,3,10.0
@bcoe/v8-coverage,3,1,3,10.0
@braintree/sanitize-url,3,2,3,10.0
@chevrotain/regexp-to-ast,3,2,3,10.0
@corvu/utils,3,1,3,10.0
@dabh/diagnostics,3,2,3,10.0
@dependents/detective-less,3,1,3,10.0
@drizzle-team/brocli,3,1,3,10.0
@ember-data/rfc395-data,3,1,3,10.0
@ember/app-tsconfig,3,1,3,10.0
@ember/test-helpers,3,1,3,10.0
@ember/test-waiters,3,1,3,10.0
@embroider/addon-shim,3,1,3,10.0
@embroider/core,3,1,3,10.0
@embroider/macros,3,1,3,10.0
@embroider/reverse-exports,3,1,3,10.0
@embroider/router,3,1,3,10.0
@embroider/shared-internals,3,1,3,10.0
@embroider/vite,3,1,3,10.0
@emotion/babel-plugin,3,1,3,10.0
@emotion/cache,3,1,3,10.0
@emotion/react,3,1,3,10.0
@emotion/serialize,3,1,3,10.0
@emotion/sheet,3,1,3,10.0
@emotion/styled,3,2,3,10.0
@emotion/use-insertion-effect-with-fallbacks,3,1,3,10.0
@emotion/utils,3,1,3,10.0
@emotion/weak-memoize,3,1,3,10.0
@esbuild-kit/core-utils,3,1,3,10.0
@esbuild-kit/esm-loader,3,1,3,10.0
@eslint-react/kit,3,2,3,10.0
@expo/expo-modules-macros-plugin,3,2,3,10.0
@expo/inline-modules,3,3,3,10.0
@expo/metro-file-map,3,3,3,10.0
@fastify/busboy,3,1,3,10.0
@floating-ui/react,3,3,3,10.0
@glimmer/component,3,1,3,10.0
@glimmer/env,3,1,3,10.0
@glimmer/interfaces,3,1,3,10.0
@glimmer/syntax,3,1,3,10.0
@glimmer/util,3,1,3,10.0
@glimmer/wire-format,3,1,3,10.0
@glint/ember-tsc,3,1,3,10.0
@glint/template,3,1,3,10.0
@glint/tsserver-plugin,3,1,3,10.0
@google/genai,3,3,3,10.0
@handlebars/parser,3,1,3,10.0
@hapi/hoek,3,3,3,10.0
@hapi/topo,3,3,3,10.0
@iconify/types,3,1,3,10.0
@iconify/utils,3,1,3,10.0
@isaacs/balanced-match,3,1,3,10.0
@isaacs/brace-expansion,3,1,3,10.0
@istanbuljs/load-nyc-config,3,1,3,10.0
@jest/environment,3,2,3,10.0
@jest/fake-timers,3,2,3,10.0
@jest/transform,3,2,3,10.0
@kobalte/core,3,1,3,10.0
@kobalte/utils,3,1,3,10.0
@lit/context,3,1,3,10.0
@mermaid-js/parser,3,3,3,10.0
@mui/core-downloads-tracker,3,3,3,10.0
@mui/material,3,3,3,10.0
@mui/private-theming,3,3,3,10.0
@mui/styled-engine,3,3,3,10.0
@mui/system,3,3,3,10.0
@mui/types,3,3,3,10.0
@mui/utils,3,3,3,10.0
@netlify/binary-info,3,1,3,10.0
@netlify/functions,3,2,3,10.0
@netlify/open-api,3,2,3,10.0
@netlify/zip-it-and-ship-it,3,2,3,10.0
@nullvoxpopuli/ember-build-tooling-utils,3,1,3,10.0
@nullvoxpopuli/ember-vite,3,1,3,10.0
@open-draft/logger,3,1,3,10.0
@open-draft/until,3,1,3,10.0
@opentelemetry/context-async-hooks,3,3,3,10.0
@oxc-project/runtime,3,3,3,10.0
@pkgr/core,3,2,3,10.0
@popperjs/core,3,1,3,10.0
@preact/signals-core,3,2,3,10.0
@prisma/client,3,3,3,10.0
@prisma/engines,3,3,3,10.0
@prisma/engines-version,3,3,3,10.0
@protobufjs/inquire,3,2,3,10.0
@radix-ui/number,3,2,3,10.0
@radix-ui/react-accessible-icon,3,3,3,10.0
@radix-ui/react-accordion,3,3,3,10.0
@radix-ui/react-alert-dialog,3,3,3,10.0
@radix-ui/react-aspect-ratio,3,3,3,10.0
@radix-ui/react-avatar,3,3,3,10.0
@radix-ui/react-collapsible,3,3,3,10.0
@radix-ui/react-context-menu,3,3,3,10.0
@radix-ui/react-form,3,3,3,10.0
@radix-ui/react-label,3,3,3,10.0
@radix-ui/react-menubar,3,3,3,10.0
@radix-ui/react-navigation-menu,3,3,3,10.0
@radix-ui/react-popover,3,3,3,10.0
@radix-ui/react-progress,3,3,3,10.0
@radix-ui/react-radio-group,3,3,3,10.0
@radix-ui/react-scroll-area,3,3,3,10.0
@radix-ui/react-select,3,3,3,10.0
@radix-ui/react-slider,3,3,3,10.0
@radix-ui/react-switch,3,3,3,10.0
@radix-ui/react-toast,3,3,3,10.0
@radix-ui/react-toggle,3,3,3,10.0
@radix-ui/react-toggle-group,3,3,3,10.0
@radix-ui/react-toolbar,3,3,3,10.0
@react-navigation/core,3,3,3,10.0
@react-navigation/elements,3,3,3,10.0
@react-navigation/native,3,3,3,10.0
@react-navigation/routers,3,3,3,10.0
@remix-run/router,3,2,3,10.0
@rollup/plugin-babel,3,1,3,10.0
@shikijs/primitive,3,2,3,10.0
@simple-dom/interface,3,1,3,10.0
@sinonjs/commons,3,1,3,10.0
@sinonjs/fake-timers,3,2,3,10.0
@socket.io/component-emitter,3,1,3,10.0
@solid-primitives/keyed,3,1,3,10.0
@solid-primitives/storage,3,1,3,10.0
@sveltejs/kit,3,1,3,10.0
@swc/counter,3,1,3,10.0
@tanstack/ai-anthropic,3,3,3,10.0
@tanstack/ai-react,3,3,3,10.0
@tanstack/angular-devtools,3,1,3,10.0
@tanstack/db,3,3,3,10.0
@tanstack/devtools-vite,3,3,3,10.0
@tanstack/directive-functions-plugin,3,2,3,10.0
@tanstack/octane-store,3,1,3,10.0
@tanstack/preact-devtools,3,1,3,10.0
@tanstack/publish-config,3,2,3,10.0
@tanstack/react-db,3,3,3,10.0
@tanstack/react-pacer,3,3,3,10.0
@tanstack/react-virtual,3,3,3,10.0
@tanstack/server-functions-plugin,3,2,3,10.0
@tanstack/solid-query-devtools,3,3,3,10.0
@tanstack/solid-router-devtools,3,3,3,10.0
@tanstack/svelte-devtools,3,1,3,10.0
@tanstack/svelte-query,3,2,3,10.0
@tanstack/svelte-store,3,2,3,10.0
@tanstack/vue-devtools,3,1,3,10.0
@testing-library/user-event,3,1,3,10.0
@ts-morph/common,3,1,3,10.0
@types/alpinejs,3,1,3,10.0
@types/babel__code-frame,3,1,3,10.0
@types/conventional-commits-parser,3,2,3,10.0
@types/d3,3,1,3,10.0
@types/d3-axis,3,1,3,10.0
@types/d3-chord,3,1,3,10.0
@types/d3-dispatch,3,1,3,10.0
@types/d3-drag,3,1,3,10.0
@types/d3-dsv,3,1,3,10.0
@types/d3-fetch,3,1,3,10.0
@types/d3-random,3,1,3,10.0
@types/d3-scale-chromatic,3,1,3,10.0
@types/d3-transition,3,1,3,10.0
@types/lodash,3,3,3,10.0
@types/nlcst,3,2,3,10.0
@types/normalize-package-data,3,1,3,10.0
@types/qunit,3,1,3,10.0
@types/semver,3,3,3,10.0
@types/set-cookie-parser,3,1,3,10.0
@types/stack-utils,3,1,3,10.0
@types/symlink-or-copy,3,1,3,10.0
@types/triple-beam,3,1,3,10.0
@types/yauzl,3,1,3,10.0
@vitest/coverage-v8,3,3,3,10.0
@volar/test-utils,3,1,3,10.0
@whatwg-node/disposablestack,3,1,3,10.0
@whatwg-node/fetch,3,3,3,10.0
@whatwg-node/node-fetch,3,3,3,10.0
@whatwg-node/promise-helpers,3,1,3,10.0
ajv-errors,3,2,3,10.0
amd-name-resolver,3,1,3,10.0
amdefine,3,1,3,10.0
arkregex,3,1,3,10.0
array-equal,3,1,3,10.0
asn1,3,2,3,10.0
asn1.js,3,1,3,10.0
assert-never,3,1,3,10.0
ast-module-types,3,1,3,10.0
astral-regex,3,2,3,10.0
astring,3,1,3,10.0
astro,3,3,3,10.0
async-limiter,3,1,3,10.0
async-promise-queue,3,1,3,10.0
aws4,3,2,3,10.0
babel-import-util,3,1,3,10.0
babel-plugin-debug-macros,3,1,3,10.0
babel-plugin-ember-data-packages-polyfill,3,1,3,10.0
babel-plugin-ember-modules-api-polyfill,3,1,3,10.0
babel-plugin-istanbul,3,2,3,10.0
babel-plugin-module-resolver,3,1,3,10.0
babel-plugin-styled-components,3,3,3,10.0
babel-preset-current-node-syntax,3,1,3,10.0
backbone,3,1,3,10.0
backburner.js,3,1,3,10.0
bcrypt-pbkdf,3,1,3,10.0
bignumber.js,3,1,3,10.0
binaryextensions,3,1,3,10.0
bluebird,3,1,3,10.0
broccoli-babel-transpiler,3,2,3,10.0
broccoli-debug,3,1,3,10.0
broccoli-file-creator,3,1,3,10.0
broccoli-funnel,3,1,3,10.0
broccoli-node-api,3,1,3,10.0
broccoli-node-info,3,1,3,10.0
broccoli-output-wrapper,3,1,3,10.0
broccoli-source,3,1,3,10.0
brorand,3,1,3,10.0
browserify-aes,3,1,3,10.0
browserify-cipher,3,1,3,10.0
browserify-des,3,1,3,10.0
browserify-rsa,3,2,3,10.0
browserslist-to-esbuild,3,1,3,10.0
buffer-xor,3,1,3,10.0
builtin-status-codes,3,1,3,10.0
busboy,3,1,3,10.0
cacheable-request,3,3,3,10.0
calculate-cache-key-for-tree,3,1,3,10.0
callsite,3,1,3,10.0
camel-case,3,2,3,10.0
camelize,3,2,3,10.0
charm,3,1,3,10.0
chevrotain-allstar,3,1,3,10.0
cipher-base,3,2,3,10.0
classnames,3,2,3,10.0
cli-table3,3,1,3,10.0
code-block-writer,3,1,3,10.0
colorjs.io,3,1,3,10.0
common-tags,3,2,3,10.0
consolidate,3,1,3,10.0
constants-browserify,3,1,3,10.0
content-tag,3,2,3,10.0
copy-file,3,2,3,10.0
create-ecdh,3,2,3,10.0
create-hash,3,1,3,10.0
create-hmac,3,1,3,10.0
cron-parser,3,2,3,10.0
cross-fetch,3,2,3,10.0
crypto-browserify,3,2,3,10.0
css-color-keywords,3,1,3,10.0
css-to-react-native,3,3,3,10.0
cytoscape,3,1,3,10.0
cytoscape-cose-bilkent,3,1,3,10.0
cytoscape-fcose,3,1,3,10.0
dagre-d3-es,3,2,3,10.0
decache,3,1,3,10.0
decorator-transforms,3,1,3,10.0
deepmerge-ts,3,2,3,10.0
des.js,3,2,3,10.0
detective-amd,3,1,3,10.0
detective-cjs,3,1,3,10.0
detective-es6,3,1,3,10.0
detective-postcss,3,1,3,10.0
detective-sass,3,1,3,10.0
detective-scss,3,1,3,10.0
detective-stylus,3,1,3,10.0
detective-typescript,3,1,3,10.0
detective-vue2,3,1,3,10.0
diffie-hellman,3,1,3,10.0
dom-converter,3,1,3,10.0
dom-element-descriptors,3,1,3,10.0
domain-browser,3,2,3,10.0
dompurify,3,2,3,10.0
dset,3,2,3,10.0
ember-cli-babel,3,2,3,10.0
ember-cli-babel-plugin-helpers,3,1,3,10.0
ember-cli-get-component-path-option,3,1,3,10.0
ember-cli-normalize-entity-name,3,1,3,10.0
ember-cli-path-utils,3,1,3,10.0
ember-cli-string-utils,3,1,3,10.0
ember-cli-typescript-blueprint-polyfill,3,1,3,10.0
ember-cli-version-checker,3,1,3,10.0
ember-qunit,3,1,3,10.0
ember-rfc176-data,3,1,3,10.0
ember-router-generator,3,1,3,10.0
ember-source,3,1,3,10.0
ember-strict-application-resolver,3,1,3,10.0
enabled,3,1,3,10.0
engine.io,3,3,3,10.0
engine.io-parser,3,1,3,10.0
ensure-posix-path,3,1,3,10.0
errlop,3,1,3,10.0
esbuild-plugin-solid,3,2,3,10.0
events-to-array,3,1,3,10.0
evp_bytestokey,3,1,3,10.0
expo-modules-jsi,3,3,3,10.0
expo-status-bar,3,3,3,10.0
extract-zip,3,1,3,10.0
fast-sourcemap-concat,3,1,3,10.0
fastest-levenshtein,3,1,3,10.0
fbjs,3,2,3,10.0
fecha,3,1,3,10.0
filelist,3,2,3,10.0
find-babel-config,3,1,3,10.0
find-root,3,1,3,10.0
flru,3,1,3,10.0
fn.name,3,1,3,10.0
for-in,3,1,3,10.0
fractional-indexing,3,2,3,10.0
fs-merger,3,1,3,10.0
gaxios,3,3,3,10.0
gcp-metadata,3,1,3,10.0
generate-function,3,1,3,10.0
get-amd-module-type,3,1,3,10.0
get-package-type,3,1,3,10.0
get-port,3,3,3,10.0
gonzales-pe,3,1,3,10.0
google-auth-library,3,3,3,10.0
google-logging-utils,3,1,3,10.0
growly,3,1,3,10.0
hachure-fill,3,1,3,10.0
has,3,1,3,10.0
hash-for-dep,3,1,3,10.0
hash.js,3,1,3,10.0
hast-util-to-text,3,1,3,10.0
heimdalljs,3,1,3,10.0
heimdalljs-logger,3,1,3,10.0
hmac-drbg,3,1,3,10.0
https-browserify,3,1,3,10.0
husky,3,2,3,10.0
hyphenate-style-name,3,2,3,10.0
index-to-position,3,2,3,10.0
inflection,3,1,3,10.0
is-node-process,3,1,3,10.0
is-property,3,1,3,10.0
is-text-path,3,1,3,10.0
is-url-superb,3,1,3,10.0
istanbul-lib-source-maps,3,2,3,10.0
jake,3,2,3,10.0
jest-haste-map,3,2,3,10.0
jest-message-util,3,2,3,10.0
jest-mock,3,2,3,10.0
jest-regex-util,3,2,3,10.0
js-string-escape,3,1,3,10.0
json-bigint,3,1,3,10.0
katex,3,2,3,10.0
khroma,3,1,3,10.0
kuler,3,1,3,10.0
lambda-local,3,1,3,10.0
langium,3,2,3,10.0
lodash.memoize,3,1,3,10.0
logform,3,1,3,10.0
luxon,3,2,3,10.0
map-age-cleaner,3,1,3,10.0
map-cache,3,1,3,10.0
match-sorter,3,1,3,10.0
md5.js,3,1,3,10.0
mdast-util-definitions,3,2,3,10.0
mem,3,1,3,10.0
memory-streams,3,1,3,10.0
merge-options,3,1,3,10.0
mermaid,3,3,3,10.0
miller-rabin,3,1,3,10.0
minimalistic-crypto-utils,3,1,3,10.0
mkdirp-classic,3,1,3,10.0
mktemp,3,2,3,10.0
module-definition,3,1,3,10.0
module-details-from-path,3,1,3,10.0
motion-dom,3,2,3,10.0
motion-utils,3,2,3,10.0
mustache,3,1,3,10.0
nlcst-to-string,3,2,3,10.0
node-emoji,3,2,3,10.0
node-source-walk,3,1,3,10.0
node-watch,3,1,3,10.0
normalize-range,3,1,3,10.0
object.pick,3,1,3,10.0
one-time,3,1,3,10.0
openai,3,3,3,10.0
os-browserify,3,1,3,10.0
outvariant,3,1,3,10.0
param-case,3,2,3,10.0
parse-asn1,3,2,3,10.0
path-data-parser,3,1,3,10.0
path-posix,3,1,3,10.0
performance-now,3,1,3,10.0
pg-int8,3,1,3,10.0
pkg-entry-points,3,1,3,10.0
points-on-curve,3,1,3,10.0
points-on-path,3,1,3,10.0
precinct,3,1,3,10.0
prisma,3,3,3,10.0
private,3,1,3,10.0
probe-image-size,3,2,3,10.0
promise-inflight,3,1,3,10.0
proper-lockfile,3,1,3,10.0
proxy-agent-negotiate,3,1,3,10.0
public-encrypt,3,1,3,10.0
querystring-es3,3,1,3,10.0
quick-temp,3,1,3,10.0
qunit,3,1,3,10.0
qunit-dom,3,1,3,10.0
qunit-theme-ember,3,1,3,10.0
quote-unquote,3,1,3,10.0
radix-ui,3,3,3,10.0
randomfill,3,1,3,10.0
react-freeze,3,1,3,10.0
react-native-is-edge-to-edge,3,2,3,10.0
react-native-safe-area-context,3,3,3,10.0
react-native-screens,3,3,3,10.0
rehype-harden,3,2,3,10.0
rehype-stringify,3,3,3,10.0
relateurl,3,1,3,10.0
remend,3,2,3,10.0
remove-types,3,1,3,10.0
repeat-string,3,1,3,10.0
require-in-the-middle,3,1,3,10.0
require-package-name,3,1,3,10.0
responselike,3,3,3,10.0
retext-smartypants,3,2,3,10.0
ripemd160,3,2,3,10.0
roughjs,3,1,3,10.0
route-recognizer,3,1,3,10.0
safe-regex2,3,3,3,10.0
sha.js,3,2,3,10.0
shellwords,3,1,3,10.0
silent-error,3,1,3,10.0
simple-html-tokenizer,3,1,3,10.0
socket.io,3,2,3,10.0
socket.io-adapter,3,2,3,10.0
socket.io-parser,3,3,3,10.0
solid-presence,3,1,3,10.0
solid-prevent-scroll,3,1,3,10.0
solid-transition-group,3,1,3,10.0
sorted-btree,3,1,3,10.0
sourcemap-codec,3,1,3,10.0
spawn-args,3,1,3,10.0
split-on-first,3,1,3,10.0
stream-http,3,2,3,10.0
stream-parser,3,1,3,10.0
streamdown,3,2,3,10.0
streamsearch,3,1,3,10.0
strict-event-emitter,3,1,3,10.0
styled-components,3,3,3,10.0
styled_string,3,1,3,10.0
symlink-or-copy,3,1,3,10.0
sync-child-process,3,1,3,10.0
sync-disk-cache,3,1,3,10.0
sync-message-port,3,1,3,10.0
tabbable,3,1,3,10.0
tap-parser,3,1,3,10.0
tap-yaml,3,1,3,10.0
temp-dir,3,3,3,10.0
testem,3,1,3,10.0
text-extensions,3,1,3,10.0
text-hex,3,1,3,10.0
textextensions,3,1,3,10.0
tinyclip,3,2,3,10.0
to-buffer,3,2,3,10.0
to-fast-properties,3,1,3,10.0
toasted-notifier,3,1,3,10.0
tree-sync,3,1,3,10.0
triple-beam,3,1,3,10.0
ts-dedent,3,1,3,10.0
ts-morph,3,1,3,10.0
tty-browserify,3,2,3,10.0
tw-animate-css,3,1,3,10.0
tweetnacl,3,1,3,10.0
type-detect,3,1,3,10.0
typescript-memoize,3,1,3,10.0
underscore,3,1,3,10.0
underscore.string,3,1,3,10.0
unist-util-find-after,3,1,3,10.0
unist-util-generated,3,2,3,10.0
unixify,3,1,3,10.0
until-async,3,1,3,10.0
url,3,2,3,10.0
username-sync,3,1,3,10.0
utila,3,1,3,10.0
varint,3,1,3,10.0
vm-browserify,3,1,3,10.0
winston,3,2,3,10.0
winston-transport,3,1,3,10.0
yaml-types,3,1,3,10.0
define-property,2,3,6,6.67
@types/pg,2,5,5,6.67
kysely,2,5,5,6.67
@mdn/browser-compat-data,2,2,4,6.67
@prisma/debug,2,4,4,6.67
@prisma/get-platform,2,4,4,6.67
@rspack/binding,2,4,4,6.67
@rspack/binding-darwin-arm64,2,4,4,6.67
@rspack/binding-darwin-x64,2,4,4,6.67
@rspack/binding-linux-arm64-gnu,2,4,4,6.67
@rspack/binding-linux-arm64-musl,2,4,4,6.67
@rspack/binding-linux-x64-gnu,2,4,4,6.67
@rspack/binding-linux-x64-musl,2,4,4,6.67
@rspack/binding-wasm32-wasi,2,4,4,6.67
@rspack/binding-win32-arm64-msvc,2,4,4,6.67
@rspack/binding-win32-ia32-msvc,2,4,4,6.67
@rspack/binding-win32-x64-msvc,2,4,4,6.67
@rspack/core,2,4,4,6.67
@vueuse/core,2,4,4,6.67
@vueuse/metadata,2,4,4,6.67
@vueuse/shared,2,4,4,6.67
has-value,2,2,4,6.67
has-values,2,2,4,6.67
is-descriptor,2,4,4,6.67
memory-fs,2,2,4,6.67
pg,2,3,4,6.67
pg-cloudflare,2,3,4,6.67
pg-connection-string,2,3,4,6.67
pg-pool,2,3,4,6.67
process-warning,2,4,4,6.67
react-aria,2,4,4,6.67
react-aria-components,2,4,4,6.67
react-stately,2,4,4,6.67
@base-ui/utils,2,2,3,6.67
@better-auth/utils,2,2,3,6.67
@better-fetch/fetch,2,2,3,6.67
@dnd-kit/abstract,2,3,3,6.67
@dnd-kit/collision,2,3,3,6.67
@dnd-kit/dom,2,3,3,6.67
@dnd-kit/geometry,2,3,3,6.67
@dnd-kit/state,2,3,3,6.67
@electron/get,2,2,3,6.67
@expo/vector-icons,2,2,3,6.67
@grpc/proto-loader,2,3,3,6.67
@noble/ciphers,2,3,3,6.67
@rolldown/plugin-babel,2,2,3,6.67
@sentry/core,2,3,3,6.67
@solidjs/start,2,2,3,6.67
@tanstack/form-core,2,3,3,6.67
@tanstack/openai-base,2,3,3,6.67
@trpc/client,2,2,3,6.67
@trpc/server,2,2,3,6.67
@types/html-minifier-terser,2,2,3,6.67
@types/micromatch,2,2,3,6.67
@typescript-eslint/rule-tester,2,3,3,6.67
@vitejs/plugin-vue-jsx,2,3,3,6.67
@vue/babel-helper-vue-transform-on,2,2,3,6.67
@vue/babel-plugin-jsx,2,2,3,6.67
@vue/babel-plugin-resolve-type,2,2,3,6.67
@webassemblyjs/helper-code-frame,2,2,3,6.67
@webassemblyjs/helper-fsm,2,2,3,6.67
@webassemblyjs/helper-module-context,2,2,3,6.67
@webassemblyjs/wast-parser,2,2,3,6.67
@webpack-cli/configtest,2,2,3,6.67
@webpack-cli/info,2,2,3,6.67
@webpack-cli/serve,2,2,3,6.67
async-retry,2,3,3,6.67
better-auth,2,3,3,6.67
better-call,2,3,3,6.67
dedent,2,2,3,6.67
extsprintf,2,2,3,6.67
figgy-pudding,2,2,3,6.67
is-accessor-descriptor,2,3,3,6.67
is-data-descriptor,2,3,3,6.67
nan,2,3,3,6.67
nanostores,2,3,3,6.67
p-cancelable,2,3,3,6.67
pino-abstract-transport,2,2,3,6.67
postcss-mixins,2,2,3,6.67
real-require,2,2,3,6.67
redux,2,2,3,6.67
remeda,2,3,3,6.67
repeat-element,2,2,3,6.67
sonic-boom,2,3,3,6.67
style-loader,2,3,3,6.67
sugarss,2,2,3,6.67
terracotta,2,2,3,6.67
vinxi,2,2,3,6.67
webpack-cli,2,2,3,6.67
@0no-co/graphql.web,2,1,2,6.67
@analogjs/vitest-angular,2,2,2,6.67
@angular/platform-server,2,2,2,6.67
@arethetypeswrong/cli,2,2,2,6.67
@astrojs/compiler-binding,2,2,2,6.67
@astrojs/compiler-binding-darwin-arm64,2,2,2,6.67
@astrojs/compiler-binding-darwin-x64,2,2,2,6.67
@astrojs/compiler-binding-linux-arm64-gnu,2,2,2,6.67
@astrojs/compiler-binding-linux-arm64-musl,2,2,2,6.67
@astrojs/compiler-binding-linux-x64-gnu,2,2,2,6.67
@astrojs/compiler-binding-linux-x64-musl,2,2,2,6.67
@astrojs/compiler-binding-wasm32-wasi,2,2,2,6.67
@astrojs/compiler-binding-win32-arm64-msvc,2,2,2,6.67
@astrojs/compiler-binding-win32-x64-msvc,2,2,2,6.67
@astrojs/compiler-rs,2,2,2,6.67
@astrojs/internal-helpers,2,1,2,6.67
@astrojs/language-server,2,2,2,6.67
@astrojs/markdown-satteri,2,2,2,6.67
@astrojs/node,2,2,2,6.67
@astrojs/solid-js,2,2,2,6.67
@babel/eslint-parser,2,1,2,6.67
@babel/helper-simple-access,2,1,2,6.67
@babel/preset-flow,2,1,2,6.67
@babel/register,2,2,2,6.67
@base-ui/react,2,1,2,6.67
@better-auth/core,2,2,2,6.67
@better-auth/drizzle-adapter,2,2,2,6.67
@better-auth/kysely-adapter,2,2,2,6.67
@better-auth/memory-adapter,2,2,2,6.67
@better-auth/mongo-adapter,2,2,2,6.67
@better-auth/prisma-adapter,2,2,2,6.67
@better-auth/telemetry,2,2,2,6.67
@bruits/satteri-darwin-arm64,2,1,2,6.67
@bruits/satteri-darwin-x64,2,1,2,6.67
@bruits/satteri-linux-arm64-gnu,2,1,2,6.67
@bruits/satteri-linux-arm64-musl,2,1,2,6.67
@bruits/satteri-linux-x64-gnu,2,1,2,6.67
@bruits/satteri-linux-x64-musl,2,1,2,6.67
@bruits/satteri-wasm32-wasi,2,1,2,6.67
@bruits/satteri-win32-arm64-msvc,2,1,2,6.67
@bruits/satteri-win32-x64-msvc,2,1,2,6.67
@capsizecss/unpack,2,2,2,6.67
@codspeed/core,2,1,2,6.67
@codspeed/vitest-plugin,2,1,2,6.67
@content-collections/core,2,2,2,6.67
@content-collections/integrations,2,1,2,6.67
@content-collections/vite,2,2,2,6.67
@date-fns/tz,2,2,2,6.67
@deno/shim-deno,2,1,2,6.67
@deno/shim-deno-test,2,1,2,6.67
@dimforge/rapier3d-compat,2,1,2,6.67
@egjs/hammerjs,2,1,2,6.67
@electric-sql/pglite-socket,2,2,2,6.67
@electric-sql/pglite-tools,2,2,2,6.67
@electron-internal/extract-zip,2,1,2,6.67
@electron/rebuild,2,2,2,6.67
@emmetio/abbreviation,2,2,2,6.67
@emmetio/css-abbreviation,2,2,2,6.67
@emmetio/scanner,2,2,2,6.67
@emotion/stylis,2,1,2,6.67
@envelop/instrumentation,2,1,2,6.67
@expo/metro-runtime,2,2,2,6.67
@graphql-typed-document-node/core,2,1,2,6.67
@grpc/grpc-js,2,2,2,6.67
@hapi/address,2,2,2,6.67
@hapi/bourne,2,2,2,6.67
@internationalized/date,2,2,2,6.67
@internationalized/string,2,2,2,6.67
@jest/create-cache-key-function,2,1,2,6.67
@jitl/quickjs-ffi-types,2,2,2,6.67
@jitl/quickjs-wasmfile-release-asyncify,2,2,2,6.67
@jitl/quickjs-wasmfile-release-sync,2,2,2,6.67
@js-temporal/polyfill,2,1,2,6.67
@malept/cross-spawn-promise,2,1,2,6.67
@mantine/core,2,2,2,6.67
@mantine/hooks,2,2,2,6.67
@mdx-js/mdx,2,2,2,6.67
@microsoft/fetch-event-source,2,1,2,6.67
@nicolo-ribaudo/eslint-scope-5-internals,2,1,2,6.67
@nx/devkit,2,2,2,6.67
@openrouter/sdk,2,1,2,6.67
@opentelemetry/instrumentation-http,2,2,2,6.67
@opentelemetry/sdk-trace-node,2,2,2,6.67
@oslojs/encoding,2,1,2,6.67
@oxc-minify/binding-android-arm-eabi,2,2,2,6.67
@oxc-minify/binding-android-arm64,2,2,2,6.67
@oxc-minify/binding-darwin-arm64,2,2,2,6.67
@oxc-minify/binding-darwin-x64,2,2,2,6.67
@oxc-minify/binding-freebsd-x64,2,2,2,6.67
@oxc-minify/binding-linux-arm-gnueabihf,2,2,2,6.67
@oxc-minify/binding-linux-arm-musleabihf,2,2,2,6.67
@oxc-minify/binding-linux-arm64-gnu,2,2,2,6.67
@oxc-minify/binding-linux-arm64-musl,2,2,2,6.67
@oxc-minify/binding-linux-ppc64-gnu,2,2,2,6.67
@oxc-minify/binding-linux-riscv64-gnu,2,2,2,6.67
@oxc-minify/binding-linux-riscv64-musl,2,2,2,6.67
@oxc-minify/binding-linux-s390x-gnu,2,2,2,6.67
@oxc-minify/binding-linux-x64-gnu,2,2,2,6.67
@oxc-minify/binding-linux-x64-musl,2,2,2,6.67
@oxc-minify/binding-openharmony-arm64,2,2,2,6.67
@oxc-minify/binding-wasm32-wasi,2,2,2,6.67
@oxc-minify/binding-win32-arm64-msvc,2,2,2,6.67
@oxc-minify/binding-win32-ia32-msvc,2,2,2,6.67
@oxc-minify/binding-win32-x64-msvc,2,2,2,6.67
@oxc-transform/binding-android-arm-eabi,2,2,2,6.67
@oxc-transform/binding-android-arm64,2,2,2,6.67
@oxc-transform/binding-darwin-arm64,2,2,2,6.67
@oxc-transform/binding-darwin-x64,2,2,2,6.67
@oxc-transform/binding-freebsd-x64,2,2,2,6.67
@oxc-transform/binding-linux-arm-gnueabihf,2,2,2,6.67
@oxc-transform/binding-linux-arm-musleabihf,2,2,2,6.67
@oxc-transform/binding-linux-arm64-gnu,2,2,2,6.67
@oxc-transform/binding-linux-arm64-musl,2,2,2,6.67
@oxc-transform/binding-linux-ppc64-gnu,2,2,2,6.67
@oxc-transform/binding-linux-riscv64-gnu,2,2,2,6.67
@oxc-transform/binding-linux-riscv64-musl,2,2,2,6.67
@oxc-transform/binding-linux-s390x-gnu,2,2,2,6.67
@oxc-transform/binding-linux-x64-gnu,2,2,2,6.67
@oxc-transform/binding-linux-x64-musl,2,2,2,6.67
@oxc-transform/binding-openharmony-arm64,2,2,2,6.67
@oxc-transform/binding-wasm32-wasi,2,2,2,6.67
@oxc-transform/binding-win32-arm64-msvc,2,2,2,6.67
@oxc-transform/binding-win32-ia32-msvc,2,2,2,6.67
@oxc-transform/binding-win32-x64-msvc,2,2,2,6.67
@oxfmt/binding-android-arm-eabi,2,2,2,6.67
@oxfmt/binding-android-arm64,2,2,2,6.67
@oxfmt/binding-darwin-arm64,2,2,2,6.67
@oxfmt/binding-darwin-x64,2,2,2,6.67
@oxfmt/binding-freebsd-x64,2,2,2,6.67
@oxfmt/binding-linux-arm-gnueabihf,2,2,2,6.67
@oxfmt/binding-linux-arm-musleabihf,2,2,2,6.67
@oxfmt/binding-linux-arm64-gnu,2,2,2,6.67
@oxfmt/binding-linux-arm64-musl,2,2,2,6.67
@oxfmt/binding-linux-ppc64-gnu,2,2,2,6.67
@oxfmt/binding-linux-riscv64-gnu,2,2,2,6.67
@oxfmt/binding-linux-riscv64-musl,2,2,2,6.67
@oxfmt/binding-linux-s390x-gnu,2,2,2,6.67
@oxfmt/binding-linux-x64-gnu,2,2,2,6.67
@oxfmt/binding-linux-x64-musl,2,2,2,6.67
@oxfmt/binding-openharmony-arm64,2,2,2,6.67
@oxfmt/binding-win32-arm64-msvc,2,2,2,6.67
@oxfmt/binding-win32-ia32-msvc,2,2,2,6.67
@oxfmt/binding-win32-x64-msvc,2,2,2,6.67
@oxlint-tsgolint/darwin-arm64,2,2,2,6.67
@oxlint-tsgolint/darwin-x64,2,2,2,6.67
@oxlint-tsgolint/linux-arm64,2,2,2,6.67
@oxlint-tsgolint/linux-x64,2,2,2,6.67
@oxlint-tsgolint/win32-arm64,2,2,2,6.67
@oxlint-tsgolint/win32-x64,2,2,2,6.67
@oxlint/binding-android-arm-eabi,2,2,2,6.67
@oxlint/binding-android-arm64,2,2,2,6.67
@oxlint/binding-darwin-arm64,2,2,2,6.67
@oxlint/binding-darwin-x64,2,2,2,6.67
@oxlint/binding-freebsd-x64,2,2,2,6.67
@oxlint/binding-linux-arm-gnueabihf,2,2,2,6.67
@oxlint/binding-linux-arm-musleabihf,2,2,2,6.67
@oxlint/binding-linux-arm64-gnu,2,2,2,6.67
@oxlint/binding-linux-arm64-musl,2,2,2,6.67
@oxlint/binding-linux-ppc64-gnu,2,2,2,6.67
@oxlint/binding-linux-riscv64-gnu,2,2,2,6.67
@oxlint/binding-linux-riscv64-musl,2,2,2,6.67
@oxlint/binding-linux-s390x-gnu,2,2,2,6.67
@oxlint/binding-linux-x64-gnu,2,2,2,6.67
@oxlint/binding-linux-x64-musl,2,2,2,6.67
@oxlint/binding-openharmony-arm64,2,2,2,6.67
@oxlint/binding-win32-arm64-msvc,2,2,2,6.67
@oxlint/binding-win32-ia32-msvc,2,2,2,6.67
@oxlint/binding-win32-x64-msvc,2,2,2,6.67
@pinojs/redact,2,1,2,6.67
@prisma/client-runtime-utils,2,2,2,6.67
@prisma/config,2,2,2,6.67
@prisma/dev,2,2,2,6.67
@prisma/fetch-engine,2,2,2,6.67
@prisma/query-plan-executor,2,2,2,6.67
@radix-ui/react-one-time-password-field,2,2,2,6.67
@radix-ui/react-password-toggle-field,2,2,2,6.67
@radix-ui/react-use-is-hydrated,2,2,2,6.67
@react-native-community/netinfo,2,2,2,6.67
@react-native/metro-babel-transformer,2,2,2,6.67
@react-native/metro-config,2,2,2,6.67
@react-navigation/bottom-tabs,2,2,2,6.67
@react-navigation/native-stack,2,2,2,6.67
@react-types/shared,2,2,2,6.67
@reduxjs/toolkit,2,2,2,6.67
@rspack/lite-tapable,2,1,2,6.67
@sentry-internal/browser-utils,2,2,2,6.67
@sentry-internal/feedback,2,2,2,6.67
@sentry-internal/replay,2,2,2,6.67
@sentry-internal/replay-canvas,2,2,2,6.67
@sentry/babel-plugin-component-annotate,2,2,2,6.67
@sentry/browser,2,2,2,6.67
@sentry/bundler-plugin-core,2,2,2,6.67
@sentry/cli,2,2,2,6.67
@sentry/cli-darwin,2,2,2,6.67
@sentry/cli-linux-arm,2,2,2,6.67
@sentry/cli-linux-arm64,2,2,2,6.67
@sentry/cli-linux-i686,2,2,2,6.67
@sentry/cli-linux-x64,2,2,2,6.67
@sentry/cli-win32-arm64,2,2,2,6.67
@sentry/cli-win32-i686,2,2,2,6.67
@sentry/cli-win32-x64,2,2,2,6.67
@sentry/react,2,2,2,6.67
@sentry/vite-plugin,2,2,2,6.67
@simple-git/args-pathspec,2,1,2,6.67
@simple-git/argv-parser,2,1,2,6.67
@simple-libs/stream-utils,2,1,2,6.67
@solidjs/router,2,2,2,6.67
@stylistic/eslint-plugin-js,2,2,2,6.67
@sveltejs/adapter-auto,2,2,2,6.67
@swc/core,2,2,2,6.67
@swc/core-darwin-arm64,2,2,2,6.67
@swc/core-darwin-x64,2,2,2,6.67
@swc/core-linux-arm-gnueabihf,2,2,2,6.67
@swc/core-linux-arm64-gnu,2,2,2,6.67
@swc/core-linux-arm64-musl,2,2,2,6.67
@swc/core-linux-ppc64-gnu,2,2,2,6.67
@swc/core-linux-s390x-gnu,2,2,2,6.67
@swc/core-linux-x64-gnu,2,2,2,6.67
@swc/core-linux-x64-musl,2,2,2,6.67
@swc/core-win32-arm64-msvc,2,2,2,6.67
@swc/core-win32-ia32-msvc,2,2,2,6.67
@swc/core-win32-x64-msvc,2,2,2,6.67
@swc/types,2,1,2,6.67
@tailwindcss/postcss,2,2,2,6.67
@tanstack/ai-devtools-core,2,2,2,6.67
@tanstack/ai-gemini,2,2,2,6.67
@tanstack/ai-openai,2,2,2,6.67
@tanstack/angular-query-experimental,2,2,2,6.67
@tanstack/db-ivm,2,2,2,6.67
@tanstack/form-devtools,2,2,2,6.67
@tanstack/highlight,2,1,2,6.67
@tanstack/hotkeys,2,2,2,6.67
@tanstack/lit-store,2,2,2,6.67
@tanstack/react-ai-devtools,2,2,2,6.67
@tanstack/react-form,2,2,2,6.67
@tanstack/react-form-devtools,2,2,2,6.67
@tanstack/react-hotkeys,2,2,2,6.67
@tanstack/react-table,2,2,2,6.67
@tanstack/redact,2,2,2,6.67
@tanstack/solid-start,2,1,2,6.67
@tanstack/solid-start-client,2,1,2,6.67
@tanstack/solid-start-server,2,1,2,6.67
@tanstack/solid-virtual,2,2,2,6.67
@tanstack/svelte-query-devtools,2,1,2,6.67
@tanstack/table-core,2,2,2,6.67
@tanstack/vue-virtual,2,2,2,6.67
@testing-library/angular,2,2,2,6.67
@tweenjs/tween.js,2,1,2,6.67
@types/braces,2,1,2,6.67
@types/bun,2,2,2,6.67
@types/d3-sankey,2,1,2,6.67
@types/ejs,2,1,2,6.67
@types/fs-extra,2,2,2,6.67
@types/graceful-fs,2,1,2,6.67
@types/hammerjs,2,1,2,6.67
@types/http-cache-semantics,2,1,2,6.67
@types/jscodeshift,2,1,2,6.67
@types/jsdom,2,2,2,6.67
@types/json5,2,2,2,6.67
@types/katex,2,2,2,6.67
@types/less,2,1,2,6.67
@types/node-forge,2,1,2,6.67
@types/parse5,2,1,2,6.67
@types/picomatch,2,2,2,6.67
@types/stats.js,2,1,2,6.67
@types/three,2,2,2,6.67
@types/tough-cookie,2,1,2,6.67
@types/web-bluetooth,2,1,2,6.67
@types/webxr,2,1,2,6.67
@typescript/typescript6,2,1,2,6.67
@upsetjs/venn.js,2,1,2,6.67
@urql/core,2,1,2,6.67
@urql/exchange-retry,2,1,2,6.67
@vercel/oidc,2,2,2,6.67
@vinxi/listhen,2,1,2,6.67
@vinxi/plugin-directives,2,1,2,6.67
@vinxi/server-components,2,1,2,6.67
@visx/responsive,2,2,2,6.67
@vitest/ui,2,2,2,6.67
@vscode/emmet-helper,2,2,2,6.67
@vue/composition-api,2,1,2,6.67
@web3-storage/multipart-parser,2,1,2,6.67
@webgpu/types,2,2,2,6.67
@zxing/text-encoding,2,1,2,6.67
acorn-loose,2,1,2,6.67
acorn-typescript,2,1,2,6.67
acorn-walk,2,2,2,6.67
agent-cli-detector,2,2,2,6.67
aggregate-error,2,2,2,6.67
am-i-vibing,2,1,2,6.67
aproba,2,1,2,6.67
arr-diff,2,1,2,6.67
arr-flatten,2,1,2,6.67
arr-union,2,1,2,6.67
array-timsort,2,1,2,6.67
array-unique,2,1,2,6.67
assert-plus,2,1,2,6.67
assign-symbols,2,1,2,6.67
ast-metadata-inferer,2,1,2,6.67
atob,2,1,2,6.67
atomic-sleep,2,1,2,6.67
aws-sign2,2,1,2,6.67
aws-ssl-profiles,2,1,2,6.67
axe-core,2,2,2,6.67
babel-jest,2,1,2,6.67
babel-plugin-jest-hoist,2,1,2,6.67
babel-plugin-syntax-jsx,2,1,2,6.67
babel-preset-jest,2,1,2,6.67
base,2,1,2,6.67
base64id,2,1,2,6.67
better-opn,2,1,2,6.67
better-sqlite3,2,2,2,6.67
boolean,2,1,2,6.67
broadcast-channel,2,2,2,6.67
broccoli-string-replace,2,1,2,6.67
builtin-modules,2,1,2,6.67
bun-types,2,2,2,6.67
bundle-require,2,1,2,6.67
cache-base,2,1,2,6.67
cacheable-lookup,2,2,2,6.67
caller-callsite,2,1,2,6.67
caller-path,2,1,2,6.67
caseless,2,1,2,6.67
char-regex,2,1,2,6.67
class-utils,2,1,2,6.67
clean-stack,2,1,2,6.67
cli-highlight,2,1,2,6.67
clone-response,2,2,2,6.67
cmdk,2,1,2,6.67
collection-visit,2,1,2,6.67
color-support,2,1,2,6.67
colorspace,2,1,2,6.67
combinate,2,1,2,6.67
command-exists,2,1,2,6.67
comment-json,2,2,2,6.67
component-emitter,2,2,2,6.67
concat-stream,2,1,2,6.67
console-browserify,2,1,2,6.67
copy-concurrently,2,1,2,6.67
copy-descriptor,2,1,2,6.67
cross-env,2,2,2,6.67
crypto-random-string,2,2,2,6.67
css-in-js-utils,2,1,2,6.67
cyclist,2,2,2,6.67
d3-collection,2,1,2,6.67
d3-hexbin,2,1,2,6.67
dashdash,2,1,2,6.67
dax-sh,2,1,2,6.67
debounce,2,1,2,6.67
decamelize,2,1,2,6.67
decimal.js-light,2,1,2,6.67
default-gateway,2,2,2,6.67
dexie,2,2,2,6.67
dlv,2,1,2,6.67
ecc-jsbn,2,1,2,6.67
electron,2,2,2,6.67
ember-modifier,2,2,2,6.67
emmet,2,2,2,6.67
emoji-regex-xs,2,1,2,6.67
emojilib,2,1,2,6.67
encoding,2,2,2,6.67
env-editor,2,1,2,6.67
es6-error,2,1,2,6.67
esbuild-android-64,2,1,2,6.67
esbuild-android-arm64,2,1,2,6.67
esbuild-darwin-64,2,1,2,6.67
esbuild-darwin-arm64,2,1,2,6.67
esbuild-freebsd-64,2,1,2,6.67
esbuild-freebsd-arm64,2,1,2,6.67
esbuild-linux-32,2,1,2,6.67
esbuild-linux-64,2,1,2,6.67
esbuild-linux-arm,2,1,2,6.67
esbuild-linux-arm64,2,1,2,6.67
esbuild-linux-mips64le,2,1,2,6.67
esbuild-linux-ppc64le,2,1,2,6.67
esbuild-linux-riscv64,2,1,2,6.67
esbuild-linux-s390x,2,1,2,6.67
esbuild-netbsd-64,2,1,2,6.67
esbuild-openbsd-64,2,1,2,6.67
esbuild-register,2,1,2,6.67
esbuild-sunos-64,2,1,2,6.67
esbuild-windows-32,2,1,2,6.67
esbuild-windows-64,2,1,2,6.67
esbuild-windows-arm64,2,1,2,6.67
eslint-config-preact,2,1,2,6.67
eslint-config-prettier,2,1,2,6.67
eslint-import-resolver-typescript,2,2,2,6.67
eslint-plugin-compat,2,1,2,6.67
exit-hook,2,2,2,6.67
expand-brackets,2,1,2,6.67
expand-template,2,1,2,6.67
expand-tilde,2,1,2,6.67
expo-linking,2,2,2,6.67
expo-router,2,2,2,6.67
extglob,2,1,2,6.67
fast-decode-uri-component,2,1,2,6.67
fast-equals,2,2,2,6.67
fast-querystring,2,1,2,6.67
fbjs-css-vars,2,1,2,6.67
find-my-way,2,2,2,6.67
find-proc,2,2,2,6.67
fix-dts-default-cjs-exports,2,1,2,6.67
flattie,2,1,2,6.67
flow-parser,2,2,2,6.67
flush-write-stream,2,1,2,6.67
fontace,2,1,2,6.67
fontkitten,2,1,2,6.67
for-own,2,2,2,6.67
forever-agent,2,1,2,6.67
forwarded-parse,2,1,2,6.67
fragment-cache,2,1,2,6.67
freeport-async,2,1,2,6.67
from2,2,1,2,6.67
fs-write-stream-atomic,2,1,2,6.67
get-value,2,1,2,6.67
getpass,2,1,2,6.67
github-from-package,2,1,2,6.67
global-agent,2,1,2,6.67
global-modules,2,2,2,6.67
global-prefix,2,2,2,6.67
grammex,2,2,2,6.67
gunzip-maybe,2,1,2,6.67
hast,2,1,2,6.67
hast-util-from-dom,2,1,2,6.67
hast-util-from-html,2,1,2,6.67
hast-util-from-html-isomorphic,2,1,2,6.67
hey-listen,2,1,2,6.67
history,2,2,2,6.67
hls.js,2,2,2,6.67
hogan.js,2,1,2,6.67
homedir-polyfill,2,1,2,6.67
htm,2,2,2,6.67
html-to-image,2,1,2,6.67
http-signature,2,2,2,6.67
http-status-codes,2,1,2,6.67
http2-wrapper,2,2,2,6.67
iferr,2,1,2,6.67
import-local,2,1,2,6.67
infer-owner,2,1,2,6.67
inline-style-prefixer,2,1,2,6.67
internal-ip,2,2,2,6.67
ip-regex,2,2,2,6.67
is-builtin-module,2,1,2,6.67
is-bun-module,2,1,2,6.67
is-deflate,2,1,2,6.67
is-directory,2,1,2,6.67
is-gzip,2,1,2,6.67
is-typedarray,2,1,2,6.67
isstream,2,1,2,6.67
jest-environment-node,2,1,2,6.67
joi,2,2,2,6.67
joycon,2,1,2,6.67
jpeg-js,2,1,2,6.67
js-base64,2,1,2,6.67
js-image-generator,2,1,2,6.67
jsbi,2,1,2,6.67
jsbn,2,1,2,6.67
jscodeshift,2,2,2,6.67
json-schema,2,2,2,6.67
jsonpointer,2,1,2,6.67
jsonwebtoken,2,1,2,6.67
jsprim,2,2,2,6.67
jszip,2,1,2,6.67
load-json-file,2,2,2,6.67
load-tsconfig,2,1,2,6.67
localforage,2,1,2,6.67
lodash.includes,2,1,2,6.67
lodash.isboolean,2,1,2,6.67
lodash.isinteger,2,1,2,6.67
lodash.isnumber,2,1,2,6.67
lodash.isplainobject,2,1,2,6.67
lodash.isstring,2,1,2,6.67
lodash.once,2,1,2,6.67
loglevel,2,2,2,6.67
lru.min,2,2,2,6.67
map-obj,2,2,2,6.67
map-visit,2,1,2,6.67
marked-terminal,2,1,2,6.67
matcher,2,1,2,6.67
mdast-util-math,2,1,2,6.67
memorystream,2,1,2,6.67
meshoptimizer,2,2,2,6.67
micro-api-client,2,1,2,6.67
micromark-extension-cjk-friendly,2,1,2,6.67
micromark-extension-cjk-friendly-gfm-strikethrough,2,1,2,6.67
micromark-extension-cjk-friendly-util,2,1,2,6.67
micromark-extension-math,2,1,2,6.67
mississippi,2,1,2,6.67
mitt,2,1,2,6.67
mixin-deep,2,1,2,6.67
move-concurrently,2,1,2,6.67
mysql2,2,1,2,6.67
named-placeholders,2,2,2,6.67
nanomatch,2,1,2,6.67
napi-build-utils,2,1,2,6.67
neotraverse,2,1,2,6.67
nested-error-stacks,2,1,2,6.67
netlify,2,1,2,6.67
node-api-version,2,1,2,6.67
node-libs-browser,2,1,2,6.67
node-stream-zip,2,2,2,6.67
object-copy,2,1,2,6.67
object-path,2,2,2,6.67
object-visit,2,1,2,6.67
object.getownpropertydescriptors,2,2,2,6.67
oblivious-set,2,1,2,6.67
ollama,2,1,2,6.67
on-exit-leak-free,2,1,2,6.67
oxc-minify,2,2,2,6.67
oxc-transform,2,2,2,6.67
oxfmt,2,2,2,6.67
oxlint,2,2,2,6.67
oxlint-tsgolint,2,2,2,6.67
p-wait-for,2,1,2,6.67
parallel-transform,2,1,2,6.67
parse-passwd,2,1,2,6.67
pascalcase,2,1,2,6.67
peek-stream,2,1,2,6.67
periscopic,2,1,2,6.67
pgpass,2,1,2,6.67
piccolore,2,1,2,6.67
pino,2,2,2,6.67
pino-std-serializers,2,1,2,6.67
platform,2,2,2,6.67
pluralize,2,1,2,6.67
posix-character-classes,2,1,2,6.67
postcss-discard-duplicates,2,2,2,6.67
postcss-preset-mantine,2,1,2,6.67
postcss-simple-vars,2,1,2,6.67
prebuild-install,2,1,2,6.67
prettier-plugin-ember-template-tag,2,1,2,6.67
process-ancestry,2,1,2,6.67
psl,2,2,2,6.67
qrcode-terminal,2,1,2,6.67
querystringify,2,2,2,6.67
quick-format-unescaped,2,1,2,6.67
quick-lru,2,1,2,6.67
quickjs-emscripten-core,2,2,2,6.67
raf,2,1,2,6.67
react-day-picker,2,2,2,6.67
react-fast-compare,2,1,2,6.67
react-hot-toast,2,2,2,6.67
react-native-gesture-handler,2,2,2,6.67
react-native-reanimated,2,2,2,6.67
react-native-web,2,1,2,6.67
react-native-worklets,2,2,2,6.67
react-number-format,2,1,2,6.67
react-redux,2,2,2,6.67
read-binary-file-arch,2,1,2,6.67
recharts,2,2,2,6.67
redux-thunk,2,1,2,6.67
regex-not,2,1,2,6.67
rehype-katex,2,1,2,6.67
remark-cjk-friendly,2,1,2,6.67
remark-cjk-friendly-gfm-strikethrough,2,1,2,6.67
remark-math,2,1,2,6.67
remark-mdx,2,2,2,6.67
require-main-filename,2,1,2,6.67
requireg,2,1,2,6.67
resize-observer-polyfill,2,1,2,6.67
resolve-alpn,2,1,2,6.67
resolve-cwd,2,1,2,6.67
resolve-url,2,1,2,6.67
roarr,2,1,2,6.67
rolldown-plugin-solid,2,1,2,6.67
run-queue,2,1,2,6.67
safe-regex,2,1,2,6.67
sanitize-filename,2,1,2,6.67
satteri,2,1,2,6.67
semver-compare,2,1,2,6.67
seq-queue,2,1,2,6.67
server-destroy,2,1,2,6.67
server-only,2,1,2,6.67
set-blocking,2,1,2,6.67
set-value,2,1,2,6.67
sf-symbols-typescript,2,1,2,6.67
simple-concat,2,1,2,6.67
simple-get,2,1,2,6.67
skin-tone,2,1,2,6.67
snapdragon,2,1,2,6.67
snapdragon-node,2,1,2,6.67
snapdragon-util,2,1,2,6.67
solid-use,2,1,2,6.67
source-list-map,2,1,2,6.67
source-map-resolve,2,1,2,6.67
spawn-command,2,2,2,6.67
split-string,2,1,2,6.67
sql.js,2,2,2,6.67
sqlstring,2,1,2,6.67
sshpk,2,2,2,6.67
stable-hash,2,1,2,6.67
static-extend,2,1,2,6.67
stream-each,2,1,2,6.67
string-hash,2,1,2,6.67
styleq,2,1,2,6.67
stylis-rule-sheet,2,1,2,6.67
sumchecker,2,1,2,6.67
thread-stream,2,2,2,6.67
three,2,2,2,6.67
timers-browserify,2,2,2,6.67
tiny-inflate,2,1,2,6.67
tiny-warning,2,1,2,6.67
to-arraybuffer,2,1,2,6.67
to-object-path,2,1,2,6.67
to-regex,2,1,2,6.67
truncate-utf8-bytes,2,1,2,6.67
tsup,2,1,2,6.67
tsup-preset-solid,2,1,2,6.67
turbo-stream,2,2,2,6.67
typedarray,2,1,2,6.67
uint8array-extras,2,1,2,6.67
unherit,2,2,2,6.67
unicode-emoji-modifier-base,2,1,2,6.67
unifont,2,1,2,6.67
union-value,2,1,2,6.67
unique-string,2,2,2,6.67
unload,2,1,2,6.67
unplugin-dts,2,1,2,6.67
unset-value,2,1,2,6.67
urix,2,1,2,6.67
url-parse,2,2,2,6.67
use,2,1,2,6.67
use-isomorphic-layout-effect,2,1,2,6.67
utf8-byte-length,2,1,2,6.67
util.promisify,2,2,2,6.67
uvu,2,1,2,6.67
validator,2,2,2,6.67
verror,2,1,2,6.67
victory-vendor,2,2,2,6.67
vscode-css-languageservice,2,2,2,6.67
watchpack-chokidar2,2,2,2,6.67
web-encoding,2,1,2,6.67
whatwg-url-without-unicode,2,1,2,6.67
which-module,2,2,2,6.67
wonka,2,2,2,6.67
worker-farm,2,1,2,6.67
xhr2,2,1,2,6.67
zeptomatch,2,2,2,6.67
file-type,1,7,7,3.33
@astrojs/webapi,1,3,3,3.33
@rsbuild/core,1,3,3,3.33
core-js,1,3,3,3.33
drizzle-zod,1,3,3,3.33
file-loader,1,3,3,3.33
url-loader,1,3,3,3.33
@adobe/react-spectrum,1,2,2,3.33
@astrojs/compiler,1,2,2,3.33
@aws-sdk/token-providers,1,2,2,3.33
@clerk/backend,1,2,2,3.33
@clerk/clerk-react,1,2,2,3.33
@clerk/shared,1,2,2,3.33
@clerk/tanstack-react-start,1,2,2,3.33
@clerk/types,1,2,2,3.33
@datadog/pprof,1,2,2,3.33
@electric-sql/client,1,2,2,3.33
@eslint/compat,1,2,2,3.33
@fal-ai/client,1,2,2,3.33
@libsql/client,1,2,2,3.33
@libsql/core,1,2,2,3.33
@libsql/darwin-arm64,1,2,2,3.33
@libsql/darwin-x64,1,2,2,3.33
@libsql/hrana-client,1,2,2,3.33
@libsql/isomorphic-fetch,1,2,2,3.33
@libsql/linux-arm64-gnu,1,2,2,3.33
@libsql/linux-arm64-musl,1,2,2,3.33
@libsql/linux-x64-gnu,1,2,2,3.33
@libsql/linux-x64-musl,1,2,2,3.33
@libsql/win32-x64-msvc,1,2,2,3.33
@netlify/types,1,2,2,3.33
@platformatic/flame,1,2,2,3.33
@probe/app,1,2,2,3.33
@probe/shared,1,2,2,3.33
@rspack/binding-linux-riscv64-gnu,1,2,2,3.33
@rspack/binding-linux-riscv64-musl,1,2,2,3.33
@rspack/dev-server,1,2,2,3.33
@tanstack/pacer-devtools,1,2,2,3.33
@tanstack/react-router-with-query,1,2,2,3.33
@types/q,1,2,2,3.33
@web-std/stream,1,2,2,3.33
address,1,2,2,3.33
agentkeepalive,1,2,2,3.33
arch,1,2,2,3.33
capnweb,1,2,2,3.33
convex,1,2,2,3.33
download,1,2,2,3.33
eslint-plugin-prettier,1,2,2,3.33
eslint-plugin-react-refresh,1,2,2,3.33
expo-sqlite,1,2,2,3.33
filesize,1,2,2,3.33
htmljs-parser,1,2,2,3.33
idb-keyval,1,2,2,3.33
imagemin,1,2,2,3.33
is-absolute-url,1,2,2,3.33
is-root,1,2,2,3.33
jasmine-core,1,2,2,3.33
lazy-cache,1,2,2,3.33
libsql,1,2,2,3.33
opn,1,2,2,3.33
p-pipe,1,2,2,3.33
pprof-to-md,1,2,2,3.33
prepend-http,1,2,2,3.33
prettier-linter-helpers,1,2,2,3.33
react-dev-utils,1,2,2,3.33
react-error-overlay,1,2,2,3.33
react-native-svg,1,2,2,3.33
relative-import-path,1,2,2,3.33
replace-ext,1,2,2,3.33
semver-regex,1,2,2,3.33
sockjs-client,1,2,2,3.33
sort-keys,1,2,2,3.33
ts-pnp,1,2,2,3.33
type,1,2,2,3.33
url-parse-lax,1,2,2,3.33
@adobe/react-spectrum-ui,1,1,1,3.33
@adobe/react-spectrum-workflow,1,1,1,3.33
@agentclientprotocol/sdk,1,1,1,3.33
@algolia/cache-browser-local-storage,1,1,1,3.33
@algolia/cache-common,1,1,1,3.33
@algolia/cache-in-memory,1,1,1,3.33
@algolia/client-account,1,1,1,3.33
@algolia/client-recommendation,1,1,1,3.33
@algolia/events,1,1,1,3.33
@algolia/logger-common,1,1,1,3.33
@algolia/logger-console,1,1,1,3.33
@algolia/requester-common,1,1,1,3.33
@algolia/transporter,1,1,1,3.33
@ampproject/toolbox-core,1,1,1,3.33
@ampproject/toolbox-optimizer,1,1,1,3.33
@ampproject/toolbox-runtime-version,1,1,1,3.33
@ampproject/toolbox-script-csp,1,1,1,3.33
@ampproject/toolbox-validator-rules,1,1,1,3.33
@angular/cdk,1,1,1,3.33
@angular/ssr,1,1,1,3.33
@anthropic-ai/vertex-sdk,1,1,1,3.33
@apidevtools/json-schema-ref-parser,1,1,1,3.33
@ark-ui/react,1,1,1,3.33
@assemblyscript/loader,1,1,1,3.33
@astrojs/astro2tsx,1,1,1,3.33
@astrojs/check,1,1,1,3.33
@astrojs/compiler-binding-android-arm64,1,1,1,3.33
@astrojs/markdown-remark,1,1,1,3.33
@astrojs/netlify,1,1,1,3.33
@astrojs/react,1,1,1,3.33
@astrojs/tailwind,1,1,1,3.33
@astrojs/yaml2ts,1,1,1,3.33
@auth/core,1,1,1,3.33
@aws-crypto/crc32,1,1,1,3.33
@aws-crypto/crc32c,1,1,1,3.33
@aws-crypto/sha1-browser,1,1,1,3.33
@aws-crypto/sha256-browser,1,1,1,3.33
@aws-crypto/sha256-js,1,1,1,3.33
@aws-crypto/supports-web-crypto,1,1,1,3.33
@aws-crypto/util,1,1,1,3.33
@aws-sdk/checksums,1,1,1,3.33
@aws-sdk/client-bedrock,1,1,1,3.33
@aws-sdk/client-bedrock-runtime,1,1,1,3.33
@aws-sdk/client-cognito-identity,1,1,1,3.33
@aws-sdk/client-s3,1,1,1,3.33
@aws-sdk/core,1,1,1,3.33
@aws-sdk/credential-provider-cognito-identity,1,1,1,3.33
@aws-sdk/credential-provider-env,1,1,1,3.33
@aws-sdk/credential-provider-http,1,1,1,3.33
@aws-sdk/credential-provider-ini,1,1,1,3.33
@aws-sdk/credential-provider-login,1,1,1,3.33
@aws-sdk/credential-provider-node,1,1,1,3.33
@aws-sdk/credential-provider-process,1,1,1,3.33
@aws-sdk/credential-provider-sso,1,1,1,3.33
@aws-sdk/credential-provider-web-identity,1,1,1,3.33
@aws-sdk/credential-providers,1,1,1,3.33
@aws-sdk/eventstream-handler-node,1,1,1,3.33
@aws-sdk/lib-storage,1,1,1,3.33
@aws-sdk/middleware-eventstream,1,1,1,3.33
@aws-sdk/middleware-flexible-checksums,1,1,1,3.33
@aws-sdk/middleware-sdk-s3,1,1,1,3.33
@aws-sdk/middleware-websocket,1,1,1,3.33
@aws-sdk/nested-clients,1,1,1,3.33
@aws-sdk/signature-v4-multi-region,1,1,1,3.33
@aws-sdk/types,1,1,1,3.33
@aws-sdk/util-locate-window,1,1,1,3.33
@aws-sdk/xml-builder,1,1,1,3.33
@aws/lambda-invoke-store,1,1,1,3.33
@babel/plugin-proposal-class-properties,1,1,1,3.33
@babel/plugin-transform-react-constant-elements,1,1,1,3.33
@babel/standalone,1,1,1,3.33
@balena/dockerignore,1,1,1,3.33
@biomejs/biome,1,1,1,3.33
@biomejs/cli-darwin-arm64,1,1,1,3.33
@biomejs/cli-darwin-x64,1,1,1,3.33
@biomejs/cli-linux-arm64,1,1,1,3.33
@biomejs/cli-linux-arm64-musl,1,1,1,3.33
@biomejs/cli-linux-x64,1,1,1,3.33
@biomejs/cli-linux-x64-musl,1,1,1,3.33
@biomejs/cli-win32-arm64,1,1,1,3.33
@biomejs/cli-win32-x64,1,1,1,3.33
@blaxel/core,1,1,1,3.33
@boxd-sh/sdk,1,1,1,3.33
@bundled-es-modules/cookie,1,1,1,3.33
@bundled-es-modules/statuses,1,1,1,3.33
@bundled-es-modules/tough-cookie,1,1,1,3.33
@callstack/react-theme-provider,1,1,1,3.33
@capacitor-community/sqlite,1,1,1,3.33
@capacitor/android,1,1,1,3.33
@capacitor/cli,1,1,1,3.33
@capacitor/core,1,1,1,3.33
@capacitor/ios,1,1,1,3.33
@cfworker/json-schema,1,1,1,3.33
@chakra-ui/react,1,1,1,3.33
@chenglou/pretext,1,1,1,3.33
@chialab/estransform,1,1,1,3.33
@cloudflare/containers,1,1,1,3.33
@cloudflare/sandbox,1,1,1,3.33
@codemirror/autocomplete,1,1,1,3.33
@codemirror/commands,1,1,1,3.33
@codemirror/lang-css,1,1,1,3.33
@codemirror/lang-html,1,1,1,3.33
@codemirror/lang-javascript,1,1,1,3.33
@codemirror/lang-json,1,1,1,3.33
@codemirror/language,1,1,1,3.33
@codemirror/lint,1,1,1,3.33
@codemirror/search,1,1,1,3.33
@codemirror/state,1,1,1,3.33
@codemirror/view,1,1,1,3.33
@codesandbox/vue-preview,1,1,1,3.33
@connectrpc/connect,1,1,1,3.33
@connectrpc/connect-web,1,1,1,3.33
@convex-dev/better-auth,1,1,1,3.33
@convex-dev/react-query,1,1,1,3.33
@copilotkit/aimock,1,1,1,3.33
@cspell/cspell-bundled-dicts,1,1,1,3.33
@cspell/cspell-performance-monitor,1,1,1,3.33
@cspell/cspell-pipe,1,1,1,3.33
@cspell/cspell-resolver,1,1,1,3.33
@cspell/cspell-service-bus,1,1,1,3.33
@cspell/cspell-types,1,1,1,3.33
@cspell/dict-ada,1,1,1,3.33
@cspell/dict-al,1,1,1,3.33
@cspell/dict-aws,1,1,1,3.33
@cspell/dict-bash,1,1,1,3.33
@cspell/dict-companies,1,1,1,3.33
@cspell/dict-cpp,1,1,1,3.33
@cspell/dict-cryptocurrencies,1,1,1,3.33
@cspell/dict-csharp,1,1,1,3.33
@cspell/dict-css,1,1,1,3.33
@cspell/dict-dart,1,1,1,3.33
@cspell/dict-data-science,1,1,1,3.33
@cspell/dict-django,1,1,1,3.33
@cspell/dict-docker,1,1,1,3.33
@cspell/dict-dotnet,1,1,1,3.33
@cspell/dict-elixir,1,1,1,3.33
@cspell/dict-en-common-misspellings,1,1,1,3.33
@cspell/dict-en-gb-mit,1,1,1,3.33
@cspell/dict-en_us,1,1,1,3.33
@cspell/dict-filetypes,1,1,1,3.33
@cspell/dict-flutter,1,1,1,3.33
@cspell/dict-fonts,1,1,1,3.33
@cspell/dict-fsharp,1,1,1,3.33
@cspell/dict-fullstack,1,1,1,3.33
@cspell/dict-gaming-terms,1,1,1,3.33
@cspell/dict-git,1,1,1,3.33
@cspell/dict-golang,1,1,1,3.33
@cspell/dict-google,1,1,1,3.33
@cspell/dict-haskell,1,1,1,3.33
@cspell/dict-html,1,1,1,3.33
@cspell/dict-html-symbol-entities,1,1,1,3.33
@cspell/dict-java,1,1,1,3.33
@cspell/dict-julia,1,1,1,3.33
@cspell/dict-k8s,1,1,1,3.33
@cspell/dict-kotlin,1,1,1,3.33
@cspell/dict-latex,1,1,1,3.33
@cspell/dict-lorem-ipsum,1,1,1,3.33
@cspell/dict-lua,1,1,1,3.33
@cspell/dict-makefile,1,1,1,3.33
@cspell/dict-markdown,1,1,1,3.33
@cspell/dict-monkeyc,1,1,1,3.33
@cspell/dict-node,1,1,1,3.33
@cspell/dict-npm,1,1,1,3.33
@cspell/dict-php,1,1,1,3.33
@cspell/dict-powershell,1,1,1,3.33
@cspell/dict-public-licenses,1,1,1,3.33
@cspell/dict-python,1,1,1,3.33
@cspell/dict-r,1,1,1,3.33
@cspell/dict-ruby,1,1,1,3.33
@cspell/dict-rust,1,1,1,3.33
@cspell/dict-scala,1,1,1,3.33
@cspell/dict-shell,1,1,1,3.33
@cspell/dict-software-terms,1,1,1,3.33
@cspell/dict-sql,1,1,1,3.33
@cspell/dict-svelte,1,1,1,3.33
@cspell/dict-swift,1,1,1,3.33
@cspell/dict-terraform,1,1,1,3.33
@cspell/dict-typescript,1,1,1,3.33
@cspell/dict-vue,1,1,1,3.33
@cspell/dict-zig,1,1,1,3.33
@cspell/dynamic-import,1,1,1,3.33
@cspell/eslint-plugin,1,1,1,3.33
@cspell/filetypes,1,1,1,3.33
@cspell/rpc,1,1,1,3.33
@cspell/strong-weak-map,1,1,1,3.33
@cspell/url,1,1,1,3.33
@csstools/convert-colors,1,1,1,3.33
@csstools/normalize.css,1,1,1,3.33
@cypress/request,1,1,1,3.33
@daytona/api-client,1,1,1,3.33
@daytona/sdk,1,1,1,3.33
@daytona/toolbox-api-client,1,1,1,3.33
@dnd-kit-svelte/svelte,1,1,1,3.33
@dnd-kit/accessibility,1,1,1,3.33
@dnd-kit/core,1,1,1,3.33
@dnd-kit/helpers,1,1,1,3.33
@dnd-kit/modifiers,1,1,1,3.33
@dnd-kit/react,1,1,1,3.33
@dnd-kit/sortable,1,1,1,3.33
@dnd-kit/utilities,1,1,1,3.33
@docsearch/react,1,1,1,3.33
@durable-streams/client,1,1,1,3.33
@durable-streams/server-cloudflare,1,1,1,3.33
@durable-streams/tanstack-ai-transport,1,1,1,3.33
@effect/platform,1,1,1,3.33
@electric-sql/d2mini,1,1,1,3.33
@electron/asar,1,1,1,3.33
@electron/fuses,1,1,1,3.33
@electron/notarize,1,1,1,3.33
@electron/osx-sign,1,1,1,3.33
@electron/universal,1,1,1,3.33
@electron/windows-sign,1,1,1,3.33
@elevenlabs/client,1,1,1,3.33
@elevenlabs/elevenlabs-js,1,1,1,3.33
@elevenlabs/types,1,1,1,3.33
@ember/library-tsconfig,1,1,1,3.33
@embroider/addon-dev,1,1,1,3.33
@emmetio/css-parser,1,1,1,3.33
@emmetio/html-matcher,1,1,1,3.33
@emmetio/stream-reader,1,1,1,3.33
@emmetio/stream-reader-utils,1,1,1,3.33
@epic-web/invariant,1,1,1,3.33
@es-joy/jsdoccomment,1,1,1,3.33
@es-joy/resolve.exports,1,1,1,3.33
@esm-bundle/chai,1,1,1,3.33
@expo/server,1,1,1,3.33
@fast-check/vitest,1,1,1,3.33
@fastify/accept-negotiator,1,1,1,3.33
@fastify/ajv-compiler,1,1,1,3.33
@fastify/error,1,1,1,3.33
@fastify/fast-json-stringify-compiler,1,1,1,3.33
@fastify/forwarded,1,1,1,3.33
@fastify/merge-json-schemas,1,1,1,3.33
@fastify/otel,1,1,1,3.33
@fastify/proxy-addr,1,1,1,3.33
@fingerprintjs/fingerprintjs-pro,1,1,1,3.33
@fingerprintjs/fingerprintjs-pro-react,1,1,1,3.33
@fingerprintjs/fingerprintjs-pro-spa,1,1,1,3.33
@firebase/analytics,1,1,1,3.33
@firebase/analytics-compat,1,1,1,3.33
@firebase/analytics-types,1,1,1,3.33
@firebase/app,1,1,1,3.33
@firebase/app-check,1,1,1,3.33
@firebase/app-check-compat,1,1,1,3.33
@firebase/app-check-interop-types,1,1,1,3.33
@firebase/app-check-types,1,1,1,3.33
@firebase/app-compat,1,1,1,3.33
@firebase/app-types,1,1,1,3.33
@firebase/auth,1,1,1,3.33
@firebase/auth-compat,1,1,1,3.33
@firebase/auth-interop-types,1,1,1,3.33
@firebase/auth-types,1,1,1,3.33
@firebase/component,1,1,1,3.33
@firebase/data-connect,1,1,1,3.33
@firebase/database,1,1,1,3.33
@firebase/database-compat,1,1,1,3.33
@firebase/database-types,1,1,1,3.33
@firebase/firestore,1,1,1,3.33
@firebase/firestore-compat,1,1,1,3.33
@firebase/firestore-types,1,1,1,3.33
@firebase/functions,1,1,1,3.33
@firebase/functions-compat,1,1,1,3.33
@firebase/functions-types,1,1,1,3.33
@firebase/installations,1,1,1,3.33
@firebase/installations-compat,1,1,1,3.33
@firebase/installations-types,1,1,1,3.33
@firebase/logger,1,1,1,3.33
@firebase/messaging,1,1,1,3.33
@firebase/messaging-compat,1,1,1,3.33
@firebase/messaging-interop-types,1,1,1,3.33
@firebase/performance,1,1,1,3.33
@firebase/performance-compat,1,1,1,3.33
@firebase/performance-types,1,1,1,3.33
@firebase/remote-config,1,1,1,3.33
@firebase/remote-config-compat,1,1,1,3.33
@firebase/remote-config-types,1,1,1,3.33
@firebase/storage,1,1,1,3.33
@firebase/storage-compat,1,1,1,3.33
@firebase/storage-types,1,1,1,3.33
@firebase/util,1,1,1,3.33
@firebase/vertexai,1,1,1,3.33
@firebase/webchannel-wrapper,1,1,1,3.33
@floating-ui/vue,1,1,1,3.33
@fontsource-variable/roboto,1,1,1,3.33
@francoischalifour/autocomplete-core,1,1,1,3.33
@francoischalifour/autocomplete-preset-algolia,1,1,1,3.33
@fullhuman/postcss-purgecss,1,1,1,3.33
@google/model-viewer,1,1,1,3.33
@hapi/formula,1,1,1,3.33
@hapi/joi,1,1,1,3.33
@hapi/pinpoint,1,1,1,3.33
@hapi/tlds,1,1,1,3.33
@heroui/react,1,1,1,3.33
@heroui/styles,1,1,1,3.33
@hexagon/base64,1,1,1,3.33
@hey-api/client-fetch,1,1,1,3.33
@hey-api/codegen-core,1,1,1,3.33
@hey-api/json-schema-ref-parser,1,1,1,3.33
@hey-api/openapi-ts,1,1,1,3.33
@hey-api/shared,1,1,1,3.33
@hey-api/spec-types,1,1,1,3.33
@hey-api/types,1,1,1,3.33
@honcho-ai/sdk,1,1,1,3.33
@humanwhocodes/momoa,1,1,1,3.33
@iarna/toml,1,1,1,3.33
@import-maps/resolve,1,1,1,3.33
@inlang/paraglide-js,1,1,1,3.33
@inlang/recommend-sherlock,1,1,1,3.33
@inlang/sdk,1,1,1,3.33
@ionic/cli-framework-output,1,1,1,3.33
@ionic/utils-array,1,1,1,3.33
@ionic/utils-fs,1,1,1,3.33
@ionic/utils-object,1,1,1,3.33
@ionic/utils-process,1,1,1,3.33
@ionic/utils-stream,1,1,1,3.33
@ionic/utils-subprocess,1,1,1,3.33
@ionic/utils-terminal,1,1,1,3.33
@ioredis/as-callback,1,1,1,3.33
@jest/expect,1,1,1,3.33
@jest/expect-utils,1,1,1,3.33
@jest/globals,1,1,1,3.33
@jest/pattern,1,1,1,3.33
@jest/snapshot-utils,1,1,1,3.33
@jitl/quickjs-wasmfile-debug-asyncify,1,1,1,3.33
@jitl/quickjs-wasmfile-debug-sync,1,1,1,3.33
@journeyapps/wa-sqlite,1,1,1,3.33
@js-sdsl/ordered-map,1,1,1,3.33
@jsdevtools/ono,1,1,1,3.33
@jspm/core,1,1,1,3.33
@kayahr/text-encoding,1,1,1,3.33
@kurkle/color,1,1,1,3.33
@levischuck/tiny-cbor,1,1,1,3.33
@lezer/common,1,1,1,3.33
@lezer/css,1,1,1,3.33
@lezer/highlight,1,1,1,3.33
@lezer/html,1,1,1,3.33
@lezer/javascript,1,1,1,3.33
@lezer/json,1,1,1,3.33
@lezer/lr,1,1,1,3.33
@libsql/isomorphic-ws,1,1,1,3.33
@libsql/linux-arm-gnueabihf,1,1,1,3.33
@libsql/linux-arm-musleabihf,1,1,1,3.33
@lit-labs/ssr,1,1,1,3.33
@lit-labs/ssr-client,1,1,1,3.33
@livekit/mutex,1,1,1,3.33
@livekit/protocol,1,1,1,3.33
@lix-js/sdk,1,1,1,3.33
@lix-js/server-protocol-schema,1,1,1,3.33
@ljharb/has-package-exports-patterns,1,1,1,3.33
@lucide/svelte,1,1,1,3.33
@lucide/vue,1,1,1,3.33
@lukeed/ms,1,1,1,3.33
@luxass/strip-json-comments,1,1,1,3.33
@malept/flatpak-bundler,1,1,1,3.33
@mantine/dates,1,1,1,3.33
@marijn/find-cluster-break,1,1,1,3.33
@marko/compiler,1,1,1,3.33
@marko/language-tools,1,1,1,3.33
@marko/run,1,1,1,3.33
@marko/run-explorer,1,1,1,3.33
@marko/type-check,1,1,1,3.33
@marko/vite,1,1,1,3.33
@material-ui/core,1,1,1,3.33
@material-ui/styles,1,1,1,3.33
@material-ui/system,1,1,1,3.33
@material-ui/types,1,1,1,3.33
@material-ui/utils,1,1,1,3.33
@material/web,1,1,1,3.33
@mcp-ui/client,1,1,1,3.33
@mdx-js/loader,1,1,1,3.33
@mdx-js/react,1,1,1,3.33
@mdx-js/tag,1,1,1,3.33
@mdx-js/util,1,1,1,3.33
@mediapipe/tasks-vision,1,1,1,3.33
@minimistjs/subarg,1,1,1,3.33
@mistralai/mistralai,1,1,1,3.33
@modelcontextprotocol/client,1,1,1,3.33
@modelcontextprotocol/ext-apps,1,1,1,3.33
@module-federation/error-codes,1,1,1,3.33
@module-federation/runtime,1,1,1,3.33
@module-federation/runtime-core,1,1,1,3.33
@module-federation/runtime-tools,1,1,1,3.33
@module-federation/sdk,1,1,1,3.33
@module-federation/webpack-bundler-runtime,1,1,1,3.33
@monogrid/gainmap-js,1,1,1,3.33
@motionone/animation,1,1,1,3.33
@motionone/dom,1,1,1,3.33
@motionone/easing,1,1,1,3.33
@motionone/generators,1,1,1,3.33
@motionone/types,1,1,1,3.33
@motionone/utils,1,1,1,3.33
@mrleebo/prisma-ast,1,1,1,3.33
@mrmlnc/readdir-enhanced,1,1,1,3.33
@msgpack/msgpack,1,1,1,3.33
@msw/playwright,1,1,1,3.33
@mui/icons-material,1,1,1,3.33
@mui/x-date-pickers,1,1,1,3.33
@mui/x-internals,1,1,1,3.33
@napi-rs/magic-string,1,1,1,3.33
@napi-rs/magic-string-android-arm-eabi,1,1,1,3.33
@napi-rs/magic-string-android-arm64,1,1,1,3.33
@napi-rs/magic-string-darwin-arm64,1,1,1,3.33
@napi-rs/magic-string-darwin-x64,1,1,1,3.33
@napi-rs/magic-string-freebsd-x64,1,1,1,3.33
@napi-rs/magic-string-linux-arm-gnueabihf,1,1,1,3.33
@napi-rs/magic-string-linux-arm64-gnu,1,1,1,3.33
@napi-rs/magic-string-linux-arm64-musl,1,1,1,3.33
@napi-rs/magic-string-linux-x64-gnu,1,1,1,3.33
@napi-rs/magic-string-linux-x64-musl,1,1,1,3.33
@napi-rs/magic-string-win32-arm64-msvc,1,1,1,3.33
@napi-rs/magic-string-win32-ia32-msvc,1,1,1,3.33
@napi-rs/magic-string-win32-x64-msvc,1,1,1,3.33
@neon-rs/load,1,1,1,3.33
@netlify/ai,1,1,1,3.33
@netlify/api,1,1,1,3.33
@netlify/cache,1,1,1,3.33
@netlify/config,1,1,1,3.33
@netlify/database-dev,1,1,1,3.33
@netlify/dev,1,1,1,3.33
@netlify/edge-bundler,1,1,1,3.33
@netlify/edge-functions,1,1,1,3.33
@netlify/edge-functions-bootstrap,1,1,1,3.33
@netlify/edge-functions-dev,1,1,1,3.33
@netlify/functions-dev,1,1,1,3.33
@netlify/headers,1,1,1,3.33
@netlify/headers-parser,1,1,1,3.33
@netlify/images,1,1,1,3.33
@netlify/otel,1,1,1,3.33
@netlify/redirect-parser,1,1,1,3.33
@netlify/redirects,1,1,1,3.33
@netlify/runtime,1,1,1,3.33
@netlify/server-dev,1,1,1,3.33
@netlify/static,1,1,1,3.33
@netlify/vite-plugin,1,1,1,3.33
@netlify/vite-plugin-tanstack-start,1,1,1,3.33
@next/mdx,1,1,1,3.33
@next/plugin-google-analytics,1,1,1,3.33
@next/react-dev-overlay,1,1,1,3.33
@next/react-refresh-utils,1,1,1,3.33
@next/swc-win32-ia32-msvc,1,1,1,3.33
@ngrok/ngrok,1,1,1,3.33
@ngrok/ngrok-android-arm64,1,1,1,3.33
@ngrok/ngrok-darwin-arm64,1,1,1,3.33
@ngrok/ngrok-darwin-universal,1,1,1,3.33
@ngrok/ngrok-darwin-x64,1,1,1,3.33
@ngrok/ngrok-freebsd-x64,1,1,1,3.33
@ngrok/ngrok-linux-arm-gnueabihf,1,1,1,3.33
@ngrok/ngrok-linux-arm64-gnu,1,1,1,3.33
@ngrok/ngrok-linux-arm64-musl,1,1,1,3.33
@ngrok/ngrok-linux-x64-gnu,1,1,1,3.33
@ngrok/ngrok-linux-x64-musl,1,1,1,3.33
@ngrok/ngrok-win32-arm64-msvc,1,1,1,3.33
@ngrok/ngrok-win32-ia32-msvc,1,1,1,3.33
@ngrok/ngrok-win32-x64-msvc,1,1,1,3.33
@nolyfill/is-core-module,1,1,1,3.33
@nothing-but/utils,1,1,1,3.33
@observablehq/plot,1,1,1,3.33
@observablehq/sample-datasets,1,1,1,3.33
@octanejs/testing-library,1,1,1,3.33
@octokit/endpoint,1,1,1,3.33
@octokit/graphql,1,1,1,3.33
@octokit/openapi-types,1,1,1,3.33
@octokit/request,1,1,1,3.33
@octokit/request-error,1,1,1,3.33
@octokit/types,1,1,1,3.33
@op-engineering/op-sqlite,1,1,1,3.33
@open-wc/dedupe-mixin,1,1,1,3.33
@open-wc/scoped-elements,1,1,1,3.33
@open-wc/semantic-dom-diff,1,1,1,3.33
@open-wc/testing,1,1,1,3.33
@open-wc/testing-helpers,1,1,1,3.33
@opencode-ai/sdk,1,1,1,3.33
@opentelemetry/configuration,1,1,1,3.33
@opentelemetry/exporter-logs-otlp-grpc,1,1,1,3.33
@opentelemetry/exporter-logs-otlp-http,1,1,1,3.33
@opentelemetry/exporter-logs-otlp-proto,1,1,1,3.33
@opentelemetry/exporter-metrics-otlp-grpc,1,1,1,3.33
@opentelemetry/exporter-metrics-otlp-http,1,1,1,3.33
@opentelemetry/exporter-metrics-otlp-proto,1,1,1,3.33
@opentelemetry/exporter-prometheus,1,1,1,3.33
@opentelemetry/exporter-trace-otlp-grpc,1,1,1,3.33
@opentelemetry/exporter-trace-otlp-http,1,1,1,3.33
@opentelemetry/exporter-trace-otlp-proto,1,1,1,3.33
@opentelemetry/exporter-zipkin,1,1,1,3.33
@opentelemetry/instrumentation-amqplib,1,1,1,3.33
@opentelemetry/instrumentation-connect,1,1,1,3.33
@opentelemetry/instrumentation-dataloader,1,1,1,3.33
@opentelemetry/instrumentation-express,1,1,1,3.33
@opentelemetry/instrumentation-fs,1,1,1,3.33
@opentelemetry/instrumentation-generic-pool,1,1,1,3.33
@opentelemetry/instrumentation-graphql,1,1,1,3.33
@opentelemetry/instrumentation-hapi,1,1,1,3.33
@opentelemetry/instrumentation-ioredis,1,1,1,3.33
@opentelemetry/instrumentation-kafkajs,1,1,1,3.33
@opentelemetry/instrumentation-knex,1,1,1,3.33
@opentelemetry/instrumentation-koa,1,1,1,3.33
@opentelemetry/instrumentation-lru-memoizer,1,1,1,3.33
@opentelemetry/instrumentation-mongodb,1,1,1,3.33
@opentelemetry/instrumentation-mongoose,1,1,1,3.33
@opentelemetry/instrumentation-mysql,1,1,1,3.33
@opentelemetry/instrumentation-mysql2,1,1,1,3.33
@opentelemetry/instrumentation-pg,1,1,1,3.33
@opentelemetry/instrumentation-redis,1,1,1,3.33
@opentelemetry/instrumentation-tedious,1,1,1,3.33
@opentelemetry/instrumentation-undici,1,1,1,3.33
@opentelemetry/otlp-exporter-base,1,1,1,3.33
@opentelemetry/otlp-grpc-exporter-base,1,1,1,3.33
@opentelemetry/otlp-transformer,1,1,1,3.33
@opentelemetry/propagator-b3,1,1,1,3.33
@opentelemetry/propagator-jaeger,1,1,1,3.33
@opentelemetry/redis-common,1,1,1,3.33
@opentelemetry/sdk-logs,1,1,1,3.33
@opentelemetry/sdk-metrics,1,1,1,3.33
@opentelemetry/sdk-node,1,1,1,3.33
@opentelemetry/sdk-trace,1,1,1,3.33
@opentelemetry/sql-common,1,1,1,3.33
@pandacss/is-valid-prop,1,1,1,3.33
@panva/hkdf,1,1,1,3.33
@parcel/source-map,1,1,1,3.33
@parse5/tools,1,1,1,3.33
@peculiar/asn1-android,1,1,1,3.33
@peculiar/json-schema,1,1,1,3.33
@peculiar/webcrypto,1,1,1,3.33
@phosphor-icons/react,1,1,1,3.33
@pkgr/utils,1,1,1,3.33
@popmotion/easing,1,1,1,3.33
@popmotion/popcorn,1,1,1,3.33
@powersync/common,1,1,1,3.33
@powersync/node,1,1,1,3.33
@powersync/shared-internals,1,1,1,3.33
@preact/signals,1,1,1,3.33
@prisma/adapter-libsql,1,1,1,3.33
@prisma/driver-adapter-utils,1,1,1,3.33
@prisma/instrumentation,1,1,1,3.33
@prisma/streams-local,1,1,1,3.33
@prisma/studio-core,1,1,1,3.33
@prisma/studio-core-licensed,1,1,1,3.33
@puppeteer/browsers,1,1,1,3.33
@radix-ui/colors,1,1,1,3.33
@radix-ui/themes,1,1,1,3.33
@reach/observe-rect,1,1,1,3.33
@react-aria/color,1,1,1,3.33
@react-aria/ssr,1,1,1,3.33
@react-aria/utils,1,1,1,3.33
@react-hook/debounce,1,1,1,3.33
@react-hook/event,1,1,1,3.33
@react-hook/latest,1,1,1,3.33
@react-hook/passive-layout-effect,1,1,1,3.33
@react-hook/throttle,1,1,1,3.33
@react-hook/window-size,1,1,1,3.33
@react-hookz/web,1,1,1,3.33
@react-native-async-storage/async-storage,1,1,1,3.33
@react-native-community/cli,1,1,1,3.33
@react-native-community/cli-clean,1,1,1,3.33
@react-native-community/cli-config,1,1,1,3.33
@react-native-community/cli-config-android,1,1,1,3.33
@react-native-community/cli-config-apple,1,1,1,3.33
@react-native-community/cli-doctor,1,1,1,3.33
@react-native-community/cli-platform-android,1,1,1,3.33
@react-native-community/cli-platform-apple,1,1,1,3.33
@react-native-community/cli-platform-ios,1,1,1,3.33
@react-native-community/cli-server-api,1,1,1,3.33
@react-native-community/cli-tools,1,1,1,3.33
@react-native-community/cli-types,1,1,1,3.33
@react-native/typescript-config,1,1,1,3.33
@react-navigation/stack,1,1,1,3.33
@react-spectrum/color,1,1,1,3.33
@react-spectrum/provider,1,1,1,3.33
@react-stately/color,1,1,1,3.33
@react-stately/utils,1,1,1,3.33
@react-three/drei,1,1,1,3.33
@react-three/fiber,1,1,1,3.33
@react-types/color,1,1,1,3.33
@reactions/component,1,1,1,3.33
@reactor-team/js-sdk,1,1,1,3.33
@redis/bloom,1,1,1,3.33
@redis/client,1,1,1,3.33
@redis/graph,1,1,1,3.33
@redis/json,1,1,1,3.33
@redis/search,1,1,1,3.33
@redis/time-series,1,1,1,3.33
@remix-run/assert,1,1,1,3.33
@remix-run/assets,1,1,1,3.33
@remix-run/async-context-middleware,1,1,1,3.33
@remix-run/auth,1,1,1,3.33
@remix-run/auth-middleware,1,1,1,3.33
@remix-run/cli,1,1,1,3.33
@remix-run/compression-middleware,1,1,1,3.33
@remix-run/cookie,1,1,1,3.33
@remix-run/cop-middleware,1,1,1,3.33
@remix-run/cors-middleware,1,1,1,3.33
@remix-run/csrf-middleware,1,1,1,3.33
@remix-run/data-schema,1,1,1,3.33
@remix-run/data-table,1,1,1,3.33
@remix-run/data-table-mysql,1,1,1,3.33
@remix-run/data-table-postgres,1,1,1,3.33
@remix-run/data-table-sqlite,1,1,1,3.33
@remix-run/dev,1,1,1,3.33
@remix-run/express,1,1,1,3.33
@remix-run/fetch-proxy,1,1,1,3.33
@remix-run/fetch-router,1,1,1,3.33
@remix-run/file-storage,1,1,1,3.33
@remix-run/file-storage-s3,1,1,1,3.33
@remix-run/form-data-middleware,1,1,1,3.33
@remix-run/form-data-parser,1,1,1,3.33
@remix-run/fs,1,1,1,3.33
@remix-run/headers,1,1,1,3.33
@remix-run/html-template,1,1,1,3.33
@remix-run/lazy-file,1,1,1,3.33
@remix-run/logger-middleware,1,1,1,3.33
@remix-run/method-override-middleware,1,1,1,3.33
@remix-run/mime,1,1,1,3.33
@remix-run/multipart-parser,1,1,1,3.33
@remix-run/node,1,1,1,3.33
@remix-run/node-fetch-server,1,1,1,3.33
@remix-run/node-hmr,1,1,1,3.33
@remix-run/node-tsx,1,1,1,3.33
@remix-run/react,1,1,1,3.33
@remix-run/render-middleware,1,1,1,3.33
@remix-run/response,1,1,1,3.33
@remix-run/route-pattern,1,1,1,3.33
@remix-run/serve,1,1,1,3.33
@remix-run/server-runtime,1,1,1,3.33
@remix-run/session,1,1,1,3.33
@remix-run/session-middleware,1,1,1,3.33
@remix-run/session-storage-memcache,1,1,1,3.33
@remix-run/session-storage-redis,1,1,1,3.33
@remix-run/spa,1,1,1,3.33
@remix-run/static-middleware,1,1,1,3.33
@remix-run/tar-parser,1,1,1,3.33
@remix-run/terminal,1,1,1,3.33
@remix-run/test,1,1,1,3.33
@remix-run/ui,1,1,1,3.33
@remix-run/ui-hmr,1,1,1,3.33
@remix-run/web-blob,1,1,1,3.33
@remix-run/web-fetch,1,1,1,3.33
@remix-run/web-file,1,1,1,3.33
@remix-run/web-form-data,1,1,1,3.33
@remix-run/web-stream,1,1,1,3.33
@rescripts/cli,1,1,1,3.33
@rescripts/rescript-use-babel-config,1,1,1,3.33
@rescripts/rescript-use-eslint-config,1,1,1,3.33
@rescripts/utilities,1,1,1,3.33
@rollup/browser,1,1,1,3.33
@rsbuild/plugin-babel,1,1,1,3.33
@rsbuild/plugin-react,1,1,1,3.33
@rsbuild/plugin-solid,1,1,1,3.33
@rsbuild/plugin-tailwindcss,1,1,1,3.33
@rsbuild/plugin-vue,1,1,1,3.33
@rsbuild/plugin-vue-jsx,1,1,1,3.33
@rspack/binding-linux-ppc64-gnu,1,1,1,3.33
@rspack/binding-linux-s390x-gnu,1,1,1,3.33
@rspack/cli,1,1,1,3.33
@rspack/plugin-react-refresh,1,1,1,3.33
@rtsao/scc,1,1,1,3.33
@sentry-internal/tracing,1,1,1,3.33
@sentry/node,1,1,1,3.33
@sentry/node-core,1,1,1,3.33
@sentry/opentelemetry,1,1,1,3.33
@sentry/rollup-plugin,1,1,1,3.33
@sentry/solid,1,1,1,3.33
@sentry/tanstackstart-react,1,1,1,3.33
@sentry/tracing,1,1,1,3.33
@sentry/types,1,1,1,3.33
@sentry/utils,1,1,1,3.33
@sentry/vue,1,1,1,3.33
@shopify/hydrogen-react,1,1,1,3.33
@sideway/address,1,1,1,3.33
@sideway/formula,1,1,1,3.33
@sideway/pinpoint,1,1,1,3.33
@simplewebauthn/browser,1,1,1,3.33
@simplewebauthn/server,1,1,1,3.33
@sindresorhus/base62,1,1,1,3.33
@smithy/core,1,1,1,3.33
@smithy/credential-provider-imds,1,1,1,3.33
@smithy/eventstream-codec,1,1,1,3.33
@smithy/fetch-http-handler,1,1,1,3.33
@smithy/is-array-buffer,1,1,1,3.33
@smithy/node-http-handler,1,1,1,3.33
@smithy/signature-v4,1,1,1,3.33
@smithy/types,1,1,1,3.33
@smithy/util-buffer-from,1,1,1,3.33
@smithy/util-utf8,1,1,1,3.33
@so-ric/colorspace,1,1,1,3.33
@solid-devtools/debugger,1,1,1,3.33
@solid-devtools/logger,1,1,1,3.33
@solid-devtools/shared,1,1,1,3.33
@solid-primitives/bounds,1,1,1,3.33
@solid-primitives/context,1,1,1,3.33
@solid-primitives/scheduled,1,1,1,3.33
@solid-primitives/styles,1,1,1,3.33
@sparkjsdev/spark,1,1,1,3.33
@spectrum-icons/ui,1,1,1,3.33
@spectrum-icons/workflow,1,1,1,3.33
@sqlite.org/sqlite-wasm,1,1,1,3.33
@standard-schema/utils,1,1,1,3.33
@stencil/core,1,1,1,3.33
@supabase/auth-js,1,1,1,3.33
@supabase/functions-js,1,1,1,3.33
@supabase/node-fetch,1,1,1,3.33
@supabase/postgrest-js,1,1,1,3.33
@supabase/realtime-js,1,1,1,3.33
@supabase/ssr,1,1,1,3.33
@supabase/storage-js,1,1,1,3.33
@supabase/supabase-js,1,1,1,3.33
@svgr/babel-plugin-add-jsx-attribute,1,1,1,3.33
@svgr/babel-plugin-remove-jsx-attribute,1,1,1,3.33
@svgr/babel-plugin-remove-jsx-empty-expression,1,1,1,3.33
@svgr/babel-plugin-replace-jsx-attribute-value,1,1,1,3.33
@svgr/babel-plugin-svg-dynamic-title,1,1,1,3.33
@svgr/babel-plugin-svg-em-dimensions,1,1,1,3.33
@svgr/babel-plugin-transform-react-native-svg,1,1,1,3.33
@svgr/babel-plugin-transform-svg-component,1,1,1,3.33
@svgr/babel-preset,1,1,1,3.33
@svgr/core,1,1,1,3.33
@svgr/hast-util-to-babel-ast,1,1,1,3.33
@svgr/plugin-jsx,1,1,1,3.33
@svgr/plugin-svgo,1,1,1,3.33
@svgr/webpack,1,1,1,3.33
@swc-node/core,1,1,1,3.33
@swc-node/register,1,1,1,3.33
@swc-node/sourcemap-support,1,1,1,3.33
@szmarczak/http-timer,1,1,1,3.33
@tabby_ai/hijri-converter,1,1,1,3.33
@tabler/icons,1,1,1,3.33
@tabler/icons-react,1,1,1,3.33
@tailwindcss/custom-forms,1,1,1,3.33
@tailwindcss/typography,1,1,1,3.33
@tailwindcss/ui,1,1,1,3.33
@tailwindcss/webpack,1,1,1,3.33
@takumi-rs/core,1,1,1,3.33
@takumi-rs/core-darwin-arm64,1,1,1,3.33
@takumi-rs/core-darwin-x64,1,1,1,3.33
@takumi-rs/core-linux-arm64-gnu,1,1,1,3.33
@takumi-rs/core-linux-arm64-musl,1,1,1,3.33
@takumi-rs/core-linux-x64-gnu,1,1,1,3.33
@takumi-rs/core-linux-x64-musl,1,1,1,3.33
@takumi-rs/core-win32-arm64-msvc,1,1,1,3.33
@takumi-rs/core-win32-x64-msvc,1,1,1,3.33
@takumi-rs/helpers,1,1,1,3.33
@takumi-rs/wasm,1,1,1,3.33
@tanstack/ai-cloudflare,1,1,1,3.33
@tanstack/ai-grok,1,1,1,3.33
@tanstack/ai-groq,1,1,1,3.33
@tanstack/ai-ollama,1,1,1,3.33
@tanstack/ai-openrouter,1,1,1,3.33
@tanstack/ai-typesafe,1,1,1,3.33
@tanstack/ai-vercel-gateway,1,1,1,3.33
@tanstack/angular-form,1,1,1,3.33
@tanstack/angular-hotkeys,1,1,1,3.33
@tanstack/angular-pacer,1,1,1,3.33
@tanstack/angular-table,1,1,1,3.33
@tanstack/angular-virtual,1,1,1,3.33
@tanstack/charts,1,1,1,3.33
@tanstack/create,1,1,1,3.33
@tanstack/electric-db-collection,1,1,1,3.33
@tanstack/lit-hotkeys,1,1,1,3.33
@tanstack/lit-query,1,1,1,3.33
@tanstack/lit-virtual,1,1,1,3.33
@tanstack/nitro-v2-vite-plugin,1,1,1,3.33
@tanstack/preact-form,1,1,1,3.33
@tanstack/preact-hotkeys,1,1,1,3.33
@tanstack/preact-pacer,1,1,1,3.33
@tanstack/preact-pacer-devtools,1,1,1,3.33
@tanstack/preact-query,1,1,1,3.33
@tanstack/preact-query-devtools,1,1,1,3.33
@tanstack/query-db-collection,1,1,1,3.33
@tanstack/react-location,1,1,1,3.33
@tanstack/react-pacer-devtools,1,1,1,3.33
@tanstack/react-start-plugin,1,1,1,3.33
@tanstack/router-vite-plugin,1,1,1,3.33
@tanstack/solid-form,1,1,1,3.33
@tanstack/solid-form-devtools,1,1,1,3.33
@tanstack/solid-hotkeys,1,1,1,3.33
@tanstack/solid-pacer,1,1,1,3.33
@tanstack/solid-pacer-devtools,1,1,1,3.33
@tanstack/solid-router-ssr-query,1,1,1,3.33
@tanstack/start-server-functions-client,1,1,1,3.33
@tanstack/start-server-functions-fetcher,1,1,1,3.33
@tanstack/start-server-functions-server,1,1,1,3.33
@tanstack/svelte-form,1,1,1,3.33
@tanstack/svelte-hotkeys,1,1,1,3.33
@tanstack/svelte-table,1,1,1,3.33
@tanstack/svelte-virtual,1,1,1,3.33
@tanstack/vue-form,1,1,1,3.33
@tanstack/vue-hotkeys,1,1,1,3.33
@tanstack/vue-table,1,1,1,3.33
@tanstack/web-container-spike,1,1,1,3.33
@tanstack/workflow-core,1,1,1,3.33
@tanstack/workflow-runtime,1,1,1,3.33
@tanstack/workflow-store-drizzle-postgres,1,1,1,3.33
@tanstack/zod-adapter,1,1,1,3.33
@tauri-apps/api,1,1,1,3.33
@tauri-apps/cli,1,1,1,3.33
@tauri-apps/cli-darwin-arm64,1,1,1,3.33
@tauri-apps/cli-darwin-x64,1,1,1,3.33
@tauri-apps/cli-linux-arm-gnueabihf,1,1,1,3.33
@tauri-apps/cli-linux-arm64-gnu,1,1,1,3.33
@tauri-apps/cli-linux-arm64-musl,1,1,1,3.33
@tauri-apps/cli-linux-riscv64-gnu,1,1,1,3.33
@tauri-apps/cli-linux-x64-gnu,1,1,1,3.33
@tauri-apps/cli-linux-x64-musl,1,1,1,3.33
@tauri-apps/cli-win32-arm64-msvc,1,1,1,3.33
@tauri-apps/cli-win32-ia32-msvc,1,1,1,3.33
@tauri-apps/cli-win32-x64-msvc,1,1,1,3.33
@tauri-apps/plugin-sql,1,1,1,3.33
@testing-library/react-render-stream,1,1,1,3.33
@tootallnate/quickjs-emscripten,1,1,1,3.33
@trpc/tanstack-react-query,1,1,1,3.33
@tsrx/prettier-plugin,1,1,1,3.33
@types/accepts,1,1,1,3.33
@types/acorn,1,1,1,3.33
@types/async-retry,1,1,1,3.33
@types/base16,1,1,1,3.33
@types/better-sqlite3,1,1,1,3.33
@types/cacheable-request,1,1,1,3.33
@types/chai-dom,1,1,1,3.33
@types/clone,1,1,1,3.33
@types/co-body,1,1,1,3.33
@types/common-tags,1,1,1,3.33
@types/content-disposition,1,1,1,3.33
@types/convert-source-map,1,1,1,3.33
@types/cookies,1,1,1,3.33
@types/d3-hexbin,1,1,1,3.33
@types/debounce,1,1,1,3.33
@types/diff,1,1,1,3.33
@types/docker-modem,1,1,1,3.33
@types/dockerode,1,1,1,3.33
@types/dom-mediacapture-record,1,1,1,3.33
@types/dom-navigation,1,1,1,3.33
@types/dom-speech-recognition,1,1,1,3.33
@types/draco3d,1,1,1,3.33
@types/emscripten,1,1,1,3.33
@types/glob,1,1,1,3.33
@types/google.maps,1,1,1,3.33
@types/hogan.js,1,1,1,3.33
@types/hoist-non-react-statics,1,1,1,3.33
@types/http-assert,1,1,1,3.33
@types/ioredis-mock,1,1,1,3.33
@types/jasmine,1,1,1,3.33
@types/js-cookie,1,1,1,3.33
@types/jsonfile,1,1,1,3.33
@types/keygrip,1,1,1,3.33
@types/keyv,1,1,1,3.33
@types/koa,1,1,1,3.33
@types/koa-compose,1,1,1,3.33
@types/linkify-it,1,1,1,3.33
@types/lodash.curry,1,1,1,3.33
@types/lru-cache,1,1,1,3.33
@types/mdx,1,1,1,3.33
@types/mysql,1,1,1,3.33
@types/offscreencanvas,1,1,1,3.33
@types/parse-gitignore,1,1,1,3.33
@types/pg-pool,1,1,1,3.33
@types/phoenix,1,1,1,3.33
@types/raf,1,1,1,3.33
@types/react-reconciler,1,1,1,3.33
@types/react-redux,1,1,1,3.33
@types/react-test-renderer,1,1,1,3.33
@types/remove-markdown,1,1,1,3.33
@types/responselike,1,1,1,3.33
@types/simple-peer,1,1,1,3.33
@types/sinon,1,1,1,3.33
@types/sinon-chai,1,1,1,3.33
@types/sinonjs__fake-timers,1,1,1,3.33
@types/slice-ansi,1,1,1,3.33
@types/sort-by,1,1,1,3.33
@types/source-list-map,1,1,1,3.33
@types/ssh2,1,1,1,3.33
@types/tapable,1,1,1,3.33
@types/tar-stream,1,1,1,3.33
@types/tedious,1,1,1,3.33
@types/topojson-client,1,1,1,3.33
@types/topojson-specification,1,1,1,3.33
@types/uglify-js,1,1,1,3.33
@types/validate-npm-package-name,1,1,1,3.33
@types/webpack,1,1,1,3.33
@types/webpack-sources,1,1,1,3.33
@ungap/raw-json,1,1,1,3.33
@uploadthing/mime-types,1,1,1,3.33
@uploadthing/react,1,1,1,3.33
@uploadthing/shared,1,1,1,3.33
@upstash/box,1,1,1,3.33
@use-gesture/core,1,1,1,3.33
@use-gesture/react,1,1,1,3.33
@vanilla-extract/babel-plugin-debug-ids,1,1,1,3.33
@vanilla-extract/css,1,1,1,3.33
@vanilla-extract/integration,1,1,1,3.33
@vanilla-extract/private,1,1,1,3.33
@vectorize-io/hindsight-client,1,1,1,3.33
@ver0/deep-equal,1,1,1,3.33
@vercel/functions,1,1,1,3.33
@vercel/sandbox,1,1,1,3.33
@verdaccio/auth,1,1,1,3.33
@verdaccio/config,1,1,1,3.33
@verdaccio/core,1,1,1,3.33
@verdaccio/file-locking,1,1,1,3.33
@verdaccio/hooks,1,1,1,3.33
@verdaccio/loaders,1,1,1,3.33
@verdaccio/local-storage-legacy,1,1,1,3.33
@verdaccio/logger,1,1,1,3.33
@verdaccio/logger-commons,1,1,1,3.33
@verdaccio/logger-prettify,1,1,1,3.33
@verdaccio/middleware,1,1,1,3.33
@verdaccio/package-filter,1,1,1,3.33
@verdaccio/search-indexer,1,1,1,3.33
@verdaccio/signature,1,1,1,3.33
@verdaccio/streams,1,1,1,3.33
@verdaccio/tarball,1,1,1,3.33
@verdaccio/ui-theme,1,1,1,3.33
@verdaccio/url,1,1,1,3.33
@visx/curve,1,1,1,3.33
@visx/event,1,1,1,3.33
@visx/grid,1,1,1,3.33
@visx/group,1,1,1,3.33
@visx/point,1,1,1,3.33
@visx/scale,1,1,1,3.33
@visx/shape,1,1,1,3.33
@visx/vendor,1,1,1,3.33
@vitejs/plugin-react-swc,1,1,1,3.33
@vitejs/plugin-rsc,1,1,1,3.33
@vitest-evals/core,1,1,1,3.33
@vitest-evals/report-ui,1,1,1,3.33
@vitest/browser,1,1,1,3.33
@vitest/eslint-plugin,1,1,1,3.33
@vscode/sudo-prompt,1,1,1,3.33
@web-std/blob,1,1,1,3.33
@web-std/fetch,1,1,1,3.33
@web-std/file,1,1,1,3.33
@web-std/form-data,1,1,1,3.33
@web/browser-logs,1,1,1,3.33
@web/dev-server-core,1,1,1,3.33
@web/parse5-utils,1,1,1,3.33
@web/test-runner-commands,1,1,1,3.33
@web/test-runner-core,1,1,1,3.33
@webcontainer/api,1,1,1,3.33
@workflow/serde,1,1,1,3.33
@workos-inc/node,1,1,1,3.33
@workos/authkit-session,1,1,1,3.33
@workos/authkit-tanstack-react-start,1,1,1,3.33
@xstate/fsm,1,1,1,3.33
@xstate/react,1,1,1,3.33
@xterm/addon-fit,1,1,1,3.33
@xterm/xterm,1,1,1,3.33
@yme/lay-postcss,1,1,1,3.33
@zag-js/accordion,1,1,1,3.33
@zag-js/anatomy,1,1,1,3.33
@zag-js/angle-slider,1,1,1,3.33
@zag-js/aria-hidden,1,1,1,3.33
@zag-js/async-list,1,1,1,3.33
@zag-js/auto-resize,1,1,1,3.33
@zag-js/avatar,1,1,1,3.33
@zag-js/carousel,1,1,1,3.33
@zag-js/cascade-select,1,1,1,3.33
@zag-js/checkbox,1,1,1,3.33
@zag-js/clipboard,1,1,1,3.33
@zag-js/collapsible,1,1,1,3.33
@zag-js/collection,1,1,1,3.33
@zag-js/color-picker,1,1,1,3.33
@zag-js/color-utils,1,1,1,3.33
@zag-js/combobox,1,1,1,3.33
@zag-js/core,1,1,1,3.33
@zag-js/date-input,1,1,1,3.33
@zag-js/date-picker,1,1,1,3.33
@zag-js/date-utils,1,1,1,3.33
@zag-js/dialog,1,1,1,3.33
@zag-js/dismissable,1,1,1,3.33
@zag-js/dom-query,1,1,1,3.33
@zag-js/drawer,1,1,1,3.33
@zag-js/editable,1,1,1,3.33
@zag-js/file-upload,1,1,1,3.33
@zag-js/file-utils,1,1,1,3.33
@zag-js/floating-panel,1,1,1,3.33
@zag-js/focus-trap,1,1,1,3.33
@zag-js/focus-visible,1,1,1,3.33
@zag-js/highlight-word,1,1,1,3.33
@zag-js/hotkeys,1,1,1,3.33
@zag-js/hover-card,1,1,1,3.33
@zag-js/i18n-utils,1,1,1,3.33
@zag-js/image-cropper,1,1,1,3.33
@zag-js/interact-outside,1,1,1,3.33
@zag-js/json-tree-utils,1,1,1,3.33
@zag-js/listbox,1,1,1,3.33
@zag-js/live-region,1,1,1,3.33
@zag-js/marquee,1,1,1,3.33
@zag-js/menu,1,1,1,3.33
@zag-js/navigation-menu,1,1,1,3.33
@zag-js/number-input,1,1,1,3.33
@zag-js/pagination,1,1,1,3.33
@zag-js/password-input,1,1,1,3.33
@zag-js/pin-input,1,1,1,3.33
@zag-js/popover,1,1,1,3.33
@zag-js/popper,1,1,1,3.33
@zag-js/presence,1,1,1,3.33
@zag-js/progress,1,1,1,3.33
@zag-js/qr-code,1,1,1,3.33
@zag-js/radio-group,1,1,1,3.33
@zag-js/rating-group,1,1,1,3.33
@zag-js/react,1,1,1,3.33
@zag-js/rect-utils,1,1,1,3.33
@zag-js/remove-scroll,1,1,1,3.33
@zag-js/scroll-area,1,1,1,3.33
@zag-js/scroll-snap,1,1,1,3.33
@zag-js/select,1,1,1,3.33
@zag-js/signature-pad,1,1,1,3.33
@zag-js/slider,1,1,1,3.33
@zag-js/splitter,1,1,1,3.33
@zag-js/steps,1,1,1,3.33
@zag-js/store,1,1,1,3.33
@zag-js/switch,1,1,1,3.33
@zag-js/tabs,1,1,1,3.33
@zag-js/tags-input,1,1,1,3.33
@zag-js/timer,1,1,1,3.33
@zag-js/toast,1,1,1,3.33
@zag-js/toc,1,1,1,3.33
@zag-js/toggle,1,1,1,3.33
@zag-js/toggle-group,1,1,1,3.33
@zag-js/tooltip,1,1,1,3.33
@zag-js/tour,1,1,1,3.33
@zag-js/tree-view,1,1,1,3.33
@zag-js/types,1,1,1,3.33
@zag-js/utils,1,1,1,3.33
@zeit/dns-cached-resolve,1,1,1,3.33
@zeit/fetch,1,1,1,3.33
@zeit/fetch-cached-dns,1,1,1,3.33
@zeit/fetch-retry,1,1,1,3.33
@zeit/react-jsx-parser,1,1,1,3.33
@zeit/schemas,1,1,1,3.33
@zod/core,1,1,1,3.33
@zod/mini,1,1,1,3.33
abstract-logging,1,1,1,3.33
acorn-node,1,1,1,3.33
ajv-i18n,1,1,1,3.33
algoliasearch-helper,1,1,1,3.33
ally.js,1,1,1,3.33
alphanum-sort,1,1,1,3.33
ansi-fragments,1,1,1,3.33
ansi-html,1,1,1,3.33
apache-md5,1,1,1,3.33
app-builder-lib,1,1,1,3.33
appdirsjs,1,1,1,3.33
archive-type,1,1,1,3.33
are-docs-informative,1,1,1,3.33
arity-n,1,1,1,3.33
array-each,1,1,1,3.33
array-filter,1,1,1,3.33
array-find-index,1,1,1,3.33
array-iterate,1,1,1,3.33
array-map,1,1,1,3.33
array-push-at-sort-position,1,1,1,3.33
array-reduce,1,1,1,3.33
array-slice,1,1,1,3.33
array-uniq,1,1,1,3.33
array.prototype.findlastindex,1,1,1,3.33
array.prototype.reduce,1,1,1,3.33
arrify,1,1,1,3.33
as-typed,1,1,1,3.33
async-each,1,1,1,3.33
async-exit-hook,1,1,1,3.33
async-mutex,1,1,1,3.33
atomically,1,1,1,3.33
autocannon,1,1,1,3.33
autocomplete.js,1,1,1,3.33
avvio,1,1,1,3.33
await-lock,1,1,1,3.33
awaitqueue,1,1,1,3.33
aws4fetch,1,1,1,3.33
babel-code-frame,1,1,1,3.33
babel-extract-comments,1,1,1,3.33
babel-plugin-apply-mdx-type-prop,1,1,1,3.33
babel-plugin-extract-import-names,1,1,1,3.33
babel-plugin-named-asset-import,1,1,1,3.33
babel-plugin-syntax-object-rest-spread,1,1,1,3.33
babel-plugin-transform-define,1,1,1,3.33
babel-plugin-transform-object-rest-spread,1,1,1,3.33
babel-plugin-transform-react-remove-prop-types,1,1,1,3.33
babel-plugin-vue-jsx-hmr,1,1,1,3.33
babel-preset-react-app,1,1,1,3.33
babel-runtime,1,1,1,3.33
babylon,1,1,1,3.33
base16,1,1,1,3.33
basic-auth,1,1,1,3.33
basic-ftp,1,1,1,3.33
bcryptjs,1,1,1,3.33
better-ajv-errors,1,1,1,3.33
better-result,1,1,1,3.33
bin-build,1,1,1,3.33
bin-check,1,1,1,3.33
bin-version,1,1,1,3.33
bin-version-check,1,1,1,3.33
bin-wrapper,1,1,1,3.33
binary-decision-diagram,1,1,1,3.33
binary-search-bounds,1,1,1,3.33
bits-ui,1,1,1,3.33
body-scroll-lock,1,1,1,3.33
bonjour,1,1,1,3.33
bowser,1,1,1,3.33
browser-fs-access,1,1,1,3.33
browser-sandbox-vue-ssr-fixture,1,1,1,3.33
btoa,1,1,1,3.33
buble,1,1,1,3.33
buffer-alloc,1,1,1,3.33
buffer-alloc-unsafe,1,1,1,3.33
buffer-fill,1,1,1,3.33
buffer-indexof,1,1,1,3.33
buildcheck,1,1,1,3.33
builder-util,1,1,1,3.33
builder-util-runtime,1,1,1,3.33
byte-counter,1,1,1,3.33
cache-content-type,1,1,1,3.33
call-me-maybe,1,1,1,3.33
camelcase-keys,1,1,1,3.33
camera-controls,1,1,1,3.33
caniuse-api,1,1,1,3.33
case-sensitive-paths-webpack-plugin,1,1,1,3.33
caw,1,1,1,3.33
chai-a11y-axe,1,1,1,3.33
char-spinner,1,1,1,3.33
charenc,1,1,1,3.33
chart.js,1,1,1,3.33
chromium-bidi,1,1,1,3.33
chromium-pickle-js,1,1,1,3.33
chunk-data,1,1,1,3.33
clipanion,1,1,1,3.33
clipboard,1,1,1,3.33
co,1,1,1,3.33
co-body,1,1,1,3.33
coa,1,1,1,3.33
code-red,1,1,1,3.33
codemirror,1,1,1,3.33
collapse-white-space,1,1,1,3.33
comlink,1,1,1,3.33
commonmark,1,1,1,3.33
commonmark-spec,1,1,1,3.33
compare-version,1,1,1,3.33
complain,1,1,1,3.33
component-props,1,1,1,3.33
component-xor,1,1,1,3.33
compose-function,1,1,1,3.33
compute-scroll-into-view,1,1,1,3.33
console-stream,1,1,1,3.33
convex-helpers,1,1,1,3.33
convex-solidjs,1,1,1,3.33
cookies,1,1,1,3.33
copy-to-clipboard,1,1,1,3.33
cpu-features,1,1,1,3.33
create-react-context,1,1,1,3.33
crelt,1,1,1,3.33
cross-argv,1,1,1,3.33
cross-dirname,1,1,1,3.33
crypt,1,1,1,3.33
crypto-js,1,1,1,3.33
cspell-config-lib,1,1,1,3.33
cspell-dictionary,1,1,1,3.33
cspell-glob,1,1,1,3.33
cspell-grammar,1,1,1,3.33
cspell-io,1,1,1,3.33
cspell-lib,1,1,1,3.33
cspell-trie-lib,1,1,1,3.33
css,1,1,1,3.33
css-blank-pseudo,1,1,1,3.33
css-color-names,1,1,1,3.33
css-declaration-sorter,1,1,1,3.33
css-has-pseudo,1,1,1,3.33
css-prefers-color-scheme,1,1,1,3.33
css-select-base-adapter,1,1,1,3.33
css-unit-converter,1,1,1,3.33
css-vendor,1,1,1,3.33
cssdb,1,1,1,3.33
cssfilter,1,1,1,3.33
cssnano,1,1,1,3.33
cssnano-preset-default,1,1,1,3.33
cssnano-util-get-arguments,1,1,1,3.33
cssnano-util-get-match,1,1,1,3.33
cssnano-util-raw-cache,1,1,1,3.33
cssnano-util-same-parent,1,1,1,3.33
currently-unhandled,1,1,1,3.33
custom-event,1,1,1,3.33
custom-idle-queue,1,1,1,3.33
cwebp-bin,1,1,1,3.33
d,1,1,1,3.33
d3-voronoi,1,1,1,3.33
date-fns-jalali,1,1,1,3.33
date-format,1,1,1,3.33
decode-formdata,1,1,1,3.33
decompress,1,1,1,3.33
decompress-tar,1,1,1,3.33
decompress-tarbz2,1,1,1,3.33
decompress-targz,1,1,1,3.33
decompress-unzip,1,1,1,3.33
deep-object-diff,1,1,1,3.33
defekt,1,1,1,3.33
defer-to-connect,1,1,1,3.33
defined,1,1,1,3.33
degenerator,1,1,1,3.33
del,1,1,1,3.33
delay,1,1,1,3.33
delegate,1,1,1,3.33
delegates,1,1,1,3.33
demo,1,1,1,3.33
detab,1,1,1,3.33
detect-file,1,1,1,3.33
detect-gpu,1,1,1,3.33
detect-port-alt,1,1,1,3.33
detective,1,1,1,3.33
dettle,1,1,1,3.33
devtools-protocol,1,1,1,3.33
di,1,1,1,3.33
didyoumean,1,1,1,3.33
diff-sequences,1,1,1,3.33
dir-compare,1,1,1,3.33
discord-interactions,1,1,1,3.33
dmg-builder,1,1,1,3.33
dnd-kit-vue,1,1,1,3.33
dns-equal,1,1,1,3.33
dns-txt,1,1,1,3.33
docker-modem,1,1,1,3.33
dockerfile-ast,1,1,1,3.33
dockerode,1,1,1,3.33
docsearch.js,1,1,1,3.33
dom-iterator,1,1,1,3.33
dom-serialize,1,1,1,3.33
dom-walk,1,1,1,3.33
dotenv-cli,1,1,1,3.33
dotenv-load,1,1,1,3.33
draco3d,1,1,1,3.33
draftlog,1,1,1,3.33
duplexer2,1,1,1,3.33
duplexer3,1,1,1,3.33
e2b,1,1,1,3.33
easy-table,1,1,1,3.33
echarts,1,1,1,3.33
electron-builder,1,1,1,3.33
electron-builder-squirrel-windows,1,1,1,3.33
electron-publish,1,1,1,3.33
electron-updater,1,1,1,3.33
electron-winstaller,1,1,1,3.33
elementtree,1,1,1,3.33
elkjs,1,1,1,3.33
ember-eslint-parser,1,1,1,3.33
emoticon,1,1,1,3.33
ent,1,1,1,3.33
envify,1,1,1,3.33
errorhandler,1,1,1,3.33
errorstacks,1,1,1,3.33
es-abstract-get,1,1,1,3.33
es-array-method-boxes-properly,1,1,1,3.33
es-toolkit,1,1,1,3.33
es5-ext,1,1,1,3.33
es6-iterator,1,1,1,3.33
es6-promise,1,1,1,3.33
es6-symbol,1,1,1,3.33
esbuild-plugin-browserslist,1,1,1,3.33
esbuild-plugin-replace,1,1,1,3.33
esbuild-plugin-vue3,1,1,1,3.33
esbuild-plugins-node-modules-polyfill,1,1,1,3.33
eslint-config-expo,1,1,1,3.33
eslint-loader,1,1,1,3.33
eslint-module-utils,1,1,1,3.33
eslint-plugin-ember,1,1,1,3.33
eslint-plugin-expo,1,1,1,3.33
eslint-plugin-import,1,1,1,3.33
eslint-plugin-jsdoc,1,1,1,3.33
eslint-utils,1,1,1,3.33
estree-util-attach-comments,1,1,1,3.33
estree-util-build-jsx,1,1,1,3.33
estree-util-to-js,1,1,1,3.33
estree-util-value-to-estree,1,1,1,3.33
estree-util-visit,1,1,1,3.33
eval,1,1,1,3.33
event-reduce-js,1,1,1,3.33
exec-buffer,1,1,1,3.33
executable,1,1,1,3.33
expect,1,1,1,3.33
expo-haptics,1,1,1,3.33
expo-image,1,1,1,3.33
expo-splash-screen,1,1,1,3.33
expo-symbols,1,1,1,3.33
expo-system-ui,1,1,1,3.33
expo-web-browser,1,1,1,3.33
ext,1,1,1,3.33
ext-list,1,1,1,3.33
ext-name,1,1,1,3.33
external-editor,1,1,1,3.33
fake-indexeddb,1,1,1,3.33
fast-content-type-parse,1,1,1,3.33
fast-diff,1,1,1,3.33
fast-json-patch,1,1,1,3.33
fast-json-stringify,1,1,1,3.33
fast-safe-stringify,1,1,1,3.33
fast-url-parser,1,1,1,3.33
fast-xml-parser,1,1,1,3.33
fastify,1,1,1,3.33
fault,1,1,1,3.33
fengari,1,1,1,3.33
fengari-interop,1,1,1,3.33
figma-squircle,1,1,1,3.33
file-selector,1,1,1,3.33
filename-reserved-regex,1,1,1,3.33
filenamify,1,1,1,3.33
find-my-way-ts,1,1,1,3.33
find-versions,1,1,1,3.33
find-yarn-workspace-root2,1,1,1,3.33
findup-sync,1,1,1,3.33
fined,1,1,1,3.33
firebase,1,1,1,3.33
flagged-respawn,1,1,1,3.33
flatten,1,1,1,3.33
flow-estree,1,1,1,3.33
font-awesome,1,1,1,3.33
foreach,1,1,1,3.33
fork-ts-checker-webpack-plugin,1,1,1,3.33
format,1,1,1,3.33
framesync,1,1,1,3.33
fuse.js,1,1,1,3.33
generate-object-property,1,1,1,3.33
generic-names,1,1,1,3.33
generic-pool,1,1,1,3.33
gensequence,1,1,1,3.33
geojson,1,1,1,3.33
get-browser-rtc,1,1,1,3.33
get-graphql-from-jsonschema,1,1,1,3.33
get-own-enumerable-property-symbols,1,1,1,3.33
get-proxy,1,1,1,3.33
get-stdin,1,1,1,3.33
get-uri,1,1,1,3.33
gifenc,1,1,1,3.33
gl-matrix,1,1,1,3.33
global,1,1,1,3.33
global-directory,1,1,1,3.33
glsl-noise,1,1,1,3.33
good-listener,1,1,1,3.33
graphmatch,1,1,1,3.33
graphql-request,1,1,1,3.33
graphql-ws,1,1,1,3.33
gtoken,1,1,1,3.33
gud,1,1,1,3.33
har-schema,1,1,1,3.33
har-validator,1,1,1,3.33
harmony-reflect,1,1,1,3.33
has-ansi,1,1,1,3.33
has-async-hooks,1,1,1,3.33
has-own-prop,1,1,1,3.33
has-package-exports,1,1,1,3.33
has-symbol-support-x,1,1,1,3.33
has-to-string-tag-x,1,1,1,3.33
hast-to-hyperscript,1,1,1,3.33
hast-util-embedded,1,1,1,3.33
hast-util-has-property,1,1,1,3.33
hast-util-is-body-ok-link,1,1,1,3.33
hast-util-phrasing,1,1,1,3.33
hast-util-to-estree,1,1,1,3.33
hdr-histogram-js,1,1,1,3.33
hdr-histogram-percentiles-obj,1,1,1,3.33
hex-color-regex,1,1,1,3.33
hex-rgb,1,1,1,3.33
highlight-words,1,1,1,3.33
hsl-regex,1,1,1,3.33
hsla-regex,1,1,1,3.33
html-comment-regex,1,1,1,3.33
html-whitespace-sensitive-tag-names,1,1,1,3.33
http-assert,1,1,1,3.33
human-format,1,1,1,3.33
humanize-ms,1,1,1,3.33
hyperid,1,1,1,3.33
idb,1,1,1,3.33
identity-obj-proxy,1,1,1,3.33
image-meta,1,1,1,3.33
imagemin-mozjpeg,1,1,1,3.33
imagemin-optipng,1,1,1,3.33
imagemin-webp,1,1,1,3.33
img-loader,1,1,1,3.33
import-cwd,1,1,1,3.33
import-from,1,1,1,3.33
indexes-of,1,1,1,3.33
inflation,1,1,1,3.33
input-otp,1,1,1,3.33
installed-esbuild-wasm-probe,1,1,1,3.33
installed-vitest-probe,1,1,1,3.33
instantsearch-ui-components,1,1,1,3.33
instantsearch.js,1,1,1,3.33
intersection-observer,1,1,1,3.33
interval-tree-1d,1,1,1,3.33
into-stream,1,1,1,3.33
ioredis-mock,1,1,1,3.33
ip,1,1,1,3.33
ipx,1,1,1,3.33
iron-session,1,1,1,3.33
is-absolute,1,1,1,3.33
is-alphanumeric,1,1,1,3.33
is-color-stop,1,1,1,3.33
is-cwebp-readable,1,1,1,3.33
is-document.all,1,1,1,3.33
is-finite,1,1,1,3.33
is-in-browser,1,1,1,3.33
is-ip,1,1,1,3.33
is-jpg,1,1,1,3.33
is-my-ip-valid,1,1,1,3.33
is-my-json-valid,1,1,1,3.33
is-nan,1,1,1,3.33
is-natural-number,1,1,1,3.33
is-object,1,1,1,3.33
is-path-cwd,1,1,1,3.33
is-path-in-cwd,1,1,1,3.33
is-png,1,1,1,3.33
is-regexp,1,1,1,3.33
is-relative,1,1,1,3.33
is-resolvable,1,1,1,3.33
is-retry-allowed,1,1,1,3.33
is-safe-filename,1,1,1,3.33
is-svg,1,1,1,3.33
is-unc-path,1,1,1,3.33
is-utf8,1,1,1,3.33
is-whitespace-character,1,1,1,3.33
is-word-character,1,1,1,3.33
isoformat,1,1,1,3.33
isolated-native-rolldown-probe,1,1,1,3.33
isolated-vm,1,1,1,3.33
isomorphic-fetch,1,1,1,3.33
isomorphic-unfetch,1,1,1,3.33
isomorphic-ws,1,1,1,3.33
isurl,1,1,1,3.33
its-fine,1,1,1,3.33
javascript-stringify,1,1,1,3.33
jeep-sqlite,1,1,1,3.33
jest-environment-jsdom-fourteen,1,1,1,3.33
jest-matcher-utils,1,1,1,3.33
jest-snapshot,1,1,1,3.33
jest-watch-typeahead,1,1,1,3.33
js-sha256,1,1,1,3.33
jsdoc-type-pratt-parser,1,1,1,3.33
json-schema-ref-resolver,1,1,1,3.33
json-schema-to-typescript,1,1,1,3.33
json-with-bigint,1,1,1,3.33
json3,1,1,1,3.33
jsonlines,1,1,1,3.33
jsonschema-key-compression,1,1,1,3.33
jss,1,1,1,3.33
jss-plugin-camel-case,1,1,1,3.33
jss-plugin-default-unit,1,1,1,3.33
jss-plugin-global,1,1,1,3.33
jss-plugin-nested,1,1,1,3.33
jss-plugin-props-sort,1,1,1,3.33
jss-plugin-rule-value-function,1,1,1,3.33
jss-plugin-vendor-prefixer,1,1,1,3.33
karma,1,1,1,3.33
karma-chrome-launcher,1,1,1,3.33
karma-coverage,1,1,1,3.33
karma-jasmine,1,1,1,3.33
karma-jasmine-html-reporter,1,1,1,3.33
keygrip,1,1,1,3.33
kiira,1,1,1,3.33
kiira-core,1,1,1,3.33
killable,1,1,1,3.33
koa,1,1,1,3.33
koa-compose,1,1,1,3.33
koa-convert,1,1,1,3.33
koa-etag,1,1,1,3.33
koa-send,1,1,1,3.33
koa-static,1,1,1,3.33
ky,1,1,1,3.33
language-subtag-registry,1,1,1,3.33
language-tags,1,1,1,3.33
lasso-caching-fs,1,1,1,3.33
lasso-package-root,1,1,1,3.33
last-call-webpack-plugin,1,1,1,3.33
lazy-val,1,1,1,3.33
left-pad,1,1,1,3.33
liftoff,1,1,1,3.33
light-my-request,1,1,1,3.33
lightningcss-wasm,1,1,1,3.33
lint-staged,1,1,1,3.33
livekit-client,1,1,1,3.33
load-script,1,1,1,3.33
load-yaml-file,1,1,1,3.33
loader-fs-cache,1,1,1,3.33
lockfile,1,1,1,3.33
lodash._reinterpolate,1,1,1,3.33
lodash.chunk,1,1,1,3.33
lodash.clonedeep,1,1,1,3.33
lodash.curry,1,1,1,3.33
lodash.escaperegexp,1,1,1,3.33
lodash.flatten,1,1,1,3.33
lodash.isequal,1,1,1,3.33
lodash.kebabcase,1,1,1,3.33
lodash.sortby,1,1,1,3.33
lodash.template,1,1,1,3.33
lodash.templatesettings,1,1,1,3.33
lodash.toarray,1,1,1,3.33
lodash.uniq,1,1,1,3.33
log4js,1,1,1,3.33
logalot,1,1,1,3.33
logkitty,1,1,1,3.33
longest,1,1,1,3.33
loud-rejection,1,1,1,3.33
lowdb,1,1,1,3.33
lowlight,1,1,1,3.33
lpad-align,1,1,1,3.33
lucide-solid,1,1,1,3.33
lucide-svelte,1,1,1,3.33
maath,1,1,1,3.33
machina,1,1,1,3.33
mamacro,1,1,1,3.33
manage-path,1,1,1,3.33
markdown-escapes,1,1,1,3.33
markdown-extensions,1,1,1,3.33
markdown-to-jsx,1,1,1,3.33
markdown-wasm,1,1,1,3.33
marked-highlight,1,1,1,3.33
marko,1,1,1,3.33
mathml-tag-names,1,1,1,3.33
md5,1,1,1,3.33
mdast-squeeze-paragraphs,1,1,1,3.33
mdast-util-compact,1,1,1,3.33
mdast-util-frontmatter,1,1,1,3.33
mdast-util-mdx,1,1,1,3.33
mdast-util-toc,1,1,1,3.33
media-query-parser,1,1,1,3.33
merge-deep,1,1,1,3.33
meshline,1,1,1,3.33
microevent.ts,1,1,1,3.33
micromark-extension-frontmatter,1,1,1,3.33
micromark-extension-mdx-expression,1,1,1,3.33
micromark-extension-mdx-jsx,1,1,1,3.33
micromark-extension-mdx-md,1,1,1,3.33
micromark-extension-mdxjs,1,1,1,3.33
micromark-extension-mdxjs-esm,1,1,1,3.33
micromark-factory-mdx-expression,1,1,1,3.33
micromark-util-events-to-acorn,1,1,1,3.33
min-document,1,1,1,3.33
mingo,1,1,1,3.33
mini-create-react-context,1,1,1,3.33
mini-svg-data-uri,1,1,1,3.33
mixin-object,1,1,1,3.33
mobx,1,1,1,3.33
mobx-react,1,1,1,3.33
mobx-react-lite,1,1,1,3.33
mobx-state-tree,1,1,1,3.33
modern-ahocorasick,1,1,1,3.33
morgan,1,1,1,3.33
motion,1,1,1,3.33
mozjpeg,1,1,1,3.33
mp4box,1,1,1,3.33
multicast-dns-service-types,1,1,1,3.33
multipasta,1,1,1,3.33
murmurhash-js,1,1,1,3.33
nanocolors,1,1,1,3.33
napi-wasm,1,1,1,3.33
native-run,1,1,1,3.33
native-url,1,1,1,3.33
netlify-redirector,1,1,1,3.33
netmask,1,1,1,3.33
next-images,1,1,1,3.33
next-optimized-images,1,1,1,3.33
next-themes,1,1,1,3.33
next-tick,1,1,1,3.33
nice-try,1,1,1,3.33
nocache,1,1,1,3.33
normalize-html-whitespace,1,1,1,3.33
normalize-wheel,1,1,1,3.33
normalize.css,1,1,1,3.33
npm-conf,1,1,1,3.33
npm-run-all,1,1,1,3.33
npm-run-all2,1,1,1,3.33
num2fraction,1,1,1,3.33
oauth-sign,1,1,1,3.33
oauth4webapi,1,1,1,3.33
object-deep-merge,1,1,1,3.33
object.defaults,1,1,1,3.33
object.groupby,1,1,1,3.33
on-net-listen,1,1,1,3.33
only,1,1,1,3.33
openapi-fetch,1,1,1,3.33
openapi-typescript-helpers,1,1,1,3.33
opener,1,1,1,3.33
optimize-css-assets-webpack-plugin,1,1,1,3.33
optipng-bin,1,1,1,3.33
original,1,1,1,3.33
os-filter-obj,1,1,1,3.33
os-homedir,1,1,1,3.33
os-paths,1,1,1,3.33
os-tmpdir,1,1,1,3.33
oxlint-plugin-eslint,1,1,1,3.33
p-is-promise,1,1,1,3.33
p-map-series,1,1,1,3.33
p-reduce,1,1,1,3.33
pac-proxy-agent,1,1,1,3.33
pac-resolver,1,1,1,3.33
package-up,1,1,1,3.33
parse-filepath,1,1,1,3.33
parse-imports,1,1,1,3.33
parse-imports-exports,1,1,1,3.33
parse-latin,1,1,1,3.33
parse-node-args,1,1,1,3.33
parse-statements,1,1,1,3.33
path-dirname,1,1,1,3.33
path-is-inside,1,1,1,3.33
pe-library,1,1,1,3.33
perfect-freehand,1,1,1,3.33
pg-gateway,1,1,1,3.33
pg-numeric,1,1,1,3.33
picoquery,1,1,1,3.33
pinkie,1,1,1,3.33
pinkie-promise,1,1,1,3.33
pixelmatch,1,1,1,3.33
pkg-pr-new,1,1,1,3.33
pnp-webpack-plugin,1,1,1,3.33
popmotion,1,1,1,3.33
popper.js,1,1,1,3.33
portfinder,1,1,1,3.33
postal-mime,1,1,1,3.33
postcss-attribute-case-insensitive,1,1,1,3.33
postcss-browser-comments,1,1,1,3.33
postcss-calc,1,1,1,3.33
postcss-color-functional-notation,1,1,1,3.33
postcss-color-gray,1,1,1,3.33
postcss-color-hex-alpha,1,1,1,3.33
postcss-color-mod-function,1,1,1,3.33
postcss-color-rebeccapurple,1,1,1,3.33
postcss-colormin,1,1,1,3.33
postcss-convert-values,1,1,1,3.33
postcss-custom-media,1,1,1,3.33
postcss-custom-properties,1,1,1,3.33
postcss-custom-selectors,1,1,1,3.33
postcss-dir-pseudo-class,1,1,1,3.33
postcss-discard-comments,1,1,1,3.33
postcss-discard-empty,1,1,1,3.33
postcss-discard-overridden,1,1,1,3.33
postcss-double-position-gradients,1,1,1,3.33
postcss-env-function,1,1,1,3.33
postcss-flexbugs-fixes,1,1,1,3.33
postcss-focus-visible,1,1,1,3.33
postcss-focus-within,1,1,1,3.33
postcss-font-variant,1,1,1,3.33
postcss-functions,1,1,1,3.33
postcss-gap-properties,1,1,1,3.33
postcss-image-set-function,1,1,1,3.33
postcss-import,1,1,1,3.33
postcss-initial,1,1,1,3.33
postcss-lab-function,1,1,1,3.33
postcss-logical,1,1,1,3.33
postcss-media-minmax,1,1,1,3.33
postcss-merge-longhand,1,1,1,3.33
postcss-merge-rules,1,1,1,3.33
postcss-minify-font-values,1,1,1,3.33
postcss-minify-gradients,1,1,1,3.33
postcss-minify-params,1,1,1,3.33
postcss-minify-selectors,1,1,1,3.33
postcss-modules,1,1,1,3.33
postcss-nesting,1,1,1,3.33
postcss-normalize,1,1,1,3.33
postcss-normalize-charset,1,1,1,3.33
postcss-normalize-display-values,1,1,1,3.33
postcss-normalize-positions,1,1,1,3.33
postcss-normalize-repeat-style,1,1,1,3.33
postcss-normalize-string,1,1,1,3.33
postcss-normalize-timing-functions,1,1,1,3.33
postcss-normalize-unicode,1,1,1,3.33
postcss-normalize-url,1,1,1,3.33
postcss-normalize-whitespace,1,1,1,3.33
postcss-ordered-values,1,1,1,3.33
postcss-overflow-shorthand,1,1,1,3.33
postcss-page-break,1,1,1,3.33
postcss-place,1,1,1,3.33
postcss-preset-env,1,1,1,3.33
postcss-pseudo-class-any-link,1,1,1,3.33
postcss-reduce-initial,1,1,1,3.33
postcss-reduce-transforms,1,1,1,3.33
postcss-replace-overflow-wrap,1,1,1,3.33
postcss-selector-matches,1,1,1,3.33
postcss-selector-not,1,1,1,3.33
postcss-svgo,1,1,1,3.33
postcss-unique-selectors,1,1,1,3.33
postgres-range,1,1,1,3.33
postject,1,1,1,3.33
potpack,1,1,1,3.33
pprof-format,1,1,1,3.33
preact-router,1,1,1,3.33
preferred-pm,1,1,1,3.33
prettier-plugin-astro,1,1,1,3.33
pretty-hrtime,1,1,1,3.33
prism-react-renderer,1,1,1,3.33
promise-limit,1,1,1,3.33
promise-worker-transferable,1,1,1,3.33
prop-types-exact,1,1,1,3.33
proxy-agent,1,1,1,3.33
proxy-compare,1,1,1,3.33
proxy-memoize,1,1,1,3.33
pseudomap,1,1,1,3.33
puppeteer,1,1,1,3.33
puppeteer-core,1,1,1,3.33
purgecss,1,1,1,3.33
pyodide,1,1,1,3.33
q,1,1,1,3.33
qjobs,1,1,1,3.33
querystring,1,1,1,3.33
quickjs-bun,1,1,1,3.33
quickjs-emscripten,1,1,1,3.33
railway,1,1,1,3.33
ramda,1,1,1,3.33
raptor-async,1,1,1,3.33
raptor-regexp,1,1,1,3.33
raptor-util,1,1,1,3.33
raw-loader,1,1,1,3.33
react-app-polyfill,1,1,1,3.33
react-base16-styling,1,1,1,3.33
react-charts,1,1,1,3.33
react-colorful,1,1,1,3.33
react-draggable,1,1,1,3.33
react-easy-crop,1,1,1,3.33
react-error-boundary,1,1,1,3.33
react-icons,1,1,1,3.33
react-instantsearch,1,1,1,3.33
react-instantsearch-core,1,1,1,3.33
react-intersection-observer,1,1,1,3.33
react-json-tree,1,1,1,3.33
react-live,1,1,1,3.33
react-markdown,1,1,1,3.33
react-native-edge-to-edge,1,1,1,3.33
react-native-paper,1,1,1,3.33
react-pprof,1,1,1,3.33
react-resizable,1,1,1,3.33
react-scripts,1,1,1,3.33
react-server-dom-rspack,1,1,1,3.33
react-simple-code-editor,1,1,1,3.33
react-smooth,1,1,1,3.33
react-textarea-autosize,1,1,1,3.33
react-tweet,1,1,1,3.33
react-use-measure,1,1,1,3.33
react-virtuoso,1,1,1,3.33
react-window,1,1,1,3.33
read-cache,1,1,1,3.33
read-package-json-fast,1,1,1,3.33
read-pkg-up,1,1,1,3.33
readline-sync,1,1,1,3.33
recharts-scale,1,1,1,3.33
reconnecting-websocket,1,1,1,3.33
recursive-readdir,1,1,1,3.33
redact-benchmark-reference,1,1,1,3.33
redaxios,1,1,1,3.33
redis,1,1,1,3.33
reduce,1,1,1,3.33
reduce-configs,1,1,1,3.33
reduce-css-calc,1,1,1,3.33
reflect.ownkeys,1,1,1,3.33
regexp-to-ast,1,1,1,3.33
regexparam,1,1,1,3.33
registry-auth-token,1,1,1,3.33
registry-url,1,1,1,3.33
rehackt,1,1,1,3.33
rehype,1,1,1,3.33
rehype-format,1,1,1,3.33
rehype-highlight,1,1,1,3.33
rehype-minify-whitespace,1,1,1,3.33
rehype-parse,1,1,1,3.33
reinterval,1,1,1,3.33
reka-ui,1,1,1,3.33
remark,1,1,1,3.33
remark-autolink-headings,1,1,1,3.33
remark-emoji,1,1,1,3.33
remark-footnotes,1,1,1,3.33
remark-frontmatter,1,1,1,3.33
remark-github,1,1,1,3.33
remark-images,1,1,1,3.33
remark-mdx-frontmatter,1,1,1,3.33
remark-slug,1,1,1,3.33
remark-smartypants,1,1,1,3.33
remark-squeeze-paragraphs,1,1,1,3.33
remark-toc,1,1,1,3.33
remark-unwrap-images,1,1,1,3.33
remix,1,1,1,3.33
remove-markdown,1,1,1,3.33
repeating,1,1,1,3.33
request,1,1,1,3.33
require-like,1,1,1,3.33
requireindex,1,1,1,3.33
resedit,1,1,1,3.33
resend,1,1,1,3.33
reserved-identifiers,1,1,1,3.33
resolve-dir,1,1,1,3.33
resolve-path,1,1,1,3.33
resolve-pathname,1,1,1,3.33
resolve-sync,1,1,1,3.33
retext,1,1,1,3.33
retext-latin,1,1,1,3.33
retext-stringify,1,1,1,3.33
retimer,1,1,1,3.33
rework,1,1,1,3.33
rework-visit,1,1,1,3.33
rgb-regex,1,1,1,3.33
rgba-regex,1,1,1,3.33
robot3,1,1,1,3.33
rollup-plugin-copy-assets,1,1,1,3.33
rooks,1,1,1,3.33
rosie-skills,1,1,1,3.33
rosie-skills-darwin-arm64,1,1,1,3.33
rosie-skills-freebsd-x64,1,1,1,3.33
rosie-skills-linux-x64,1,1,1,3.33
rspack-vue-loader,1,1,1,3.33
runed,1,1,1,3.33
rxdb,1,1,1,3.33
s.color,1,1,1,3.33
sandbox-astro-wasi-fixture,1,1,1,3.33
sandbox-cli-detector,1,1,1,3.33
sandbox-compiler-wasi-fixture,1,1,1,3.33
sandbox-express-acceptance,1,1,1,3.33
sandbox-lightningcss-wasm-fixture,1,1,1,3.33
sandbox-start-vite8-wasm-fixture,1,1,1,3.33
sandbox-sveltekit-reference,1,1,1,3.33
sandbox-vite-rolldown-wasm-fixture,1,1,1,3.33
sandbox-workload-fixtures,1,1,1,3.33
sanitize.css,1,1,1,3.33
sass-formatter,1,1,1,3.33
scroll-into-view-if-needed,1,1,1,3.33
sdp,1,1,1,3.33
sdp-transform,1,1,1,3.33
search-insights,1,1,1,3.33
secure-json-parse,1,1,1,3.33
seek-bzip,1,1,1,3.33
select,1,1,1,3.33
self-closing-tags,1,1,1,3.33
semver-truncate,1,1,1,3.33
serve,1,1,1,3.33
serve-handler,1,1,1,3.33
shelljs,1,1,1,3.33
simple-icons,1,1,1,3.33
simple-peer,1,1,1,3.33
simple-update-notifier,1,1,1,3.33
slashes,1,1,1,3.33
snake-case,1,1,1,3.33
solid-markdown,1,1,1,3.33
solid-motionone,1,1,1,3.33
sonda,1,1,1,3.33
sonner,1,1,1,3.33
sort-by,1,1,1,3.33
sort-keys-length,1,1,1,3.33
source-map-explorer,1,1,1,3.33
split-ca,1,1,1,3.33
sqids,1,1,1,3.33
sqlite-wasm-kysely,1,1,1,3.33
squeak,1,1,1,3.33
ssh2,1,1,1,3.33
stable,1,1,1,3.33
start-authjs,1,1,1,3.33
stat-mode,1,1,1,3.33
state-toggle,1,1,1,3.33
stats-gl,1,1,1,3.33
stats.js,1,1,1,3.33
steno,1,1,1,3.33
stream-slice,1,1,1,3.33
streaming-markdown,1,1,1,3.33
streamroller,1,1,1,3.33
string.prototype.padend,1,1,1,3.33
string.prototype.trimleft,1,1,1,3.33
string.prototype.trimright,1,1,1,3.33
stringify-object,1,1,1,3.33
strip-comments,1,1,1,3.33
strip-dirs,1,1,1,3.33
strip-eof,1,1,1,3.33
strip-outer,1,1,1,3.33
strnum,1,1,1,3.33
stubborn-fs,1,1,1,3.33
stubborn-utils,1,1,1,3.33
style-mod,1,1,1,3.33
style-value-types,1,1,1,3.33
stylefire,1,1,1,3.33
stylehacks,1,1,1,3.33
suf-log,1,1,1,3.33
sugar-high,1,1,1,3.33
supports-esm,1,1,1,3.33
suspend-react,1,1,1,3.33
svelte-hmr,1,1,1,3.33
svelte-toolbelt,1,1,1,3.33
svg-parser,1,1,1,3.33
svg-tags,1,1,1,3.33
svix,1,1,1,3.33
swc-loader,1,1,1,3.33
swr,1,1,1,3.33
tailwind-variants,1,1,1,3.33
tailwindcss-animate,1,1,1,3.33
takumi-js,1,1,1,3.33
tanstack-router-react-example-basic-ssr-file-based,1,1,1,3.33
tanstack-start-example-basic,1,1,1,3.33
tanstack-start-example-counter,1,1,1,3.33
tanstack-start-streaming-data-from-server-functions,1,1,1,3.33
temp,1,1,1,3.33
temp-file,1,1,1,3.33
tempfile,1,1,1,3.33
temporal-polyfill,1,1,1,3.33
temporal-spec,1,1,1,3.33
tempy,1,1,1,3.33
three-mesh-bvh,1,1,1,3.33
three-stdlib,1,1,1,3.33
timed-out,1,1,1,3.33
timestring,1,1,1,3.33
timsort,1,1,1,3.33
tiny-async-pool,1,1,1,3.33
tiny-emitter,1,1,1,3.33
tiny-typed-emitter,1,1,1,3.33
to-factory,1,1,1,3.33
to-valid-identifier,1,1,1,3.33
toad-cache,1,1,1,3.33
toggle-selection,1,1,1,3.33
tomlify-j0.4,1,1,1,3.33
topojson-client,1,1,1,3.33
trailbase,1,1,1,3.33
traverse,1,1,1,3.33
trim,1,1,1,3.33
trim-newlines,1,1,1,3.33
trim-repeated,1,1,1,3.33
trim-trailing-lines,1,1,1,3.33
troika-three-text,1,1,1,3.33
troika-three-utils,1,1,1,3.33
troika-worker-utils,1,1,1,3.33
ts-toolbelt,1,1,1,3.33
tsconfig-resolver,1,1,1,3.33
tsscmp,1,1,1,3.33
tunnel-rat,1,1,1,3.33
tupleson,1,1,1,3.33
tw-fade,1,1,1,3.33
typanion,1,1,1,3.33
typed-emitter,1,1,1,3.33
typed-query-selector,1,1,1,3.33
ulid,1,1,1,3.33
unbzip2-stream,1,1,1,3.33
unc-path-regex,1,1,1,3.33
unescape,1,1,1,3.33
unfetch,1,1,1,3.33
uniq,1,1,1,3.33
uniqs,1,1,1,3.33
unist-builder,1,1,1,3.33
unist-util-modify-children,1,1,1,3.33
unist-util-position-from-estree,1,1,1,3.33
unist-util-remove,1,1,1,3.33
unist-util-visit-children,1,1,1,3.33
universal-user-agent,1,1,1,3.33
unix-crypt-td-js,1,1,1,3.33
unplugin-solid,1,1,1,3.33
unplugin-vue,1,1,1,3.33
unquote,1,1,1,3.33
untildify,1,1,1,3.33
unzipper,1,1,1,3.33
upath,1,1,1,3.33
update-check,1,1,1,3.33
uploadthing,1,1,1,3.33
url-to-options,1,1,1,3.33
us-atlas,1,1,1,3.33
use-composed-ref,1,1,1,3.33
use-latest,1,1,1,3.33
use-stick-to-bottom,1,1,1,3.33
use-subscription,1,1,1,3.33
utility-types,1,1,1,3.33
uuid-parse,1,1,1,3.33
v8-to-istanbul,1,1,1,3.33
v8flags,1,1,1,3.33
value-equal,1,1,1,3.33
vaul,1,1,1,3.33
vendors,1,1,1,3.33
verdaccio,1,1,1,3.33
verdaccio-audit,1,1,1,3.33
verdaccio-htpasswd,1,1,1,3.33
versionless-control,1,1,1,3.33
virtua,1,1,1,3.33
vite-bundle-analyzer,1,1,1,3.33
vite-dev-rpc,1,1,1,3.33
vite-hot-client,1,1,1,3.33
vite-plugin-inspect,1,1,1,3.33
vite-plugin-mkcert,1,1,1,3.33
vitest-evals,1,1,1,3.33
vitest-fetch-mock,1,1,1,3.33
void-elements,1,1,1,3.33
volar-service-css,1,1,1,3.33
volar-service-emmet,1,1,1,3.33
volar-service-prettier,1,1,1,3.33
volar-service-typescript-twoslash-queries,1,1,1,3.33
volar-service-yaml,1,1,1,3.33
vscode-json-languageservice,1,1,1,3.33
vscode-oniguruma,1,1,1,3.33
vscode-textmate,1,1,1,3.33
vue-router,1,1,1,3.33
w3c-keyname,1,1,1,3.33
wait-on,1,1,1,3.33
warp10,1,1,1,3.33
wasm-brotli,1,1,1,3.33
webcrypto-core,1,1,1,3.33
webdriver-bidi-protocol,1,1,1,3.33
webgl-constants,1,1,1,3.33
webgl-sdf-generator,1,1,1,3.33
webp-loader,1,1,1,3.33
webpack-bundle-analyzer,1,1,1,3.33
webpack-log,1,1,1,3.33
webpack-manifest-plugin,1,1,1,3.33
webrtc-adapter,1,1,1,3.33
when-exit,1,1,1,3.33
which-pm,1,1,1,3.33
which-pm-runs,1,1,1,3.33
workbox-background-sync,1,1,1,3.33
workbox-broadcast-update,1,1,1,3.33
workbox-build,1,1,1,3.33
workbox-cacheable-response,1,1,1,3.33
workbox-core,1,1,1,3.33
workbox-expiration,1,1,1,3.33
workbox-google-analytics,1,1,1,3.33
workbox-navigation-preload,1,1,1,3.33
workbox-precaching,1,1,1,3.33
workbox-range-requests,1,1,1,3.33
workbox-routing,1,1,1,3.33
workbox-strategies,1,1,1,3.33
workbox-streams,1,1,1,3.33
workbox-sw,1,1,1,3.33
workbox-webpack-plugin,1,1,1,3.33
workbox-window,1,1,1,3.33
worker-installed-react,1,1,1,3.33
worker-installed-start,1,1,1,3.33
worker-installed-start-portable,1,1,1,3.33
worker-installed-start-wasm,1,1,1,3.33
worker-installed-sveltekit-wasm,1,1,1,3.33
worker-rpc,1,1,1,3.33
workspace-lock-probe,1,1,1,3.33
worktop,1,1,1,3.33
world-atlas,1,1,1,3.33
xdg-app-paths,1,1,1,3.33
xdg-basedir,1,1,1,3.33
xdg-portable,1,1,1,3.33
xss,1,1,1,3.33
xstate,1,1,1,3.33
yaml-language-server,1,1,1,3.33
ylru,1,1,1,3.33
z-schema,1,1,1,3.33
zepto,1,1,1,3.33
zrender,1,1,1,3.33
